1772885498280 0.7285852493891255 0
1772885498399 0.7417712441999634 1
1772885498512 0.7451815359763778 2
1772885498679 0.7485740448140432 3
1772885498791 0.7507292866263857 4
1772885498905 0.7524276772310751 5
1772885499022 0.7537068935873719 6
1772885499142 0.755233920750879 7
1772885499248 0.7559939953500493 8
1772885499363 0.7574557818155463 9
1772885499488 0.7589975109607926 10
1772885499611 0.7602443114189442 11
1772885499740 0.7615769291375301 12
1772885499894 0.7627126683038589 13
1772885500035 0.7637669429590984 14
1772885500165 0.7648321485269626 15
1772885500304 0.7657791091356531 16
1772885500432 0.7664655656169054 17
1772885500582 0.7673159940256753 18
1772885500710 0.7686333055943669 19
1772885500850 0.7693151172059057 20
1772885500975 0.7701484683737219 21
1772885501118 0.7708842400945501 22
1772885501255 0.7715045249667709 23
1772885501398 0.7723693200422841 24
1772885501525 0.7732855895321231 25
1772885501656 0.7742652195290802 26
1772885501770 0.775084875550756 27
1772885501878 0.7760954523832133 28
1772885501988 0.7771238436597795 29
1772885502101 0.7778109470585091 30
1772885502208 0.7784279132919416 31
1772885502329 0.7792515608089248 32
1772885502449 0.779992362366019 33
1772885502559 0.7806408915150272 34
1772885502663 0.7813275487177065 35
1772885502762 0.7821649104176376 36
1772885502868 0.7829486401983882 37
1772885502976 0.7837094209406593 38
1772885503093 0.7844554055190907 39
1772885503206 0.7851539630643363 40
1772885503317 0.7858531881224357 41
1772885503419 0.7864864511990393 42
1772885503523 0.787086820564761 43
1772885503632 0.7879060911745788 44
1772885503736 0.7886534784651448 45
1772885503846 0.7895009221028798 46
1772885503952 0.7900766195433763 47
1772885504059 0.7907831943677555 48
1772885504167 0.7915395957536814 49
1772885504287 0.7923204380626356 50
1772885504397 0.7930285332711117 51
1772885504503 0.7936751126502529 52
1772885504608 0.7943751741032943 53
1772885504710 0.7949245768142176 54
1772885504817 0.7955390697099125 55
1772885504926 0.7961719390251811 56
1772885505045 0.7967901089192168 57
1772885505160 0.7974349081898635 58
1772885505272 0.797850022365911 59
1772885505390 0.798495718815692 60
1772885505507 0.7990946472843378 61
1772885505659 0.7996655336448655 62
1772885505763 0.800215801027626 63
1772885505905 0.8007193986191007 64
1772885506029 0.8011766246626076 65
1772885506138 0.8017467125904822 66
1772885506237 0.8021441332228477 67
1772885506347 0.8027245846328904 68
1772885506454 0.8031876525271324 69
1772885506565 0.8036349186465258 70
1772885506669 0.8041399875271728 71
1772885506773 0.8047199316229935 72
1772885506879 0.8051987948351551 73
1772885506977 0.8055930542442052 74
1772885507078 0.806103030390796 75
1772885507177 0.8065740938555312 76
1772885507285 0.8069974219130639 77
1772885507382 0.8073656158135157 78
1772885507484 0.807854991128536 79
1772885507590 0.8083305982673237 80
1772885507690 0.8086306926088435 81
1772885507778 0.8091233526081121 82
1772885507873 0.8094936927694563 83
1772885507988 0.8100409011264998 84
1772885508111 0.8105390292539134 85
1772885508227 0.8109826573391921 86
1772885508355 0.8114324968787205 87
1772885508481 0.8118525030690006 88
1772885508597 0.8122035995784276 89
1772885508709 0.8126450051442575 90
1772885508816 0.813023691665455 91
1772885508924 0.8134614437228062 92
1772885509032 0.8138780874117122 93
1772885509144 0.8143157905967914 94
1772885509251 0.8146579454843187 95
1772885509355 0.8150562621825549 96
1772885509461 0.8154620714787905 97
1772885509561 0.8158306339808199 98
1772885509664 0.8162096179660511 99
1772885509759 0.8165593852387409 100
1772885509854 0.8169174614656274 101
1772885509954 0.8172003169203189 102
1772885510051 0.8175171225730475 103
1772885510153 0.817995407890075 104
1772885510256 0.8183241722203826 105
1772885510370 0.8188027162598703 106
1772885510466 0.8191605256374721 107
1772885510572 0.8195743513222303 108
1772885510689 0.8198711298081209 109
1772885510791 0.8202791332355834 110
1772885510885 0.8204787965054068 111
1772885510985 0.8208289843690844 112
1772885511076 0.8211285371078634 113
1772885511182 0.8215329489243033 114
1772885511281 0.8218308342168639 115
1772885511377 0.8221452155154533 116
1772885511476 0.8225239180676466 117
1772885511580 0.8228670254635091 118
1772885511693 0.8232012064891833 119
1772885511798 0.82353558010946 120
1772885511906 0.8240010391825859 121
1772885512011 0.8243897528690184 122
1772885512112 0.8247077246653668 123
1772885512209 0.8250544306858126 124
1772885512308 0.8253866886599461 125
1772885512404 0.8257019251676321 126
1772885512496 0.8260221282782118 127
1772885512598 0.8262172570027442 128
1772885512707 0.8265336059947446 129
1772885512810 0.8268982587150149 130
1772885512915 0.8272010354651761 131
1772885513022 0.8274592963664625 132
1772885513133 0.8277991216385829 133
1772885513235 0.8281512531491778 134
1772885513350 0.8283957731491899 135
1772885513461 0.8286732337284813 136
1772885513577 0.8289406554532701 137
1772885513692 0.8292080250773224 138
1772885513804 0.8294682961986893 139
1772885513905 0.8297917636207935 140
1772885514012 0.8300358561275837 141
1772885514106 0.8304038436289644 142
1772885514206 0.8306961730682084 143
1772885514309 0.8309688693246022 144
1772885514405 0.8312293704462287 145
1772885514509 0.8315148770268544 146
1772885514608 0.8317806566878349 147
1772885514708 0.8320498558492856 148
1772885514822 0.8323541716863723 149
1772885514923 0.8326449087133646 150
1772885515036 0.8329175666734905 151
1772885515147 0.8332118715989908 152
1772885515238 0.8333768504734336 153
1772885515337 0.8335900667256358 154
1772885515448 0.8338810739417035 155
1772885515541 0.834156379353994 156
1772885515641 0.8343753865807847 157
1772885515749 0.8347182373693877 158
1772885515852 0.8350599344829231 159
1772885515953 0.83532511665533 160
1772885516057 0.8355940782463288 161
1772885516149 0.8358105352088672 162
1772885516244 0.8360382696429884 163
1772885516336 0.8362773765100775 164
1772885516444 0.8366531765614159 165
1772885516611 0.8368945902220081 166
1772885516747 0.8372429415347267 167
1772885516853 0.8375927455451154 168
1772885516951 0.837810325122667 169
1772885517044 0.838058596153049 170
1772885517141 0.8384035057000254 171
1772885517256 0.8387528816605604 172
1772885517353 0.8390392854203205 173
1772885517447 0.8391438097396172 174
1772885517565 0.8394730809388414 175
1772885517672 0.8397106834528293 176
1772885517780 0.8398965589529808 177
1772885517889 0.8402558861541732 178
1772885517984 0.8405518411589797 179
1772885518077 0.8408167070531982 180
1772885518176 0.8410875000741433 181
1772885518270 0.8412755591295177 182
1772885518368 0.8414869879256855 183
1772885518474 0.8417973795101893 184
1772885518585 0.8421581266791021 185
1772885518695 0.8424788398870627 186
1772885518797 0.8427343236409754 187
1772885518906 0.8430764058323897 188
1772885519009 0.8432682818233391 189
1772885519110 0.8435969555339897 190
1772885519215 0.8438723593587822 191
1772885519311 0.8441354178695479 192
1772885519418 0.8444169093536782 193
1772885519524 0.8448154183125378 194
1772885519634 0.8451743219169309 195
1772885519732 0.8454947727286612 196
1772885519822 0.8457147123137161 197
1772885519920 0.8460127241843478 198
1772885520012 0.8461960122372428 199
1772885520122 0.8465647454025821 200
1772885520214 0.8467687305843489 201
1772885520303 0.8469193975646174 202
1772885520404 0.847118536264633 203
1772885520505 0.8474134499226691 204
1772885520627 0.8477481328075737 205
1772885520737 0.8478762234700156 206
1772885520846 0.8480482837028843 207
1772885520963 0.8482966432377225 208
1772885521064 0.8484836949008662 209
1772885521178 0.8487650866365779 210
1772885521288 0.849032199430718 211
1772885521419 0.8493012975078339 212
1772885521528 0.849466676489214 213
1772885521652 0.8497133640134531 214
1772885521753 0.8499105239987481 215
1772885521855 0.850162003120843 216
1772885521971 0.8505249869476522 217
1772885522065 0.8507463017472306 218
1772885522156 0.85090236816728 219
1772885522262 0.8511897444741202 220
1772885522368 0.8514566636717203 221
1772885522484 0.8516705580127807 222
1772885522573 0.8517845629962116 223
1772885522667 0.851982307444896 224
1772885522766 0.8522537031867535 225
1772885522863 0.8525922378523838 226
1772885522947 0.8527300489759391 227
1772885523051 0.852963154350293 228
1772885523156 0.8531622336020325 229
1772885523258 0.8534171401287691 230
1772885523359 0.8536137978095283 231
1772885523452 0.8537544034473694 232
1772885523563 0.8540644206413249 233
1772885523686 0.8542119203866548 234
1772885523788 0.8544978805108708 235
1772885523890 0.8547347582902558 236
1772885523984 0.8549526538120167 237
1772885524085 0.8553343420258558 238
1772885524175 0.8556129995861688 239
1772885524277 0.8559014785806035 240
1772885524393 0.8560933998813813 241
1772885524494 0.8563710811095181 242
1772885524617 0.856614295028676 243
1772885524710 0.8568390925620971 244
1772885524807 0.8570705938349314 245
1772885524907 0.8573940843015921 246
1772885525001 0.8575702444616428 247
1772885525100 0.8578013590980292 248
1772885525183 0.8579960175800175 249
1772885525270 0.858171693581729 250
1772885525362 0.8584015120453073 251
1772885525470 0.8586617621259922 252
1772885525568 0.8587837799355024 253
1772885525662 0.8589209980235385 254
1772885525760 0.8591374274884661 255
1772885525865 0.8594506668012558 256
1772885525962 0.8596716872539387 257
1772885526054 0.8598212662416921 258
1772885526151 0.8600511302377516 259
1772885526247 0.8602720439284554 260
1772885526338 0.8603454965040762 261
1772885526429 0.8605641690838292 262
1772885526529 0.860795261900249 263
1772885526632 0.8611110406786341 264
1772885526727 0.861365798473354 265
1772885526829 0.8616215256980159 266
1772885526923 0.8618555419446463 267
1772885527022 0.8621052898305187 268
1772885527116 0.8622360634582339 269
1772885527206 0.8623782456999837 270
1772885527312 0.8626204439887604 271
1772885527404 0.8628939012721504 272
1772885527498 0.8630304515133537 273
1772885527583 0.8631693155616207 274
1772885527674 0.8633756568544682 275
1772885527775 0.8636300717639996 276
1772885527875 0.8638347776726204 277
1772885527975 0.8640352401543814 278
1772885528066 0.864291317500445 279
1772885528161 0.8644972015759324 280
1772885528251 0.8647236363861284 281
1772885528352 0.8648773386795992 282
1772885528448 0.8650590454528784 283
1772885528545 0.8652675709689068 284
1772885528644 0.8654787216718277 285
1772885528736 0.8657131904601111 286
1772885528819 0.8658451956913457 287
1772885528919 0.8661571087732101 288
1772885529017 0.866439031090353 289
1772885529115 0.8665954868186829 290
1772885529195 0.8667115127095248 291
1772885529284 0.8668428417444495 292
1772885529370 0.8669397729380439 293
1772885529473 0.8671800826864515 294
1772885529571 0.8674327594575261 295
1772885529657 0.8675855541071847 296
1772885529752 0.8676828078132437 297
1772885529852 0.8678849390771394 298
1772885529944 0.8680767679770385 299
1772885530048 0.8683121546511592 300
1772885530146 0.8684550283409304 301
1772885530239 0.8686409115226007 302
1772885530325 0.8687811442171363 303
1772885530423 0.8689906432821818 304
1772885530569 0.8691423282306852 305
1772885530663 0.8693376693659123 306
1772885530762 0.8695363881428984 307
1772885530864 0.8697879474199725 308
1772885530958 0.8700409615099175 309
1772885531056 0.8703017870365566 310
1772885531169 0.8705149343777421 311
1772885531276 0.8707419103453734 312
1772885531370 0.8708704512116147 313
1772885531464 0.8711023918895915 314
1772885531564 0.8712580164553184 315
1772885531657 0.8713403863836925 316
1772885531747 0.8715660023885115 317
1772885531836 0.8717308387652136 318
1772885531941 0.872009889307577 319
1772885532024 0.872175860322539 320
1772885532139 0.8723878176962636 321
1772885532236 0.8726505064921881 322
1772885532329 0.8728532364692473 323
1772885532421 0.8729768331091933 324
1772885532516 0.8730700751698738 325
1772885532612 0.8732675742552609 326
1772885532719 0.8735382069662478 327
1772885532814 0.8737012276100202 328
1772885532907 0.8738832561164795 329
1772885533000 0.8739708037225254 330
1772885533100 0.8741797612961566 331
1772885533199 0.874386777560724 332
1772885533297 0.874591973527981 333
1772885533395 0.8747921617015911 334
1772885533480 0.8749313559438417 335
1772885533579 0.8751434968947338 336
1772885533670 0.8752032625623648 337
1772885533749 0.8753144768166061 338
1772885533833 0.8754005770686473 339
1772885533930 0.875652587885437 340
1772885534034 0.8758709536497421 341
1772885534117 0.8759797428818861 342
1772885534204 0.8760641044388384 343
1772885534290 0.8761799007747264 344
1772885534383 0.8763031685566053 345
1772885534485 0.8765918782192578 346
1772885534609 0.8768932053888869 347
1772885534712 0.8770549029188721 348
1772885534817 0.8772190963858458 349
1772885534908 0.8774280842402469 350
1772885534998 0.8775455552585665 351
1772885535093 0.8776799492195051 352
1772885535188 0.8778697316069305 353
1772885535281 0.8780553427069772 354
1772885535373 0.878199956316427 355
1772885535473 0.8783606642663991 356
1772885535580 0.878540304265807 357
1772885535680 0.8786443023454006 358
1772885535784 0.8788359957611197 359
1772885535885 0.8790034702385721 360
1772885535994 0.8792126637127597 361
1772885536095 0.8793627597001284 362
1772885536204 0.8796409633828721 363
1772885536299 0.879842286083416 364
1772885536386 0.8800277002471321 365
1772885536482 0.8802566216429024 366
1772885536583 0.8804842158058102 367
1772885536671 0.8806560907916161 368
1772885536757 0.8807269176237127 369
1772885536846 0.8808559777160965 370
1772885536940 0.8810030930515056 371
1772885537035 0.8811686435868064 372
1772885537125 0.8813275966993676 373
1772885537211 0.8815777959023029 374
1772885537297 0.8817170251010304 375
1772885537390 0.8818709990308194 376
1772885537473 0.8819663670909946 377
1772885537566 0.8821484161928305 378
1772885537647 0.8822410068829794 379
1772885537735 0.8823542859072174 380
1772885537818 0.8824393939074129 381
1772885537933 0.8826324730023335 382
1772885538024 0.8827595087361891 383
1772885538112 0.8828953297897352 384
1772885538208 0.8830554351301212 385
1772885538307 0.8832514044799972 386
1772885538429 0.8833913049766748 387
1772885538539 0.8835430212078853 388
1772885538657 0.8837089541492323 389
1772885538777 0.8838817203025491 390
1772885538870 0.8839758309314893 391
1772885538963 0.8840695572618353 392
1772885539062 0.8842389328595355 393
1772885539148 0.8843370870845195 394
1772885539242 0.884513479471357 395
1772885539333 0.884648916337635 396
1772885539431 0.8848068179727271 397
1772885539535 0.8849616546818051 398
1772885539635 0.8851153284757278 399
1772885539751 0.8853343586357487 400
1772885539849 0.8855098920283931 401
1772885539934 0.8856184079543237 402
1772885540032 0.8858007876954483 403
1772885540141 0.885987372567165 404
1772885540283 0.88610422594684 405
1772885540384 0.8862386191284941 406
1772885540481 0.8863706004245613 407
1772885540580 0.8864732741657777 408
1772885540687 0.8866828915707439 409
1772885540795 0.8868428714463223 410
1772885540892 0.8869954912022696 411
1772885540980 0.8871203937004172 412
1772885541082 0.8872520785343879 413
1772885541208 0.8874317246567457 414
1772885541334 0.8876347127996334 415
1772885541428 0.8876838918870711 416
1772885541531 0.8878680537405648 417
1772885541627 0.8879823237920587 418
1772885541727 0.8881109840001578 419
1772885541836 0.8881790905726505 420
1772885541934 0.888244528095665 421
1772885542033 0.8884057101846039 422
1772885542157 0.8885609124894478 423
1772885542252 0.8886371272947101 424
1772885542346 0.888716824499836 425
1772885542464 0.8888762242537531 426
1772885542574 0.889034187674975 427
1772885542665 0.8891853100913818 428
1772885542753 0.8893664554458282 429
1772885542857 0.8895115633443158 430
1772885542972 0.8896957863159811 431
1772885543086 0.8899176516244093 432
1772885543185 0.8901113834257779 433
1772885543275 0.8901915919528747 434
1772885543385 0.8903627890724752 435
1772885543476 0.8904999017344487 436
1772885543566 0.8906409583553737 437
1772885543658 0.8908630790464713 438
1772885543757 0.8910939955219372 439
1772885543851 0.8911861343383912 440
1772885543961 0.891302729329585 441
1772885544064 0.8914827991600685 442
1772885544158 0.8916286077466652 443
1772885544244 0.8917177283941764 444
1772885544328 0.8917724571006544 445
1772885544429 0.8919227833109353 446
1772885544520 0.892126999828878 447
1772885544617 0.8923126288524688 448
1772885544712 0.8924957098383344 449
1772885544829 0.8926110118851843 450
1772885544913 0.8927389210856597 451
1772885545005 0.8928998476806026 452
1772885545109 0.8930586392586156 453
1772885545208 0.8932007533686332 454
1772885545314 0.8933921725875279 455
1772885545413 0.8935253706807087 456
1772885545503 0.893611956983637 457
1772885545598 0.8937271837738677 458
1772885545687 0.893826284940869 459
1772885545776 0.8939243095819702 460
1772885545878 0.89408476315121 461
1772885545958 0.8941591557666138 462
1772885546045 0.8942911460801161 463
1772885546142 0.8943808032093555 464
1772885546227 0.894414044815112 465
1772885546315 0.8945551607729868 466
1772885546406 0.8946757068480192 467
1772885546496 0.8947661640798072 468
1772885546597 0.8950138834880761 469
1772885546704 0.8951893297121808 470
1772885546804 0.895328659661264 471
1772885546886 0.8953948300457056 472
1772885546975 0.8955076003084791 473
1772885547070 0.8957243322471264 474
1772885547158 0.8958694741001539 475
1772885547242 0.8959971636537212 476
1772885547341 0.8962116780826059 477
1772885547432 0.8963409535914961 478
1772885547538 0.8965333938957637 479
1772885547634 0.8967067801369051 480
1772885547734 0.8969421335244442 481
1772885547835 0.8971081001976782 482
1772885547934 0.8973174198046316 483
1772885548032 0.897386754640853 484
1772885548138 0.8975745700028256 485
1772885548228 0.8977098760606307 486
1772885548327 0.8978712762379086 487
1772885548412 0.8979684613669299 488
1772885548508 0.8981676964755732 489
1772885548595 0.898301174888528 490
1772885548693 0.8984439806692196 491
1772885548780 0.898612482466321 492
1772885548871 0.8987301229233604 493
1772885548965 0.8988160957067194 494
1772885549046 0.8988904296531315 495
1772885549135 0.8990298845103905 496
1772885549230 0.899201474166736 497
1772885549314 0.8992957785035425 498
1772885549400 0.8993547509708594 499
1772885549494 0.8994815394488697 500
1772885549585 0.8996476662094093 501
1772885549675 0.8997573177755369 502
1772885549777 0.8999413335688464 503
1772885549868 0.9001099895529563 504
1772885549958 0.9001727313081661 505
1772885550050 0.9002943254095506 506
1772885550150 0.9004162770912029 507
1772885550248 0.900591831747182 508
1772885550339 0.9007505404983833 509
1772885550428 0.9009023031526859 510
1772885550531 0.9010814627788509 511
1772885550625 0.9012217136195831 512
1772885550717 0.9014361851878194 513
1772885550803 0.9014876044955971 514
1772885550898 0.9016067786958967 515
1772885550997 0.90172813734203 516
1772885551098 0.9018743582814637 517
1772885551198 0.9020586993703968 518
1772885551287 0.9021083128532909 519
1772885551378 0.9022453686274944 520
1772885551478 0.9023491520698661 521
1772885551574 0.9025022082251442 522
1772885551668 0.9025864309581257 523
1772885551765 0.90275490024793 524
1772885551858 0.9028140778897281 525
1772885551957 0.902863358172827 526
1772885552038 0.902906210471906 527
1772885552135 0.9030830440451076 528
1772885552240 0.9032181775470549 529
1772885552334 0.9032823709979977 530
1772885552433 0.9034480374240391 531
1772885552525 0.9035689940706868 532
1772885552618 0.9036843725987461 533
1772885552756 0.903845788250388 534
1772885552852 0.9039764013454922 535
1772885552953 0.9040888867241107 536
1772885553050 0.9042092069179589 537
1772885553144 0.9043384201954139 538
1772885553241 0.9045308578278489 539
1772885553326 0.9046938192459978 540
1772885553419 0.904789542103282 541
1772885553514 0.9049215780605918 542
1772885553602 0.9050382156897814 543
1772885553704 0.9051602405128523 544
1772885553806 0.9053090473409735 545
1772885553894 0.9053642259172717 546
1772885553998 0.9055008760182198 547
1772885554095 0.9056508364100823 548
1772885554191 0.9057769500276989 549
1772885554292 0.905948856630191 550
1772885554393 0.9061445321898032 551
1772885554486 0.906259824885239 552
1772885554582 0.9064403560521578 553
1772885554673 0.9065563472091756 554
1772885554768 0.9066627971405192 555
1772885554870 0.9068545592446023 556
1772885554970 0.9069803874214323 557
1772885555067 0.9071143380808059 558
1772885555156 0.907231126557213 559
1772885555246 0.9073007805661083 560
1772885555355 0.9074682318876778 561
1772885555445 0.9075689319238597 562
1772885555536 0.9076705076531885 563
1772885555611 0.9077137300010878 564
1772885555709 0.9078885937656775 565
1772885555805 0.9080230397160263 566
1772885555916 0.9081854865837398 567
1772885556012 0.9082927774744061 568
1772885556100 0.9083630384346153 569
1772885556193 0.908473919934367 570
1772885556293 0.9086172535133308 571
1772885556405 0.9087777152093948 572
1772885556502 0.908862136103297 573
1772885556604 0.9090373608992719 574
1772885556697 0.9091383442610398 575
1772885556796 0.90928507819234 576
1772885556888 0.9094570675103174 577
1772885556980 0.9095831527397124 578
1772885557068 0.9096440393524611 579
1772885557163 0.9097569811691552 580
1772885557263 0.9099609577787923 581
1772885557357 0.9101020745159516 582
1772885557451 0.910208929897898 583
1772885557546 0.910275033263871 584
1772885557636 0.9103923008889312 585
1772885557729 0.9105239947403372 586
1772885557827 0.9107120529051006 587
1772885557922 0.9108049739005591 588
1772885558014 0.910952206685278 589
1772885558105 0.9110498146318141 590
1772885558214 0.9112046464425323 591
1772885558314 0.9113796518142518 592
1772885558416 0.9114777684109263 593
1772885558509 0.9115966806603011 594
1772885558619 0.9117245299671947 595
1772885558721 0.9119202378114513 596
1772885558822 0.9120284492597874 597
1772885558917 0.9122179230505432 598
1772885559017 0.9122822814871513 599
1772885559105 0.9123905443682657 600
1772885559190 0.9124671367925408 601
1772885559279 0.9126157679476662 602
1772885559378 0.9127965097440578 603
1772885559462 0.9128454719677465 604
1772885559558 0.9129560170392386 605
1772885559641 0.913032285058501 606
1772885559735 0.9131514713933737 607
1772885559820 0.9132671872403034 608
1772885559917 0.9134224217184654 609
1772885560024 0.9136493662920633 610
1772885560120 0.9137937441122828 611
1772885560216 0.9139482158935532 612
1772885560320 0.9140520366302555 613
1772885560413 0.9141796128535883 614
1772885560513 0.9143102947483829 615
1772885560600 0.9143630863761989 616
1772885560696 0.914482739279846 617
1772885560793 0.9145588152611376 618
1772885560889 0.9147583989326136 619
1772885560979 0.9148451651389394 620
1772885561079 0.9149675327358724 621
1772885561169 0.9150928038355974 622
1772885561257 0.9152040126348472 623
1772885561374 0.9153569304114599 624
1772885561495 0.9153984141755969 625
1772885561610 0.9155204222997136 626
1772885561720 0.9156888299147146 627
1772885561825 0.9158776477705578 628
1772885561922 0.9160108576643328 629
1772885562014 0.9160915951029653 630
1772885562143 0.9161856911481525 631
1772885562275 0.9163203693252879 632
1772885562385 0.9164728060606997 633
1772885562472 0.9165425178479756 634
1772885562576 0.916660204728107 635
1772885562672 0.916816850379207 636
1772885562752 0.9168861898911355 637
1772885562838 0.9169294173600473 638
1772885562931 0.9170644271784089 639
1772885563017 0.9171044790629049 640
1772885563112 0.917152953565811 641
1772885563228 0.9172865842732262 642
1772885563328 0.9173833897793603 643
1772885563413 0.9174423616900453 644
1772885563517 0.9175772194365992 645
1772885563614 0.9176791706697399 646
1772885563761 0.9178159987815374 647
1772885563884 0.917897087566162 648
1772885564005 0.918017553708868 649
1772885564108 0.9181032234618753 650
1772885564213 0.9182284629449142 651
1772885564308 0.9183546459188532 652
1772885564392 0.9184285559344867 653
1772885564486 0.9185607034408092 654
1772885564586 0.9187176601377586 655
1772885564685 0.9187985872765085 656
1772885564790 0.9188955111225632 657
1772885564883 0.9189985697190057 658
1772885564971 0.9190479442955314 659
1772885565061 0.9191239400105174 660
1772885565154 0.919270949363232 661
1772885565245 0.919408374963603 662
1772885565332 0.9194715333020516 663
1772885565422 0.9195436840272199 664
1772885565509 0.9196310549583326 665
1772885565596 0.9196993599143988 666
1772885565703 0.9198590359803411 667
1772885565793 0.9199470737563497 668
1772885565888 0.920046909009368 669
1772885565985 0.9201052549319314 670
1772885566069 0.9202440880314705 671
1772885566144 0.9202683014034193 672
1772885566236 0.9203980219950962 673
1772885566318 0.920456462990371 674
1772885566397 0.9204817951922367 675
1772885566487 0.9206117333156209 676
1772885566586 0.9207208760089575 677
1772885566690 0.9208152016090987 678
1772885566791 0.9209398821224846 679
1772885566879 0.92104428476207 680
1772885566968 0.9211551922008635 681
1772885567063 0.9212553106681415 682
1772885567166 0.9213926710312655 683
1772885567261 0.9215135593235283 684
1772885567364 0.9216370617813738 685
1772885567490 0.9217374278384761 686
1772885567607 0.9218629536529127 687
1772885567689 0.9219458812150234 688
1772885567776 0.922030859965315 689
1772885567863 0.9220636070593808 690
1772885567973 0.9221808724579138 691
1772885568060 0.9222615533427556 692
1772885568164 0.9223947477621665 693
1772885568277 0.9225187740105353 694
1772885568372 0.9226250487141886 695
1772885568455 0.9226939710862465 696
1772885568552 0.9227725137256941 697
1772885568648 0.9228400881581866 698
1772885568748 0.9229320317082054 699
1772885568846 0.9230667657711734 700
1772885568957 0.9231874005733147 701
1772885569049 0.9232464687813011 702
1772885569151 0.9233695352851213 703
1772885569244 0.9234501726413564 704
1772885569362 0.9236386480573168 705
1772885569468 0.9237556598544019 706
1772885569573 0.9238812279728551 707
1772885569691 0.9239947973362399 708
1772885569801 0.9240992137802939 709
1772885569904 0.9242241474498222 710
1772885570016 0.9243515150475565 711
1772885570134 0.9244740504133138 712
1772885570235 0.9245863230472586 713
1772885570331 0.9246274107122071 714
1772885570419 0.9246481638382379 715
1772885570514 0.9247292933683101 716
1772885570638 0.9248007026599216 717
1772885570736 0.9248788838226786 718
1772885570835 0.924966008054578 719
1772885570940 0.9250954673632883 720
1772885571052 0.9252151080210357 721
1772885571161 0.9253180243423903 722
1772885571269 0.9253945704548996 723
1772885571356 0.9254430157902993 724
1772885571463 0.9255471841992235 725
1772885571584 0.9256944461514486 726
1772885571697 0.9258213305927812 727
1772885571811 0.9259501353024954 728
1772885571911 0.9260084980353391 729
1772885572007 0.9260389004849394 730
1772885572098 0.9260823248901819 731
1772885572203 0.926168251584428 732
1772885572312 0.9263128430399321 733
1772885572414 0.9264485109084069 734
1772885572503 0.9264799390077608 735
1772885572610 0.926605948535231 736
1772885572720 0.9266657271167198 737
1772885572812 0.9267615894659329 738
1772885572917 0.9268844401079414 739
1772885573012 0.9269547867894478 740
1772885573121 0.9270882864657374 741
1772885573213 0.9271877184946802 742
1772885573302 0.9272757576066051 743
1772885573384 0.9273101778245336 744
1772885573477 0.9274029057800842 745
1772885573577 0.9275216177533375 746
1772885573685 0.927586374404335 747
1772885573783 0.9276532423597477 748
1772885573877 0.9277873841664811 749
1772885573984 0.9279065671615631 750
1772885574078 0.9279740212502605 751
1772885574167 0.9280735306510236 752
1772885574266 0.9281780044281529 753
1772885574361 0.928261343229837 754
1772885574444 0.9282670393543669 755
1772885574548 0.928401404036473 756
1772885574664 0.9285322328820625 757
1772885574770 0.9286337359152784 758
1772885574881 0.9287436939628748 759
1772885574970 0.9287861184347528 760
1772885575057 0.9288865255712819 761
1772885575146 0.9289807234800884 762
1772885575236 0.929080508413592 763
1772885575326 0.9291133471292521 764
1772885575416 0.929226655766302 765
1772885575508 0.9292842699407019 766
1772885575608 0.9294125096691397 767
1772885575699 0.9295084867958299 768
1772885575785 0.9295948241730175 769
1772885575878 0.9297204426109854 770
1772885575962 0.9297640461403409 771
1772885576049 0.9298444707519024 772
1772885576135 0.9298986096513256 773
1772885576230 0.9300493064670586 774
1772885576316 0.930122288688809 775
1772885576411 0.9302046398030283 776
1772885576504 0.9303456463270914 777
1772885576596 0.9304889859176786 778
1772885576692 0.9306303178486917 779
1772885576778 0.9307179949272942 780
1772885576857 0.930756505275685 781
1772885576961 0.9309248827212423 782
1772885577056 0.9309723568454783 783
1772885577144 0.9310347048393534 784
1772885577243 0.9311182460323597 785
1772885577335 0.9312216032060994 786
1772885577428 0.9313511673842407 787
1772885577512 0.9314145559456015 788
1772885577606 0.9315010625388562 789
1772885577698 0.9315867832793365 790
1772885577793 0.9317390559196936 791
1772885577890 0.9318272628004429 792
1772885577977 0.931883054451005 793
1772885578073 0.9319834148304631 794
1772885578159 0.9320275689799946 795
1772885578250 0.9320896339822627 796
1772885578333 0.9321524818314936 797
1772885578418 0.9321994775863611 798
1772885578522 0.932328267044364 799
1772885578655 0.9324427158859919 800
1772885578751 0.9325445307443417 801
1772885578855 0.9326826287559266 802
1772885578950 0.9327508650236286 803
1772885579042 0.9328350387730118 804
1772885579122 0.932884043857349 805
1772885579215 0.9329778294133184 806
1772885579301 0.9330368339426269 807
1772885579386 0.9330939446992275 808
1772885579474 0.9331845606824046 809
1772885579561 0.9332237269657078 810
1772885579652 0.9333537030513808 811
1772885579754 0.9334565513523294 812
1772885579849 0.9335394220266702 813
1772885579933 0.9335962824102872 814
1772885580035 0.933683683288191 815
1772885580134 0.9337949146866917 816
1772885580242 0.9339195692610357 817
1772885580330 0.9340027689047701 818
1772885580426 0.9340955261391533 819
1772885580520 0.9341537331264195 820
1772885580613 0.9342539835154339 821
1772885580717 0.9344229090206609 822
1772885580813 0.9345136515819092 823
1772885580904 0.934577630952262 824
1772885580988 0.9346698462499252 825
1772885581082 0.9347511325275122 826
1772885581179 0.9348555115659093 827
1772885581277 0.9349623424560565 828
1772885581366 0.9350281634983808 829
1772885581461 0.9351140812865181 830
1772885581553 0.9352411441840055 831
1772885581642 0.9353432207706274 832
1772885581749 0.9354820798092084 833
1772885581842 0.9356020731488639 834
1772885581933 0.9356720441039057 835
1772885582020 0.9357003253410447 836
1772885582117 0.9358089825401259 837
1772885582207 0.9358587831626308 838
1772885582297 0.9359376787066392 839
1772885582400 0.9360383376633944 840
1772885582504 0.9361262479707209 841
1772885582591 0.9361453441152111 842
1772885582684 0.936187889487516 843
1772885582783 0.9362907414622345 844
1772885582885 0.9364155986505536 845
1772885582967 0.9364516837541942 846
1772885583060 0.9365519600822504 847
1772885583165 0.9366695473252898 848
1772885583259 0.9367814015947742 849
1772885583354 0.9369035788236316 850
1772885583450 0.9369732504220917 851
1772885583539 0.9370367070038583 852
1772885583616 0.9370659656864372 853
1772885583711 0.9371457703215004 854
1772885583795 0.9372045176869175 855
1772885583888 0.9372909400061178 856
1772885583991 0.9374040259904479 857
1772885584088 0.9375108751381181 858
1772885584183 0.9376109514127057 859
1772885584272 0.9376842168487155 860
1772885584374 0.9378180287954447 861
1772885584464 0.9378952679145444 862
1772885584562 0.9380106085916412 863
1772885584646 0.9380548293143359 864
1772885584739 0.9381563254453175 865
1772885584839 0.9382572462416711 866
1772885584936 0.9383708777251647 867
1772885585039 0.9384451435398444 868
1772885585139 0.9385094177023982 869
1772885585251 0.9385945507510245 870
1772885585347 0.9386828255408532 871
1772885585447 0.9387847850121447 872
1772885585563 0.9388940146513683 873
1772885585680 0.9390202356989223 874
1772885585776 0.9391092218641907 875
1772885585868 0.9391735791875352 876
1772885585969 0.9392471302869846 877
1772885586070 0.9393275661425083 878
1772885586166 0.9393852650362681 879
1772885586262 0.9395102628297797 880
1772885586356 0.9395792504390845 881
1772885586440 0.9396122963331003 882
1772885586535 0.9397091696369876 883
1772885586637 0.9397968516139499 884
1772885586732 0.9398726556249443 885
1772885586830 0.9400067289659664 886
1772885586934 0.9400743041777434 887
1772885587042 0.9402007714792054 888
1772885587135 0.9402474587487298 889
1772885587228 0.940308017616675 890
1772885587341 0.9404069083768561 891
1772885587448 0.940474544150173 892
1772885587549 0.9405513767054062 893
1772885587650 0.9406508816531148 894
1772885587741 0.9406989895583178 895
1772885587839 0.9408142208016028 896
1772885587927 0.9408611005544035 897
1772885588020 0.9409567974726458 898
1772885588116 0.9410289411842535 899
1772885588199 0.9410520245936494 900
1772885588300 0.9411598376049436 901
1772885588395 0.9412116205046126 902
1772885588487 0.9412608265330294 903
1772885588579 0.9412977450258002 904
1772885588673 0.9413385115142004 905
1772885588762 0.9413960011144036 906
1772885588856 0.9414440578094809 907
1772885588952 0.9415007881639097 908
1772885589040 0.9415620575166836 909
1772885589124 0.9415901408155548 910
1772885589220 0.9416441805231915 911
1772885589313 0.9416923855049802 912
1772885589411 0.9418143380772435 913
1772885589503 0.941893975166135 914
1772885589603 0.9419797095997575 915
1772885589696 0.9420334706575154 916
1772885589793 0.9421305877661308 917
1772885589887 0.9422009474728212 918
1772885589984 0.9422955197721761 919
1772885590075 0.9423669892913482 920
1772885590172 0.9424600418745642 921
1772885590265 0.9425417922717455 922
1772885590366 0.9426144812598638 923
1772885590462 0.9426921173687628 924
1772885590553 0.942752606323754 925
1772885590653 0.9428167780660567 926
1772885590761 0.942995493611372 927
1772885590860 0.9430631473082328 928
1772885590961 0.9431576604932905 929
1772885591068 0.943201358984031 930
1772885591163 0.9433024882946567 931
1772885591257 0.9433623908937104 932
1772885591346 0.9434336875230457 933
1772885591441 0.9435132071626275 934
1772885591537 0.9436061937293121 935
1772885591690 0.926605948535231 936
1772885617575 0.7280611872751488 0
1772885617719 0.7406523159028953 1
1772885617849 0.7442972296776043 2
1772885617960 0.7460751207049606 3
1772885618075 0.7485013981883283 4
1772885618207 0.7502998670230323 5
1772885618323 0.7513770941915296 6
1772885618438 0.7529120176260732 7
1772885618548 0.7543870211369571 8
1772885618664 0.7554447700637011 9
1772885618769 0.7569860083467593 10
1772885618876 0.7579363978352248 11
1772885618984 0.7589346179260822 12
1772885619095 0.7601289869594972 13
1772885619222 0.7612212542527094 14
1772885619334 0.7621464278755306 15
1772885619452 0.7631558932149275 16
1772885619584 0.7637743671895915 17
1772885619700 0.7651245508017941 18
1772885619817 0.7666025307210745 19
1772885619934 0.7675107172410821 20
1772885620048 0.7684109918316782 21
1772885620163 0.7692890016940547 22
1772885620273 0.770065769474578 23
1772885620387 0.7707801084916891 24
1772885620493 0.7716332374679569 25
1772885620610 0.7724865789653059 26
1772885620719 0.7733187015296357 27
1772885620833 0.7740070182365175 28
1772885620947 0.7747411753732557 29
1772885621059 0.7755934557124347 30
1772885621159 0.7762495934546303 31
1772885621273 0.7769465547264583 32
1772885621378 0.7776309923948089 33
1772885621485 0.778449383915301 34
1772885621602 0.7792843105555843 35
1772885621709 0.7801178810241483 36
1772885621819 0.7808931585966078 37
1772885621930 0.7815891676982901 38
1772885622042 0.7822971916442348 39
1772885622148 0.782901618520923 40
1772885622261 0.783503344409411 41
1772885622365 0.7841933091844371 42
1772885622472 0.7850350380578833 43
1772885622571 0.7857840892597981 44
1772885622712 0.7865754534201281 45
1772885622823 0.7872972241068579 46
1772885622943 0.787931864712691 47
1772885623058 0.7887044596657186 48
1772885623168 0.7895832781991974 49
1772885623275 0.7904594553038152 50
1772885623382 0.7910253064314642 51
1772885623616 0.7917777512911274 52
1772885623723 0.7923983440197038 53
1772885623832 0.7930158186220541 54
1772885623936 0.7936433019765324 55
1772885624039 0.7943259273710841 56
1772885624144 0.7950893126690615 57
1772885624249 0.7957101895012519 58
1772885624348 0.7963454128980022 59
1772885624450 0.7968908746929972 60
1772885624555 0.7975272711304144 61
1772885624669 0.7981586143753748 62
1772885624774 0.7988994516207993 63
1772885624876 0.7994194525219154 64
1772885624973 0.7999147396370502 65
1772885625068 0.800391754058252 66
1772885625162 0.8009017094697038 67
1772885625264 0.8014435065284629 68
1772885625369 0.8019017960500576 69
1772885625493 0.8022729187532196 70
1772885625620 0.8027037241446173 71
1772885625733 0.8032263466585899 72
1772885625842 0.8036749867879573 73
1772885625949 0.8041486549762304 74
1772885626054 0.8046046803523297 75
1772885626152 0.804983779776558 76
1772885626269 0.8054424482514062 77
1772885626375 0.8059577391777152 78
1772885626472 0.8062861998045412 79
1772885626580 0.8067229856215472 80
1772885626696 0.8071732044630433 81
1772885626800 0.8075208328437778 82
1772885626904 0.807913736341613 83
1772885627016 0.8083711631990596 84
1772885627118 0.8087897524690263 85
1772885627225 0.809223660957658 86
1772885627335 0.8097097267285264 87
1772885627443 0.8100390514667368 88
1772885627552 0.8105329457839417 89
1772885627668 0.8109935349639839 90
1772885627773 0.8113475565666438 91
1772885627885 0.8117685482488336 92
1772885627987 0.8121732822352945 93
1772885628095 0.8125625833393795 94
1772885628198 0.8130365686950494 95
1772885628297 0.8134589992640782 96
1772885628399 0.8138738316199904 97
1772885628504 0.8142837860103613 98
1772885628610 0.8146584791567495 99
1772885628712 0.8150372970378587 100
1772885628815 0.8152954116282193 101
1772885628916 0.8156494420256228 102
1772885629020 0.8159018270075549 103
1772885629131 0.8161783638024885 104
1772885629234 0.8164176373803621 105
1772885629334 0.816765477391571 106
1772885629442 0.8172116418562944 107
1772885629547 0.8175297508473202 108
1772885629694 0.8179373919974878 109
1772885629815 0.8182486701446026 110
1772885629933 0.8185139482205667 111
1772885630058 0.8190297856455598 112
1772885630175 0.8194074042130972 113
1772885630289 0.819802001645334 114
1772885630395 0.8200616790282242 115
1772885630488 0.820394263833142 116
1772885630600 0.8206892397541805 117
1772885630724 0.8210773286308931 118
1772885630829 0.8214078514580908 119
1772885630977 0.8218193657465187 120
1772885631111 0.8220048157165691 121
1772885631253 0.8222854801406965 122
1772885631402 0.8226770103226287 123
1772885631549 0.8230530819059098 124
1772885631681 0.8233457685218067 125
1772885631793 0.8236854330952754 126
1772885631897 0.8239403663263172 127
1772885632014 0.8243904712814507 128
1772885632128 0.8247355789105648 129
1772885632226 0.8250180923460273 130
1772885632333 0.8253187702666793 131
1772885632429 0.8255704574580732 132
1772885632535 0.8259362022312224 133
1772885632650 0.8262282463855374 134
1772885632753 0.8265456641542511 135
1772885632849 0.8268477752841229 136
1772885632958 0.8272251754303079 137
1772885633067 0.8276232758422952 138
1772885633173 0.8279620350024826 139
1772885633283 0.8282780822384401 140
1772885633382 0.8285522060451932 141
1772885633479 0.8288762060671556 142
1772885633590 0.829236017060235 143
1772885633703 0.829579239385781 144
1772885633818 0.8298698150405762 145
1772885633922 0.8301601507881268 146
1772885634024 0.8304808213873663 147
1772885634136 0.8307360675554221 148
1772885634255 0.8310656241854147 149
1772885634368 0.8314797303626925 150
1772885634469 0.831750237080681 151
1772885634591 0.8320276701601748 152
1772885634717 0.8323237499885168 153
1772885634822 0.8326110787130571 154
1772885634929 0.8328937924237555 155
1772885635041 0.833101814604072 156
1772885635156 0.8334538951289041 157
1772885635264 0.8337359829655748 158
1772885635382 0.8339695625592974 159
1772885635487 0.8341988775930094 160
1772885635600 0.8344424345449654 161
1772885635720 0.8347760178315897 162
1772885635833 0.8350381433816346 163
1772885635954 0.83536755985236 164
1772885636080 0.8356450921232019 165
1772885636212 0.8359915994524495 166
1772885636310 0.8361687565359696 167
1772885636421 0.8364588407983852 168
1772885636533 0.8367866299075777 169
1772885636650 0.8370203820563952 170
1772885636760 0.8372851848822304 171
1772885636871 0.837627823080949 172
1772885636976 0.837957850285384 173
1772885637078 0.8381701421467013 174
1772885637187 0.8383803906217183 175
1772885637303 0.8386988735563334 176
1772885637409 0.8389278491574749 177
1772885637513 0.8392350578988248 178
1772885637630 0.8393559169344622 179
1772885637739 0.8395733500469975 180
1772885637858 0.839821932025966 181
1772885637976 0.8400855633696963 182
1772885638095 0.8404036552165385 183
1772885638213 0.8407029354409226 184
1772885638329 0.8410116307165827 185
1772885638446 0.841364035756319 186
1772885638557 0.8416668133941602 187
1772885638677 0.8419194648902193 188
1772885638789 0.8420935304543956 189
1772885638912 0.8424271012725228 190
1772885639047 0.8426688580851994 191
1772885639173 0.8427433644806634 192
1772885639284 0.8430282103043785 193
1772885639396 0.8433209538077938 194
1772885639502 0.8435597341007479 195
1772885639618 0.843756707634007 196
1772885639737 0.8440865109621224 197
1772885639855 0.8443646659898677 198
1772885639974 0.8445939526354834 199
1772885640094 0.8449026038260999 200
1772885640185 0.8449980547363196 201
1772885640288 0.8451677297196031 202
1772885640414 0.845470595861509 203
1772885640522 0.845691011171386 204
1772885640658 0.8459468374585378 205
1772885640772 0.8462870958441844 206
1772885640910 0.8465527475297603 207
1772885641009 0.8467049343324999 208
1772885641133 0.8470402711128651 209
1772885641234 0.8473192023045595 210
1772885641396 0.8476149786585863 211
1772885641558 0.8478278691190936 212
1772885641677 0.848054047880463 213
1772885641806 0.8482484809574231 214
1772885641927 0.8484066971691528 215
1772885642044 0.8485975423247255 216
1772885642160 0.8489420678308779 217
1772885642255 0.8491060643043059 218
1772885642367 0.8493113111307428 219
1772885642465 0.8495032272411619 220
1772885642574 0.8497962322490403 221
1772885642671 0.8501272056120243 222
1772885642770 0.8504549351618776 223
1772885642867 0.8506826930806792 224
1772885642964 0.8508758009345112 225
1772885643126 0.851089896052232 226
1772885643227 0.8514029106602298 227
1772885643324 0.8515890197907424 228
1772885643435 0.8518657032018437 229
1772885643552 0.8521768518769743 230
1772885643652 0.8524638048767116 231
1772885643743 0.8526490553508073 232
1772885643832 0.8528562724224491 233
1772885643936 0.853125979932034 234
1772885644039 0.8533051645935809 235
1772885644131 0.8534683496127599 236
1772885644234 0.8537289969779346 237
1772885644342 0.8540055161833813 238
1772885644446 0.8542413102712625 239
1772885644560 0.8545414469255462 240
1772885644649 0.8546808656532032 241
1772885644767 0.8549355771231166 242
1772885644857 0.8550659636491563 243
1772885644959 0.8553228626723685 244
1772885645063 0.8555011179855725 245
1772885645165 0.8557525022592806 246
1772885645252 0.8559386108331638 247
1772885645334 0.8560745460630972 248
1772885645430 0.8563069528388045 249
1772885645529 0.8565731236369011 250
1772885645632 0.856869896357443 251
1772885645719 0.8569424347342193 252
1772885645807 0.8571618672593371 253
1772885645913 0.8574939670174496 254
1772885645999 0.8576429389517842 255
1772885646095 0.8578329359155715 256
1772885646198 0.858155054753023 257
1772885646302 0.8584432987988468 258
1772885646398 0.8585666660062816 259
1772885646504 0.8588801659950622 260
1772885646586 0.8590794215972816 261
1772885646683 0.8593116828700799 262
1772885646788 0.8595668717053138 263
1772885646882 0.8597593173928851 264
1772885646976 0.8599384670981096 265
1772885647076 0.8601807829892935 266
1772885647158 0.8602372978999662 267
1772885647257 0.8604560294060956 268
1772885647346 0.8605734003796488 269
1772885647451 0.8608540955297156 270
1772885647539 0.8610242483236228 271
1772885647650 0.861320183205685 272
1772885647748 0.8614196342769799 273
1772885647846 0.8616624722864829 274
1772885647943 0.8619144017229646 275
1772885648048 0.8622151565697912 276
1772885648139 0.8624065754988857 277
1772885648231 0.8626838857859475 278
1772885648329 0.8629586182112189 279
1772885648413 0.8631541105538094 280
1772885648514 0.8633437344646143 281
1772885648616 0.8636229634530046 282
1772885648719 0.8638621706806611 283
1772885648818 0.864018589647584 284
1772885648913 0.8641677981493874 285
1772885649010 0.8643675139727435 286
1772885649099 0.8644813138351153 287
1772885649199 0.8646181774114586 288
1772885649301 0.8649136220144 289
1772885649406 0.8650952324666022 290
1772885649497 0.8653122095883838 291
1772885649579 0.8654434292772167 292
1772885649664 0.8655298626808337 293
1772885649761 0.8656783979951155 294
1772885649849 0.8658592893935388 295
1772885649946 0.8659850007897679 296
1772885650038 0.8661214478960406 297
1772885650119 0.8662855599257193 298
1772885650216 0.8664528376177695 299
1772885650308 0.8667502890921263 300
1772885650394 0.8669690159225693 301
1772885650487 0.8671917372364681 302
1772885650584 0.8674349673356768 303
1772885650675 0.8676298600771443 304
1772885650775 0.8678364353551594 305
1772885650858 0.8679843941127728 306
1772885650938 0.8681400079710212 307
1772885651032 0.8683554324309272 308
1772885651124 0.8685514793989901 309
1772885651223 0.868721105287566 310
1772885651329 0.8689174311269272 311
1772885651423 0.8690850023852903 312
1772885651525 0.8692970829501108 313
1772885651636 0.8696424226936588 314
1772885651748 0.8698710990508681 315
1772885651861 0.8701148996951483 316
1772885651971 0.8703771910094102 317
1772885652068 0.8705355995922391 318
1772885652167 0.8707915996590703 319
1772885652260 0.8709873395903903 320
1772885652359 0.8712019665117807 321
1772885652443 0.871321717298406 322
1772885652551 0.8715092878035828 323
1772885652633 0.8716608678803439 324
1772885652726 0.8717500707375695 325
1772885652829 0.8718771339638092 326
1772885652911 0.8720328833056383 327
1772885653017 0.8722836825619121 328
1772885653114 0.872500090919836 329
1772885653199 0.8726710300083462 330
1772885653301 0.8729235103965469 331
1772885653403 0.8731174491866548 332
1772885653493 0.873193140312002 333
1772885653590 0.8734077082306826 334
1772885653681 0.8735677264742313 335
1772885653768 0.8736814789117836 336
1772885653859 0.8738552467905899 337
1772885653947 0.8740100308258211 338
1772885654033 0.874120751080717 339
1772885654119 0.8742512782113274 340
1772885654209 0.8745141027764952 341
1772885654300 0.8747922379882361 342
1772885654384 0.8749164216595839 343
1772885654481 0.8751784187395777 344
1772885654569 0.8753429949981243 345
1772885654662 0.875495582017358 346
1772885654747 0.8755928706950004 347
1772885654853 0.8758823088220803 348
1772885654959 0.8761377151880594 349
1772885655056 0.8762542337394443 350
1772885655160 0.8765094687749132 351
1772885655260 0.8767384873478397 352
1772885655352 0.8769799891129536 353
1772885655437 0.8770737526569978 354
1772885655541 0.8773001440507744 355
1772885655623 0.8775188148843059 356
1772885655724 0.8777853142050378 357
1772885655815 0.877965029223018 358
1772885655908 0.8781227925611182 359
1772885656000 0.8782731241182741 360
1772885656090 0.8784320093984682 361
1772885656172 0.8785577795747554 362
1772885656261 0.8787925792999871 363
1772885656350 0.87891389454903 364
1772885656439 0.8791868289502135 365
1772885656546 0.8794230361683895 366
1772885656639 0.8796537649292943 367
1772885656738 0.8798007406794967 368
1772885656829 0.8799120074330767 369
1772885656939 0.8800844094548134 370
1772885657022 0.880150210835385 371
1772885657119 0.8803014763052442 372
1772885657218 0.8804999282460253 373
1772885657308 0.8806504606350463 374
1772885657411 0.8808135512498896 375
1772885657512 0.8809702342817705 376
1772885657644 0.8811644791066885 377
1772885657736 0.8813591764712583 378
1772885657831 0.8815534043746444 379
1772885657933 0.8816417149550411 380
1772885658032 0.8817194103913087 381
1772885658124 0.8818647107985295 382
1772885658216 0.8819612511436896 383
1772885658318 0.8821661815820107 384
1772885658416 0.8822634977571422 385
1772885658504 0.8823265077529093 386
1772885658602 0.8824726896383498 387
1772885658696 0.8826043040887093 388
1772885658806 0.8828061056021951 389
1772885658894 0.8829147773498011 390
1772885659003 0.8831007247238281 391
1772885659097 0.8832264601664446 392
1772885659193 0.8833829145349934 393
1772885659285 0.8835325429579693 394
1772885659374 0.8836942143906523 395
1772885659471 0.8838418708985352 396
1772885659558 0.8839516184993258 397
1772885659667 0.8842488121429732 398
1772885659763 0.8844727880994001 399
1772885659886 0.8846113016364274 400
1772885659983 0.884793456694774 401
1772885660076 0.8849723451181872 402
1772885660161 0.8851281929834093 403
1772885660256 0.8852622906685719 404
1772885660348 0.8854803063493725 405
1772885660442 0.8856755952996028 406
1772885660537 0.8858591753290549 407
1772885660620 0.8859866426681939 408
1772885660723 0.8861662828751911 409
1772885660824 0.8862730825670072 410
1772885660937 0.8864716030845228 411
1772885661062 0.8866334164576869 412
1772885661161 0.8867418124511187 413
1772885661264 0.886913536943625 414
1772885661368 0.887089890922336 415
1772885661471 0.88727595017886 416
1772885661557 0.8873857123633392 417
1772885661655 0.8875213900965407 418
1772885661749 0.887716189658257 419
1772885661844 0.8878361865863756 420
1772885661942 0.8879848629505317 421
1772885662033 0.8880942326000018 422
1772885662123 0.8883076292592291 423
1772885662220 0.888465660447367 424
1772885662302 0.888575701948448 425
1772885662393 0.8887127093578124 426
1772885662487 0.8888458729076197 427
1772885662584 0.8889889353309237 428
1772885662687 0.8891310677379297 429
1772885662776 0.8892444767351803 430
1772885662864 0.8893646998774618 431
1772885662940 0.889406157630562 432
1772885663022 0.8895112701788545 433
1772885663122 0.8896642084312004 434
1772885663210 0.889816312852798 435
1772885663306 0.8900104624940992 436
1772885663398 0.8901434146360839 437
1772885663480 0.8902452407334385 438
1772885663558 0.8903478259618843 439
1772885663659 0.890545598703547 440
1772885663741 0.8906061225700386 441
1772885663837 0.8908042572320969 442
1772885663933 0.890989413969812 443
1772885664025 0.8911212212365741 444
1772885664114 0.8913509801265203 445
1772885664213 0.8915353294177176 446
1772885664305 0.8916893048931722 447
1772885664398 0.891805271824883 448
1772885664504 0.8920014639618774 449
1772885664591 0.8921088512316228 450
1772885664699 0.8922192614439775 451
1772885664795 0.8923928402914606 452
1772885664927 0.8925809923629697 453
1772885665017 0.8927175976633003 454
1772885665114 0.8929325511034605 455
1772885665209 0.8930415321143267 456
1772885665306 0.8931234426819199 457
1772885665403 0.8932286401718493 458
1772885665499 0.8933823603770896 459
1772885665602 0.8935441596118685 460
1772885665700 0.893646536549616 461
1772885665785 0.8937645773709146 462
1772885665879 0.8939191630234498 463
1772885665978 0.8941345163461263 464
1772885666063 0.8942325006991153 465
1772885666163 0.8943677680851688 466
1772885666285 0.8945588588256055 467
1772885666370 0.8946826560848669 468
1772885666453 0.8947657431442291 469
1772885666548 0.8949555488501759 470
1772885666651 0.8951061576087421 471
1772885666739 0.8952214553606627 472
1772885666835 0.8954216798319079 473
1772885666936 0.8956072443562761 474
1772885667048 0.8958562898961573 475
1772885667148 0.8960083923138893 476
1772885667233 0.8961492808769764 477
1772885667320 0.8962537476239107 478
1772885667417 0.8963794346397749 479
1772885667510 0.8965116710677568 480
1772885667598 0.896591402876795 481
1772885667685 0.8967258371000552 482
1772885667783 0.8969001145173576 483
1772885667879 0.8970602565552712 484
1772885667973 0.8972118406397636 485
1772885668067 0.897378563038386 486
1772885668147 0.8974426575707555 487
1772885668241 0.8975413050919379 488
1772885668372 0.8976819037624657 489
1772885668478 0.8978077366152164 490
1772885668603 0.8979918424367412 491
1772885668716 0.8981365367859385 492
1772885668811 0.8982660819110708 493
1772885668910 0.8983973308786068 494
1772885669004 0.8985676083574858 495
1772885669092 0.8987031927996103 496
1772885669173 0.8988509306867024 497
1772885669267 0.8990297727985547 498
1772885669362 0.8991357500148609 499
1772885669495 0.8992192755868157 500
1772885669589 0.8993985560999346 501
1772885669684 0.8995297066554037 502
1772885669792 0.8997151076420724 503
1772885669889 0.8999343299839521 504
1772885669980 0.899997872451344 505
1772885670061 0.9000478852633927 506
1772885670163 0.9002795258944792 507
1772885670260 0.9004461751520066 508
1772885670361 0.9006237265517498 509
1772885670451 0.9007525420471456 510
1772885670545 0.9009247973413886 511
1772885670632 0.9010717121963415 512
1772885670725 0.9013182129382149 513
1772885670812 0.9014761168808859 514
1772885670895 0.9015282497827576 515
1772885670993 0.9016643489956939 516
1772885671095 0.9018352788441572 517
1772885671175 0.901866514433441 518
1772885671258 0.9019734125373242 519
1772885671363 0.9021663538476582 520
1772885671449 0.9023604093072753 521
1772885671537 0.9024442765383178 522
1772885671626 0.902572475399733 523
1772885671716 0.9026317420632015 524
1772885671798 0.9027164496932186 525
1772885671890 0.9028407131852135 526
1772885671979 0.9029025092837202 527
1772885672069 0.9030458895423762 528
1772885672169 0.9032506614526618 529
1772885672257 0.9034030219237549 530
1772885672347 0.9035327435003873 531
1772885672436 0.9037102238742268 532
1772885672541 0.9039729683960958 533
1772885672639 0.9041461574917163 534
1772885672728 0.9042557432246955 535
1772885672825 0.904360446984402 536
1772885672915 0.9046058559534916 537
1772885673007 0.9046787894257722 538
1772885673099 0.9048299248670181 539
1772885673190 0.9049483128023719 540
1772885673280 0.9050947165602665 541
1772885673377 0.9052390940760446 542
1772885673491 0.9053852794125871 543
1772885673605 0.9056015106510557 544
1772885673701 0.9057443967341853 545
1772885673795 0.9059128121766026 546
1772885673892 0.9060285569018817 547
1772885673973 0.9061236225132735 548
1772885674052 0.9061647587572679 549
1772885674145 0.9062995168274771 550
1772885674258 0.9064855894431051 551
1772885674358 0.9065935239908157 552
1772885674453 0.9066813825881899 553
1772885674549 0.90680387410635 554
1772885674639 0.9069469445451164 555
1772885674726 0.9070865971684212 556
1772885674815 0.9072159500337801 557
1772885674900 0.907325023779094 558
1772885674991 0.9074165368707243 559
1772885675096 0.9075425587547983 560
1772885675204 0.9077088947413343 561
1772885675331 0.9078670879086094 562
1772885675435 0.9080482148725686 563
1772885675549 0.9082460953776712 564
1772885675668 0.9083424826497634 565
1772885675772 0.908458382451976 566
1772885675885 0.9085908082452586 567
1772885675982 0.9087235992987129 568
1772885676067 0.9088612059752227 569
1772885676150 0.9089646160170217 570
1772885676244 0.9090976340639201 571
1772885676340 0.9092503413150907 572
1772885676431 0.9093378866414734 573
1772885676561 0.9095480340326028 574
1772885676657 0.9096376436745486 575
1772885676743 0.9097176834109366 576
1772885676930 0.9097980419846095 577
1772885677024 0.9099251196832118 578
1772885677108 0.9100114736001592 579
1772885677187 0.9100754975519286 580
1772885677280 0.910173238546571 581
1772885677363 0.9102495853812784 582
1772885677456 0.9103122188729612 583
1772885677588 0.9104782965834843 584
1772885677708 0.9106061069176216 585
1772885677807 0.9107319488990934 586
1772885677921 0.9108630475767082 587
1772885678041 0.9109734970870941 588
1772885678123 0.9110467391546796 589
1772885678218 0.9112043929481262 590
1772885678323 0.9113425689451229 591
1772885678425 0.9115290503493367 592
1772885678534 0.9116938745305906 593
1772885678635 0.9118130771486437 594
1772885678738 0.9119257417098175 595
1772885678837 0.9120822488468276 596
1772885678915 0.9121391477204178 597
1772885678995 0.9122133901622498 598
1772885679095 0.9123567589543414 599
1772885679199 0.9124832216888511 600
1772885679294 0.9125875261226705 601
1772885679392 0.9127102172481112 602
1772885679483 0.9127619994734999 603
1772885679580 0.912918609141634 604
1772885679675 0.9130881184720264 605
1772885679777 0.9132043727358016 606
1772885679863 0.9132358373223952 607
1772885679970 0.9134074457020215 608
1772885680058 0.9135064283140655 609
1772885680151 0.9136202904075973 610
1772885680241 0.9137570821787561 611
1772885680326 0.9138815197844079 612
1772885680434 0.9140604202310147 613
1772885680541 0.914229577437688 614
1772885680635 0.9143740960033403 615
1772885680724 0.9144854028342327 616
1772885680819 0.9146387585585825 617
1772885680921 0.9148620693429503 618
1772885681013 0.91487130972394 619
1772885681110 0.9150439864979178 620
1772885681205 0.9151906996303986 621
1772885681293 0.9153194565683881 622
1772885681388 0.9154255580243625 623
1772885681485 0.9155109420703513 624
1772885681567 0.9155969654607978 625
1772885681667 0.9157543433887444 626
1772885681747 0.915852451647424 627
1772885681848 0.9159556963703096 628
1772885681950 0.9161289586070251 629
1772885682037 0.9162282466972499 630
1772885682136 0.9164101332376038 631
1772885682221 0.9164901178676873 632
1772885682317 0.9166902327942787 633
1772885682414 0.9168350764314647 634
1772885682496 0.9168628605848749 635
1772885682590 0.9169435132814899 636
1772885682685 0.9171069680432462 637
1772885682777 0.9171744211657157 638
1772885682870 0.9173487433360169 639
1772885682970 0.9174782715396173 640
1772885683062 0.917516534908272 641
1772885683161 0.9176320973931058 642
1772885683252 0.9177330660586279 643
1772885683386 0.917850376693561 644
1772885683486 0.9179506017022874 645
1772885683585 0.918042778964044 646
1772885683664 0.9181074336881792 647
1772885683758 0.9181721774730085 648
1772885683844 0.9182496985729676 649
1772885683940 0.9183633429131024 650
1772885684041 0.918502789694878 651
1772885684138 0.9186012035430642 652
1772885684224 0.9186805585140405 653
1772885684318 0.9188184970529616 654
1772885684418 0.9189497843165961 655
1772885684508 0.919025724589235 656
1772885684602 0.919065339119945 657
1772885684695 0.9191861716600259 658
1772885684785 0.9192955604575452 659
1772885684871 0.9193421472160181 660
1772885684973 0.9194704765513502 661
1772885685083 0.9196190099730922 662
1772885685193 0.9198405122687408 663
1772885685306 0.9199494475246753 664
1772885685399 0.920124295709701 665
1772885685484 0.9201544403054823 666
1772885685578 0.9203252003819974 667
1772885685662 0.9203720645645324 668
1772885685752 0.9204289733461247 669
1772885685871 0.9204671672474382 670
1772885685965 0.9205706794863836 671
1772885686063 0.920678616817241 672
1772885686155 0.92081283339843 673
1772885686244 0.9209361005239097 674
1772885686359 0.9210455975301723 675
1772885686468 0.921094833510317 676
1772885686572 0.9212222332746544 677
1772885686664 0.9212875668639303 678
1772885686761 0.9214220329263888 679
1772885686840 0.9215160683282017 680
1772885686935 0.9216354122187808 681
1772885687024 0.9217011875490995 682
1772885687104 0.9217619632347035 683
1772885687182 0.9217959938825456 684
1772885687272 0.9218854908627134 685
1772885687359 0.9220141311311937 686
1772885687449 0.9221252357943105 687
1772885687538 0.9222835553164455 688
1772885687618 0.9223742852305971 689
1772885687711 0.9224811833344803 690
1772885687806 0.9226586829676948 691
1772885687893 0.9228027635773841 692
1772885687985 0.922884626497506 693
1772885688071 0.9230019275584144 694
1772885688158 0.9230778742879536 695
1772885688255 0.9231854445774255 696
1772885688348 0.9233515307487145 697
1772885688430 0.9234170624980348 698
1772885688526 0.9235748032369839 699
1772885688616 0.9236591208924868 700
1772885688699 0.9237577808821664 701
1772885688790 0.9238221725432765 702
1772885688874 0.9239121218404444 703
1772885688963 0.9240122729287948 704
1772885689074 0.9241209761816214 705
1772885689166 0.924176995024228 706
1772885689261 0.9243204068994304 707
1772885689339 0.9243891117699554 708
1772885689440 0.9245206102187608 709
1772885689531 0.9246145326248181 710
1772885689656 0.9247023757478966 711
1772885689760 0.9247568407040432 712
1772885689861 0.9248648792301141 713
1772885689957 0.9249978604281502 714
1772885690039 0.9250821039406253 715
1772885690175 0.9251499005033964 716
1772885690280 0.9252837444769066 717
1772885690377 0.9253591992574368 718
1772885690479 0.9255263829904548 719
1772885690572 0.9255748576129907 720
1772885690672 0.9257191960533894 721
1772885690767 0.925832812784709 722
1772885690917 0.902572475399733 723
1772885713610 0.7307155744670596 0
1772885713713 0.7427356154209963 1
1772885713820 0.746973810794483 2
1772885713939 0.7500844917691598 3
1772885714076 0.7518062410501517 4
1772885714213 0.75341046149751 5
1772885714330 0.754631029737958 6
1772885714461 0.7558275351147725 7
1772885714577 0.7573584800967851 8
1772885714704 0.7584621407019408 9
1772885714838 0.7594358416044333 10
1772885714967 0.7606281793860679 11
1772885715105 0.761794423386266 12
1772885715228 0.7628337644694739 13
1772885715368 0.7640344208539142 14
1772885715506 0.764762829790804 15
1772885715640 0.7656797105270947 16
1772885715766 0.7664024875996677 17
1772885715877 0.7674930528316899 18
1772885716005 0.7689341909023192 19
1772885716125 0.7699468373783832 20
1772885716234 0.770609702542759 21
1772885716348 0.7713058298725127 22
1772885716456 0.7721033387754316 23
1772885716589 0.7729422626823175 24
1772885716710 0.7737145133044364 25
1772885716836 0.7745742677283894 26
1772885716949 0.7753798418564395 27
1772885717068 0.7760772446466585 28
1772885717182 0.7772086819463914 29
1772885717306 0.7781063379299294 30
1772885717424 0.7790797213310475 31
1772885717548 0.7798892341682938 32
1772885717675 0.780657796341767 33
1772885717792 0.7812095441518769 34
1772885717909 0.7819411082865066 35
1772885718026 0.7826955995382684 36
1772885718141 0.7834108183637113 37
1772885718254 0.7841871972829791 38
1772885718379 0.7848971019681313 39
1772885718501 0.7855717160192718 40
1772885718622 0.7861597080807756 41
1772885718743 0.7867547072150388 42
1772885718866 0.7875559204862026 43
1772885718988 0.7882816036092238 44
1772885719105 0.7889419990092265 45
1772885719216 0.7896011202846743 46
1772885719334 0.7902069889426739 47
1772885719448 0.7910464050212206 48
1772885719564 0.791684253593255 49
1772885719692 0.7924238670334168 50
1772885719801 0.793124894927863 51
1772885719922 0.7938834556967154 52
1772885720038 0.7945155616351948 53
1772885720144 0.7951597889567918 54
1772885720266 0.7957872727565737 55
1772885720400 0.7964746920656366 56
1772885720520 0.7970154000234327 57
1772885720654 0.7976584186800851 58
1772885720763 0.7982242711436445 59
1772885720888 0.7987752660569117 60
1772885720999 0.7994027302633409 61
1772885721107 0.8000665474865364 62
1772885721214 0.8006113827395486 63
1772885721323 0.8010902766753734 64
1772885721440 0.801536133101421 65
1772885721556 0.8020726018815042 66
1772885721667 0.8025892356204284 67
1772885721788 0.8030396906954156 68
1772885721901 0.8035881499393962 69
1772885722003 0.803968618115167 70
1772885722126 0.8045214441163048 71
1772885722229 0.8050742412840429 72
1772885722344 0.8056324554571733 73
1772885722459 0.8061894283468798 74
1772885722573 0.8066347624319566 75
1772885722679 0.8071182565752831 76
1772885722798 0.807541324484904 77
1772885722914 0.8080098603280282 78
1772885723030 0.8085243445871005 79
1772885723146 0.808917914704231 80
1772885723266 0.8094171267241543 81
1772885723366 0.8097163987104243 82
1772885723494 0.810291215912125 83
1772885723609 0.8107732588114414 84
1772885723733 0.8112696306858301 85
1772885723851 0.8116497115589074 86
1772885723951 0.8120124889410553 87
1772885724065 0.8124352196446232 88
1772885724166 0.8128892024137033 89
1772885724266 0.8132378706893673 90
1772885724381 0.8136417572633238 91
1772885724491 0.8140338965090778 92
1772885724599 0.8142946989511861 93
1772885724701 0.8146768692994727 94
1772885724813 0.8151196200677915 95
1772885724918 0.8154211860348896 96
1772885725033 0.8158311143750074 97
1772885725154 0.816086928193662 98
1772885725266 0.8164393888963322 99
1772885725381 0.8168321660393075 100
1772885725491 0.8171847724675384 101
1772885725600 0.8175363836425127 102
1772885725724 0.8179917851484497 103
1772885725841 0.8183883372402702 104
1772885725948 0.818738579775028 105
1772885726063 0.8191476112739564 106
1772885726165 0.8195039083773503 107
1772885726285 0.819845782991943 108
1772885726388 0.8201949462224143 109
1772885726494 0.8205755601237458 110
1772885726594 0.820862011823101 111
1772885726702 0.821238297820003 112
1772885726803 0.8215505143328559 113
1772885726925 0.8219574962112356 114
1772885727034 0.822281517273787 115
1772885727158 0.8226981487670457 116
1772885727260 0.8229137588071731 117
1772885727373 0.82331970869476 118
1772885727480 0.8235674421479655 119
1772885727621 0.8239159124862367 120
1772885727727 0.8242315550526654 121
1772885727836 0.8245138434985495 122
1772885727950 0.8249359331877717 123
1772885728072 0.8252770100411969 124
1772885728181 0.8256649096639345 125
1772885728299 0.8260073853268864 126
1772885728427 0.8264218949491084 127
1772885728533 0.8267173848616779 128
1772885728643 0.8270085889509958 129
1772885728744 0.8273258647792283 130
1772885728853 0.8276552172375797 131
1772885728964 0.827880240659095 132
1772885729087 0.828271180034648 133
1772885729203 0.8285384941494048 134
1772885729318 0.8289840070238251 135
1772885729437 0.829393728520481 136
1772885729542 0.8297040736454991 137
1772885729666 0.8301037448654784 138
1772885729773 0.8302654923337289 139
1772885729871 0.830502653169287 140
1772885729973 0.8308545316376694 141
1772885730097 0.831234281761594 142
1772885730191 0.8314733776633829 143
1772885730288 0.8317309548837806 144
1772885730398 0.8320104902409585 145
1772885730510 0.8323673197046514 146
1772885730625 0.832727050654432 147
1772885730726 0.832968512787537 148
1772885730838 0.8333021295832476 149
1772885730948 0.833674714329029 150
1772885731065 0.8338970929819073 151
1772885731185 0.834244293982636 152
1772885731293 0.8345005138067298 153
1772885731404 0.8347535917921878 154
1772885731511 0.8349933479676975 155
1772885731619 0.8352023933440633 156
1772885731736 0.835590640971463 157
1772885731846 0.8358377949735275 158
1772885731962 0.8361261787333153 159
1772885732074 0.8364484460794741 160
1772885732190 0.8366239638895935 161
1772885732295 0.8368596892894145 162
1772885732400 0.8371040623713059 163
1772885732510 0.8374260976030308 164
1772885732611 0.8378034738141543 165
1772885732718 0.838025344264447 166
1772885732824 0.838211051953881 167
1772885732925 0.8384523609025922 168
1772885733027 0.8387200358244861 169
1772885733133 0.8390155874115862 170
1772885733244 0.8392962139849185 171
1772885733358 0.8396204551387101 172
1772885733460 0.8398316165971675 173
1772885733565 0.8401194667720718 174
1772885733669 0.8404585041356023 175
1772885733771 0.8407157653018619 176
1772885733867 0.8409679404345335 177
1772885733979 0.841309127277916 178
1772885734090 0.841687053884129 179
1772885734181 0.8419499293252183 180
1772885734287 0.8422431215832059 181
1772885734395 0.8426135786690054 182
1772885734502 0.8428454242510142 183
1772885734603 0.843077979424103 184
1772885734704 0.8432977435889804 185
1772885734817 0.8436527494236359 186
1772885734913 0.843781299852141 187
1772885735030 0.8440622616276607 188
1772885735123 0.8442693977653968 189
1772885735213 0.8444955407911627 190
1772885735297 0.8446273131016024 191
1772885735406 0.8449732830608871 192
1772885735500 0.8451948062857987 193
1772885735604 0.8454798366878021 194
1772885735712 0.8457521042470386 195
1772885735825 0.8460692864502165 196
1772885735942 0.846380990307449 197
1772885736057 0.8467127871478757 198
1772885736156 0.8468567098974846 199
1772885736263 0.8470410116525364 200
1772885736383 0.8473433859567593 201
1772885736472 0.8476297681887731 202
1772885736583 0.8479938469703135 203
1772885736680 0.8482264766204077 204
1772885736790 0.8484375514673401 205
1772885736914 0.8486839427758857 206
1772885737034 0.8489615612129491 207
1772885737128 0.8491750101953343 208
1772885737218 0.8493896559307963 209
1772885737313 0.8495989131602881 210
1772885737415 0.849797738599355 211
1772885737521 0.8499722816401776 212
1772885737621 0.8501674929962781 213
1772885737730 0.850352736679496 214
1772885737835 0.8505751469489207 215
1772885737936 0.8507227275325618 216
1772885738034 0.85092173020241 217
1772885738134 0.8512280660376319 218
1772885738250 0.8515749539900208 219
1772885738350 0.8517257419832339 220
1772885738457 0.8519007778636724 221
1772885738563 0.8520987031217737 222
1772885738670 0.852355115984922 223
1772885738769 0.8526269713044707 224
1772885738870 0.8528949345603617 225
1772885738971 0.8531599664948325 226
1772885739071 0.8534229305513124 227
1772885739182 0.853741982249785 228
1772885739281 0.8540398153492161 229
1772885739376 0.8542931695341516 230
1772885739462 0.854484446411439 231
1772885739568 0.8546820511623674 232
1772885739671 0.8549275043278265 233
1772885739765 0.8551173361953521 234
1772885739866 0.8553613189687518 235
1772885739961 0.8555538206532346 236
1772885740055 0.8556371940427284 237
1772885740162 0.8558963595492793 238
1772885740263 0.8561643341604088 239
1772885740353 0.8563134901164027 240
1772885740456 0.856620409187845 241
1772885740554 0.8568354413353935 242
1772885740646 0.8570721151202807 243
1772885740743 0.8572194251820635 244
1772885740830 0.8573877144922728 245
1772885740933 0.8576509166747834 246
1772885741030 0.8578788803237883 247
1772885741123 0.8581188893203434 248
1772885741220 0.8583319073602951 249
1772885741317 0.8585776686757557 250
1772885741411 0.858685518504481 251
1772885741512 0.858940794730521 252
1772885741616 0.8591021761593187 253
1772885741724 0.8592682334972082 254
1772885741804 0.8593280630242633 255
1772885741900 0.8596226111199927 256
1772885741996 0.8598432461871325 257
1772885742097 0.8600895057971766 258
1772885742212 0.8604246013343866 259
1772885742299 0.8605680492791701 260
1772885742396 0.8607768816891511 261
1772885742503 0.8610045168155207 262
1772885742602 0.8612152220605727 263
1772885742695 0.8613736147238025 264
1772885742796 0.8616066185401379 265
1772885742899 0.8618175339684279 266
1772885743006 0.8619669832680827 267
1772885743112 0.862249128660227 268
1772885743216 0.8625152777497793 269
1772885743309 0.8627320323311516 270
1772885743404 0.8629650819024185 271
1772885743503 0.8631710637022334 272
1772885743589 0.8632995128241989 273
1772885743679 0.8633722098403366 274
1772885743767 0.8634716347500525 275
1772885743876 0.863701182232176 276
1772885743976 0.8639144778075156 277
1772885744069 0.864144496309385 278
1772885744166 0.8643239026207342 279
1772885744254 0.8644355847311265 280
1772885744340 0.8645921941766089 281
1772885744423 0.8647506210168802 282
1772885744544 0.8650611197715956 283
1772885744643 0.865347103902307 284
1772885744731 0.865548567207807 285
1772885744831 0.8658657697836186 286
1772885744930 0.8660350550150395 287
1772885745027 0.866348110256979 288
1772885745125 0.8665003712027465 289
1772885745227 0.8667126643999741 290
1772885745337 0.8668956637537006 291
1772885745454 0.8671245846938412 292
1772885745560 0.8673483970012427 293
1772885745664 0.8675090976723601 294
1772885745757 0.8675736196960611 295
1772885745871 0.8678155295818056 296
1772885745962 0.8679723077973034 297
1772885746059 0.8681233343618507 298
1772885746143 0.8682216943283171 299
1772885746246 0.8684194945674691 300
1772885746346 0.8686984655024982 301
1772885746446 0.8689491138008955 302
1772885746544 0.8691441265516483 303
1772885746641 0.8692847973613382 304
1772885746728 0.8694101666531762 305
1772885746822 0.8695686635174181 306
1772885746920 0.8697779499142874 307
1772885747010 0.8698983283561542 308
1772885747114 0.8701127381921028 309
1772885747205 0.8702768528936022 310
1772885747290 0.8704111480708538 311
1772885747380 0.8705750935570346 312
1772885747481 0.8707660121876799 313
1772885747583 0.8710314499049382 314
1772885747686 0.8712536543328337 315
1772885747766 0.8713408575548252 316
1772885747866 0.8715796810422161 317
1772885747968 0.8718755285334723 318
1772885748058 0.8719757303864183 319
1772885748497 0.8721111118814862 320
1772885748588 0.8722159023640436 321
1772885748699 0.872434840713635 322
1772885748797 0.8725713358013566 323
1772885748917 0.8727548539336263 324
1772885749021 0.8729351010892537 325
1772885749147 0.8732040624928737 326
1772885749269 0.873406968692944 327
1772885749384 0.8735925575976772 328
1772885749491 0.8737411053804562 329
1772885749640 0.8738318931840591 330
1772885749747 0.8739678054808637 331
1772885749845 0.8740073996389399 332
1772885749964 0.8742465480865383 333
1772885750075 0.8745367530261945 334
1772885750180 0.874718651589742 335
1772885750291 0.8749757448765932 336
1772885750399 0.8750885845533568 337
1772885750514 0.8753386746638538 338
1772885750637 0.8754442368573256 339
1772885750748 0.8756990920489343 340
1772885750867 0.875993967776692 341
1772885750963 0.8761963412824857 342
1772885751086 0.876305603836471 343
1772885751297 0.8764859177876191 344
1772885751418 0.8766599167789265 345
1772885751549 0.8768368398554729 346
1772885751664 0.8769868368783965 347
1772885751787 0.8772177907402056 348
1772885751919 0.8774331133369427 349
1772885752099 0.8776110052825148 350
1772885752208 0.8778161594858298 351
1772885752335 0.8779581552959962 352
1772885752464 0.8781838982165939 353
1772885752571 0.8783262152018884 354
1772885752671 0.8784702069735352 355
1772885752784 0.8786429876145475 356
1772885752887 0.878870550490429 357
1772885752986 0.8789747307959059 358
1772885753098 0.879138052857228 359
1772885753198 0.879281243193954 360
1772885753315 0.8794931704630546 361
1772885753418 0.8796571635967066 362
1772885753521 0.8798542987751256 363
1772885753616 0.8799666312512363 364
1772885753728 0.8800968342009203 365
1772885753815 0.8801767604962493 366
1772885753912 0.8803578879055118 367
1772885754013 0.880431882981266 368
1772885754124 0.8805515376936675 369
1772885754235 0.880682617223233 370
1772885754359 0.8808118203552999 371
1772885754466 0.880913851180925 372
1772885754579 0.8810894598329523 373
1772885754701 0.881286798626383 374
1772885754792 0.8813739066647578 375
1772885754891 0.8815094425688039 376
1772885754987 0.8816462954578641 377
1772885755081 0.8817567493099588 378
1772885755191 0.8819135173948026 379
1772885755289 0.8820162528018439 380
1772885755399 0.8821990945181419 381
1772885755477 0.8823372451328408 382
1772885755589 0.8825246742541658 383
1772885755684 0.8827115769154628 384
1772885755779 0.8828909998143664 385
1772885755885 0.8831338088791437 386
1772885755972 0.8832884990666684 387
1772885756059 0.883459415110724 388
1772885756155 0.8836439445271751 389
1772885756252 0.8838668485268227 390
1772885756385 0.8840118470182905 391
1772885756495 0.8842169210669808 392
1772885756587 0.8843124376594623 393
1772885756679 0.8844740234825531 394
1772885756770 0.8845516229559229 395
1772885756858 0.884645295769385 396
1772885756967 0.8848527863686837 397
1772885757070 0.8850130333868904 398
1772885757166 0.8852044279356198 399
1772885757254 0.8853171695342941 400
1772885757352 0.8855141326029217 401
1772885757445 0.8856841463508203 402
1772885757552 0.8858933294372842 403
1772885757645 0.885950770133872 404
1772885757739 0.8861330898431768 405
1772885757843 0.8862930124578055 406
1772885757946 0.8865018782655467 407
1772885758045 0.8866675761322096 408
1772885758132 0.8868206412960447 409
1772885758220 0.8869239639470377 410
1772885758312 0.8870037290425102 411
1772885758395 0.8871365126371313 412
1772885758483 0.8873137165888416 413
1772885758577 0.8874293650172452 414
1772885758681 0.8876120399673937 415
1772885758773 0.8877669973370006 416
1772885758873 0.8879753049568417 417
1772885758964 0.8881027924459628 418
1772885759060 0.888302687281314 419
1772885759143 0.8883960755458584 420
1772885759233 0.8885576391037756 421
1772885759330 0.8887309000045809 422
1772885759429 0.8889278475989127 423
1772885759517 0.8890458618133291 424
1772885759614 0.8891617965718642 425
1772885759708 0.8893070172697637 426
1772885759802 0.8894830353783321 427
1772885759906 0.8896967702455453 428
1772885760002 0.8897969028538016 429
1772885760105 0.8899501862163374 430
1772885760196 0.8900082581305946 431
1772885760288 0.8901005250096745 432
1772885760382 0.8902158085118841 433
1772885760475 0.8904206572370184 434
1772885760576 0.8906310360746263 435
1772885760663 0.8907957776520864 436
1772885760752 0.8909344079699489 437
1772885760842 0.8910598176730767 438
1772885760933 0.891204101786452 439
1772885761042 0.8914216701599166 440
1772885761137 0.8915073926365429 441
1772885761227 0.8916245555420494 442
1772885761329 0.8917582034707068 443
1772885761425 0.8919170422166882 444
1772885761524 0.8920847392732818 445
1772885761630 0.8922316790652289 446
1772885761729 0.8924189623496672 447
1772885761826 0.8925967339519765 448
1772885761916 0.8927088504559041 449
1772885762015 0.8928255337695731 450
1772885762106 0.8929341488523125 451
1772885762193 0.8930362296632521 452
1772885762292 0.8932187223729552 453
1772885762379 0.8933299872339956 454
1772885762484 0.8934055770528032 455
1772885762578 0.8936029185180548 456
1772885762661 0.8936749783049263 457
1772885762748 0.8936931331047653 458
1772885762847 0.8938294174526195 459
1772885762940 0.8939673188087008 460
1772885763043 0.8941209979346959 461
1772885763127 0.8942696495845094 462
1772885763214 0.8943740188099838 463
1772885763306 0.8945130348719775 464
1772885763403 0.8946628123602902 465
1772885763495 0.8947415922218344 466
1772885763597 0.8949818857673071 467
1772885763692 0.8951271407535738 468
1772885763780 0.895306383193246 469
1772885763867 0.8953858045144394 470
1772885763963 0.8955832155583582 471
1772885764062 0.8957850627154498 472
1772885764143 0.8958330849096597 473
1772885764242 0.895981361725277 474
1772885764331 0.8960945430611283 475
1772885764423 0.8962186935573676 476
1772885764513 0.8964412220548639 477
1772885764622 0.8966315183739092 478
1772885764706 0.896736973694548 479
1772885764793 0.8968732907722073 480
1772885764880 0.8969839489072692 481
1772885764973 0.8970528185400782 482
1772885765065 0.8971912716271594 483
1772885765167 0.8973500804264825 484
1772885765255 0.8974534703182994 485
1772885765355 0.8976077172062192 486
1772885765461 0.8977652731442282 487
1772885765548 0.8978327615569978 488
1772885765636 0.8979352031750744 489
1772885765723 0.8980737032416717 490
1772885765806 0.898148299365785 491
1772885765910 0.8982888341352647 492
1772885766004 0.8984836764461143 493
1772885766103 0.8987059638117811 494
1772885766207 0.8988682994145902 495
1772885766305 0.8990211846758234 496
1772885766390 0.899160950072232 497
1772885766484 0.8992934742775817 498
1772885766589 0.8993667333780249 499
1772885766671 0.89944634161535 500
1772885766775 0.899593108295573 501
1772885766880 0.8997859490786486 502
1772885766977 0.8998860860286139 503
1772885767068 0.9000682324035428 504
1772885767171 0.900287130564496 505
1772885767271 0.9004274468012977 506
1772885767363 0.9006028108703938 507
1772885767447 0.9006999704100297 508
1772885767535 0.900776044051058 509
1772885767645 0.9009627874050384 510
1772885767754 0.9011683329187781 511
1772885767854 0.9012803199507217 512
1772885767958 0.9015242153333152 513
1772885768074 0.9016682561996696 514
1772885768163 0.901800337439392 515
1772885768264 0.9020164208371084 516
1772885768364 0.9022103021830686 517
1772885768501 0.9023983635239957 518
1772885768603 0.9025379918782614 519
1772885768705 0.9027200260367158 520
1772885768795 0.902839759233854 521
1772885768893 0.9029575924324095 522
1772885768974 0.9030282922624822 523
1772885769070 0.9031599304252514 524
1772885769168 0.903337205514191 525
1772885769270 0.9034960895698007 526
1772885769365 0.9036536727826471 527
1772885769450 0.9037419337117067 528
1772885769553 0.9039244968906841 529
1772885769664 0.904169311156989 530
1772885769764 0.9043344489432118 531
1772885769863 0.9044964470059903 532
1772885769954 0.9046632683733091 533
1772885770045 0.904775695810385 534
1772885770130 0.904884156484146 535
1772885770231 0.9050669084717947 536
1772885770318 0.9051793087453589 537
1772885770424 0.9053743886256099 538
1772885770525 0.905562875454003 539
1772885770649 0.9057082084797029 540
1772885770749 0.9058737032879832 541
1772885770844 0.9059378657291318 542
1772885770938 0.9060286740166944 543
1772885771028 0.9061392075781103 544
1772885771126 0.9062954401855309 545
1772885771210 0.9064325541337506 546
1772885771300 0.9065221231417547 547
1772885771400 0.9066611261786219 548
1772885771502 0.9067845559511943 549
1772885771606 0.9069641329250987 550
1772885771701 0.9070601726378322 551
1772885771796 0.9071861504368626 552
1772885771885 0.9072552207902108 553
1772885771971 0.9073405059788292 554
1772885772055 0.9074490558246101 555
1772885772142 0.9076157422649774 556
1772885772237 0.9077045660576237 557
1772885772327 0.9078356276637246 558
1772885772423 0.9079391235377676 559
1772885772504 0.9079913562989425 560
1772885772609 0.9081023875983126 561
1772885772705 0.9082456609841357 562
1772885772790 0.9083172770260989 563
1772885772880 0.9083860653910245 564
1772885772982 0.908513859471585 565
1772885773081 0.9086444600772681 566
1772885773165 0.9087407158735106 567
1772885773252 0.9088807359835044 568
1772885773344 0.9090464939661358 569
1772885773434 0.9092395885721896 570
1772885773513 0.9093037482301914 571
1772885773598 0.9093410131171396 572
1772885773679 0.9094728124797651 573
1772885773784 0.9096254980223917 574
1772885773886 0.9097933029537509 575
1772885773975 0.9099135093971523 576
1772885774062 0.9100569692538036 577
1772885774153 0.9102183176188188 578
1772885774255 0.910345601492928 579
1772885774342 0.910432791689793 580
1772885774436 0.910558481266152 581
1772885774542 0.9107181739928639 582
1772885774648 0.9108099340052687 583
1772885774749 0.9110389394417427 584
1772885774861 0.9111314445581794 585
1772885774950 0.911212259901887 586
1772885775056 0.9113367123138794 587
1772885775159 0.9114824739441696 588
1772885775264 0.9115771332161446 589
1772885775351 0.911631783307209 590
1772885775456 0.9117663511215104 591
1772885775561 0.9119363172219376 592
1772885775655 0.9120317970768829 593
1772885775744 0.9121115317803936 594
1772885775853 0.9122866517118621 595
1772885775944 0.9123411600850969 596
1772885776054 0.912528542004254 597
1772885776157 0.9126318588663018 598
1772885776250 0.9126887909150005 599
1772885776335 0.9127143400902925 600
1772885776440 0.9128764823200696 601
1772885776532 0.9129462481261129 602
1772885776619 0.9130210375119324 603
1772885776719 0.9131989923566197 604
1772885776808 0.913306669073621 605
1772885776921 0.9133692824153218 606
1772885777022 0.9134613722862722 607
1772885777112 0.9135450772041998 608
1772885777201 0.9135959588033195 609
1772885777292 0.9137406458050096 610
1772885777407 0.9138972987789062 611
1772885777503 0.9140256323446211 612
1772885777593 0.9141114657018116 613
1772885777675 0.9141593199052873 614
1772885777762 0.9142540377346687 615
1772885777860 0.9144317766071729 616
1772885777972 0.914585481783421 617
1772885778068 0.9147838879692705 618
1772885778168 0.9149076521647491 619
1772885778282 0.9150342689742595 620
1772885778377 0.9152142922535672 621
1772885778476 0.9152850194698032 622
1772885778570 0.9153245073116759 623
1772885778660 0.9153756894906382 624
1772885778746 0.9154769154302403 625
1772885778845 0.9156249985388479 626
1772885778934 0.9157394916273974 627
1772885779028 0.9158373354871415 628
1772885779123 0.9160157919661883 629
1772885779223 0.9161425637413065 630
1772885779313 0.9162622027567606 631
1772885779403 0.9163813050702071 632
1772885779486 0.9164655999039071 633
1772885779567 0.9165025009779199 634
1772885779659 0.9166105364981924 635
1772885779763 0.9167447133360468 636
1772885779849 0.916849075102688 637
1772885779940 0.9169177837582925 638
1772885780027 0.9170057116003563 639
1772885780116 0.9170905351206016 640
1772885780207 0.917177424737624 641
1772885780313 0.9172951951483902 642
1772885780416 0.9174226659386311 643
1772885780507 0.9175413501121187 644
1772885780599 0.9176655018329426 645
1772885780695 0.9177447314509919 646
1772885780790 0.9178240806330231 647
1772885780876 0.91790836800789 648
1772885780969 0.9179873841029252 649
1772885781056 0.9180825335426954 650
1772885781151 0.918240874328071 651
1772885781233 0.9182884094716102 652
1772885781325 0.9183763905274387 653
1772885781421 0.9185303175761409 654
1772885781521 0.9186539288098774 655
1772885781619 0.9187807730581354 656
1772885781711 0.9188802795697123 657
1772885781812 0.919045975989139 658
1772885781903 0.9190756281906077 659
1772885782007 0.9192501585402814 660
1772885782091 0.9193082723130648 661
1772885782185 0.919407945034162 662
1772885782277 0.9194901449376853 663
1772885782377 0.9196490633929879 664
1772885782477 0.9197898944006014 665
1772885782582 0.9199190114777727 666
1772885782696 0.9200772318085595 667
1772885782786 0.9201849237772046 668
1772885782880 0.9203341325016596 669
1772885782988 0.9205028091145623 670
1772885783080 0.9206056118737534 671
1772885783174 0.9206569815254767 672
1772885783269 0.9207184208245776 673
1772885783366 0.9207950651220034 674
1772885783491 0.9209349842594352 675
1772885783591 0.9210027531020653 676
1772885783722 0.9210816835875083 677
1772885783844 0.9211804781701618 678
1772885784025 0.9213270945604636 679
1772885784159 0.9214010068097721 680
1772885784270 0.9214842636410825 681
1772885784381 0.9215908809811275 682
1772885784507 0.9217101981534984 683
1772885784644 0.9218300724005108 684
1772885784761 0.921933651323651 685
1772885784856 0.9220393316338683 686
1772885784967 0.9221688038405572 687
1772885785067 0.9222937991888058 688
1772885785220 0.9223926501023483 689
1772885785326 0.9224856186683719 690
1772885785436 0.9226011799286211 691
1772885785539 0.9226756976793237 692
1772885785655 0.9227609893248423 693
1772885785755 0.9228283450371777 694
1772885785873 0.9229487169108184 695
1772885785981 0.9230876789797663 696
1772885786089 0.9231745619172367 697
1772885786182 0.9232403572862115 698
1772885786289 0.9233450895453401 699
1772885786385 0.9233905829724672 700
1772885786476 0.923512348979948 701
1772885786572 0.9236357943381418 702
1772885786690 0.923762281786994 703
1772885786774 0.9238453694029857 704
1772885786863 0.9238721003023624 705
1772885786957 0.9239742515825763 706
1772885787042 0.9240790289286813 707
1772885787134 0.9241529135691747 708
1772885787232 0.9241995188077416 709
1772885787357 0.9243088137575546 710
1772885787456 0.9243662778325746 711
1772885787545 0.9244152780245316 712
1772885787670 0.9245308239218111 713
1772885787770 0.9246575341337244 714
1772885787863 0.9247163809873462 715
1772885787960 0.9248553656554452 716
1772885788056 0.9249363072426868 717
1772885788153 0.925042876489957 718
1772885788237 0.9251120809909759 719
1772885788334 0.9252274351851113 720
1772885788438 0.9253157551168809 721
1772885788536 0.9254661052654566 722
1772885788639 0.925564538373018 723
1772885788748 0.9256800539896615 724
1772885788836 0.9258043602307896 725
1772885788927 0.9259014615469966 726
1772885789019 0.9259852445043574 727
1772885789114 0.9261104597211945 728
1772885789212 0.9262147071561697 729
1772885789316 0.9262659529022024 730
1772885789460 0.9264069731637908 731
1772885789570 0.9264677750109738 732
1772885789673 0.9265546475951384 733
1772885789768 0.9266684368815528 734
1772885789854 0.9267333739280883 735
1772885789950 0.9268730149735028 736
1772885790051 0.9270376885308578 737
1772885790128 0.9271131595649647 738
1772885790217 0.9271939536454317 739
1772885790300 0.9272800723308209 740
1772885790391 0.9273214793193253 741
1772885790503 0.9274311288420266 742
1772885790592 0.9274764219939178 743
1772885790687 0.9276274398750475 744
1772885790776 0.9277261127785277 745
1772885790874 0.9278273410559732 746
1772885790966 0.9278788852666568 747
1772885791066 0.9279796734729476 748
1772885791163 0.9280588340689591 749
1772885791266 0.9281585646795075 750
1772885791361 0.9282812621505226 751
1772885791467 0.9284116396591671 752
1772885791561 0.9284827120969186 753
1772885791643 0.9286022645008477 754
1772885791728 0.9286927044111143 755
1772885791815 0.9287493471238831 756
1772885791902 0.9288118886603992 757
1772885792005 0.9289562326670913 758
1772885792096 0.9290576211424602 759
1772885792188 0.9291236138921982 760
1772885792269 0.9291879823975279 761
1772885792405 0.9082456609841357 762
1772885835174 0.7292865635684932 0
1772885835374 0.7402025973598483 1
1772885835494 0.7439726457514663 2
1772885835600 0.7467172027770888 3
1772885835696 0.7485539359823804 4
1772885835791 0.7504647578884809 5
1772885835899 0.7523593625101421 6
1772885836005 0.7536430367092551 7
1772885836103 0.7547818251900043 8
1772885836205 0.7559172163392512 9
1772885836316 0.7573082801459529 10
1772885836522 0.7586191801992499 11
1772885836632 0.7597910570656976 12
1772885836730 0.7611127010671525 13
1772885836830 0.7620891224398718 14
1772885836931 0.7630426868307559 15
1772885837148 0.7640630223618444 16
1772885837261 0.764988330243662 17
1772885837366 0.7661138521320932 18
1772885837505 0.7674076390616945 19
1772885837645 0.7683294229231726 20
1772885837801 0.7690805549168791 21
1772885837978 0.7698611720119269 22
1772885838184 0.7705969799999561 23
1772885838354 0.771278388380123 24
1772885838504 0.7722918302795112 25
1772885838641 0.7732395981551202 26
1772885838764 0.7737921200139877 27
1772885838926 0.7744979381491915 28
1772885839089 0.775443429299482 29
1772885839206 0.7762495522640593 30
1772885839326 0.7773351991192503 31
1772885839473 0.778006852904245 32
1772885839644 0.7789470595269256 33
1772885839790 0.7799572441427531 34
1772885839966 0.7806878847179851 35
1772885840108 0.7813242535465872 36
1772885840242 0.7821851832377247 37
1772885840384 0.7827888134665042 38
1772885840545 0.7833774843931487 39
1772885840679 0.7841561147667632 40
1772885840813 0.7850107306113188 41
1772885840942 0.7856881890383768 42
1772885841079 0.7863732251945917 43
1772885841211 0.7871011435183829 44
1772885841346 0.7877349575296491 45
1772885841484 0.7885010848950716 46
1772885841620 0.7893229111525573 47
1772885841745 0.7899889301787626 48
1772885841873 0.790709247172313 49
1772885841994 0.7913038771499992 50
1772885842111 0.7920115279316357 51
1772885842223 0.7926597735604244 52
1772885842340 0.7934639138112995 53
1772885842464 0.7940330854556018 54
1772885842602 0.7946920184790075 55
1772885842719 0.7952577784307708 56
1772885842841 0.7957698965698528 57
1772885842960 0.7964237696099236 58
1772885843078 0.7970424708006832 59
1772885843210 0.797608751757507 60
1772885843327 0.7982195676257376 61
1772885843437 0.7987750054430557 62
1772885843546 0.7993927875274524 63
1772885843667 0.8000077763345047 64
1772885843781 0.8005470899358089 65
1772885843895 0.8013090591687502 66
1772885844005 0.8018099251570887 67
1772885844125 0.802355639884455 68
1772885844235 0.8028525618199557 69
1772885844353 0.8034284869366909 70
1772885844474 0.803951611085023 71
1772885844609 0.8044647586544028 72
1772885844735 0.8049065181771964 73
1772885844851 0.8053800465401797 74
1772885844958 0.805820792106971 75
1772885845070 0.806311666710017 76
1772885845184 0.8068473418479899 77
1772885845316 0.807388597195077 78
1772885845427 0.8079365756226354 79
1772885845536 0.808452641376983 80
1772885845642 0.8087979911398592 81
1772885845744 0.8092141924699655 82
1772885845849 0.80958345625379 83
1772885845957 0.8100639997049953 84
1772885846057 0.8104384974744858 85
1772885846165 0.8108376198579378 86
1772885846275 0.8112221057842708 87
1772885846393 0.811575556173904 88
1772885846502 0.8119657002374585 89
1772885846605 0.8123736967397956 90
1772885846709 0.8128105927694107 91
1772885846835 0.8133249282971239 92
1772885846942 0.813675575056107 93
1772885847053 0.8140375616906173 94
1772885847147 0.8143520749674449 95
1772885847245 0.8146798654125478 96
1772885847343 0.8149642957681248 97
1772885847447 0.8152614117063166 98
1772885847546 0.8156128872863841 99
1772885847653 0.8159334842992253 100
1772885847760 0.8163953281217954 101
1772885847875 0.8168310818366828 102
1772885847977 0.817215027832558 103
1772885848089 0.8176219455872379 104
1772885848192 0.8178923791641313 105
1772885848301 0.8183256994068785 106
1772885848400 0.8187411198973493 107
1772885848499 0.8190321616735523 108
1772885848598 0.819370670795841 109
1772885848720 0.8198805213383256 110
1772885848831 0.8203388941316693 111
1772885848931 0.8206760928371704 112
1772885849027 0.8208699387815046 113
1772885849126 0.8211682070537522 114
1772885849251 0.8215673145195378 115
1772885849363 0.8219073804227592 116
1772885849462 0.8222630004422264 117
1772885849565 0.822591409302524 118
1772885849665 0.8229121303323816 119
1772885849767 0.823330877017125 120
1772885849868 0.8235780669774448 121
1772885849983 0.8239737959258001 122
1772885850084 0.824276525025563 123
1772885850175 0.8245989796218312 124
1772885850261 0.8248042480454862 125
1772885850362 0.8250896378073904 126
1772885850459 0.8254214765063433 127
1772885850575 0.8257907154644993 128
1772885850668 0.8260116127040573 129
1772885850773 0.8263344674054937 130
1772885850874 0.8265426062553195 131
1772885850998 0.8268664435188634 132
1772885851107 0.8272826937210256 133
1772885851204 0.8275827826165121 134
1772885851315 0.827946240311037 135
1772885851432 0.8283478960259324 136
1772885851537 0.8285437794562958 137
1772885851649 0.8288405667605264 138
1772885851751 0.8290608216498283 139
1772885851842 0.8293397876865192 140
1772885851945 0.8297416100562384 141
1772885852043 0.8300371391555132 142
1772885852134 0.8303002541698695 143
1772885852237 0.8305906617226048 144
1772885852336 0.8309629711595156 145
1772885852427 0.8311665733689101 146
1772885852535 0.8314454748365978 147
1772885852643 0.8317299488319149 148
1772885852742 0.8319781144521384 149
1772885852843 0.8322290027691063 150
1772885852960 0.8325600084165918 151
1772885853061 0.8328282621216715 152
1772885853172 0.8331230868621818 153
1772885853274 0.8333972236940616 154
1772885853375 0.8336466142328064 155
1772885853483 0.8338906835064052 156
1772885853599 0.8342190705468328 157
1772885853698 0.8344783026262524 158
1772885853813 0.8348470923845327 159
1772885853918 0.8351373764768807 160
1772885854014 0.8354185145925747 161
1772885854114 0.8356405870993171 162
1772885854224 0.8359505890066855 163
1772885854335 0.836250543309198 164
1772885854439 0.8365135702647931 165
1772885854542 0.8367608116576637 166
1772885854652 0.8370735223460428 167
1772885854759 0.837433719528557 168
1772885854849 0.8376145118469581 169
1772885854962 0.8379043392805972 170
1772885855056 0.8380931732230456 171
1772885855170 0.8384219761769145 172
1772885855263 0.8386408535199305 173
1772885855361 0.8389097267534633 174
1772885855462 0.8391764272400379 175
1772885855561 0.8394704356279612 176
1772885855658 0.8397978994429686 177
1772885855752 0.8400337077805609 178
1772885855840 0.8401325595847103 179
1772885855923 0.8403265377841753 180
1772885856017 0.8405597368660825 181
1772885856107 0.8408262300638917 182
1772885856202 0.841111078893405 183
1772885856287 0.8413076947366515 184
1772885856389 0.8416417606209119 185
1772885856486 0.8419674001389267 186
1772885856581 0.8422229213932012 187
1772885856675 0.8425816193502562 188
1772885856773 0.8429058847730869 189
1772885856858 0.8430142668507854 190
1772885856941 0.8431553062604231 191
1772885857021 0.8432246716273206 192
1772885857113 0.8435245571304469 193
1772885857214 0.8437929664690895 194
1772885857302 0.8439856798953725 195
1772885857394 0.8442307424183622 196
1772885857491 0.8444047591104826 197
1772885857589 0.8446724478367841 198
1772885857687 0.8449347320261904 199
1772885857784 0.8451581486814584 200
1772885857875 0.8453336350976831 201
1772885857975 0.8455855013010721 202
1772885858068 0.8458283318517419 203
1772885858183 0.8461971683668865 204
1772885858294 0.846461179665803 205
1772885858409 0.8466737158873996 206
1772885858511 0.8469576437180102 207
1772885858600 0.8471990940505733 208
1772885858704 0.8475745366427022 209
1772885858799 0.8478815417690403 210
1772885858888 0.8480398468188124 211
1772885858984 0.8482321244043237 212
1772885859084 0.8485138720291429 213
1772885859200 0.8488141380440848 214
1772885859289 0.8490113332271463 215
1772885859381 0.8492433803089753 216
1772885859474 0.8494952278096185 217
1772885859568 0.8498021643592221 218
1772885859669 0.8501617698447499 219
1772885859770 0.8505262831311515 220
1772885859866 0.8507865831596193 221
1772885859953 0.8509788792252246 222
1772885860061 0.8512709359593628 223
1772885860152 0.8515372639495843 224
1772885860257 0.8518844894420039 225
1772885860355 0.852109141369099 226
1772885860446 0.8522746939555046 227
1772885860531 0.8524249623908935 228
1772885860616 0.852624288462387 229
1772885860707 0.852947401662488 230
1772885860793 0.8531624973771069 231
1772885860891 0.8533732768765125 232
1772885860990 0.8536817303523881 233
1772885861092 0.8540022488804926 234
1772885861192 0.8541954950010522 235
1772885861295 0.8543544084466907 236
1772885861416 0.8546235930586754 237
1772885861509 0.8547694032270439 238
1772885861609 0.8551190300184279 239
1772885861693 0.8553910183723885 240
1772885861791 0.8554941364064367 241
1772885861892 0.8556761990643132 242
1772885861990 0.855756165770932 243
1772885862092 0.8560708436987179 244
1772885862188 0.8563077539397479 245
1772885862286 0.8565145595509831 246
1772885862378 0.8567182448094749 247
1772885862474 0.8569297429173559 248
1772885862581 0.857236114710833 249
1772885862677 0.8574225765216943 250
1772885862781 0.8576704219687226 251
1772885862883 0.8578891336588474 252
1772885862971 0.8580635676003198 253
1772885863067 0.8582257378842154 254
1772885863158 0.8584646485397607 255
1772885863263 0.8586327920130833 256
1772885863359 0.8588541219762886 257
1772885863464 0.8590330485844745 258
1772885863560 0.859295386432949 259
1772885863659 0.8595910994425571 260
1772885863750 0.8598204909571401 261
1772885863847 0.860058127822108 262
1772885863931 0.8602247398967957 263
1772885864015 0.8603470929255764 264
1772885864115 0.8606148152722899 265
1772885864209 0.8607463533531042 266
1772885864293 0.8608547401064891 267
1772885864394 0.8611015972024647 268
1772885864483 0.8613128751077795 269
1772885864580 0.8615349876918343 270
1772885864673 0.8617462234046455 271
1772885864762 0.8619227862306841 272
1772885864848 0.8621206371231059 273
1772885864947 0.8624697230934251 274
1772885865038 0.8626519663218588 275
1772885865134 0.8628399259109429 276
1772885865226 0.863026836031073 277
1772885865330 0.8631646447640325 278
1772885865429 0.8634671071270166 279
1772885865520 0.863707839853037 280
1772885865613 0.8639164466054844 281
1772885865709 0.8641026234221245 282
1772885865803 0.8643381355215831 283
1772885865909 0.8645609216271369 284
1772885866007 0.8647696500587576 285
1772885866109 0.8650867326252839 286
1772885866199 0.8652300759237519 287
1772885866302 0.86546036628339 288
1772885866415 0.8656878608051888 289
1772885866518 0.8659306493860065 290
1772885866616 0.8661429694127681 291
1772885866714 0.8664142483983002 292
1772885866812 0.8666542700860042 293
1772885866914 0.86692184581655 294
1772885867012 0.8671497868664038 295
1772885867103 0.8673958451992793 296
1772885867201 0.8675858817950755 297
1772885867298 0.867802284586706 298
1772885867392 0.8679638340062381 299
1772885867477 0.8681219308766377 300
1772885867578 0.8683857050514562 301
1772885867676 0.8685156640861642 302
1772885867769 0.8686109165023619 303
1772885867872 0.8688655679676328 304
1772885867948 0.868905585943287 305
1772885868038 0.8690471846540836 306
1772885868134 0.86924069918131 307
1772885871368 0.8693967356325518 308
1772885871471 0.8695579225750588 309
1772885871580 0.8697536218724372 310
1772885871704 0.869975974920366 311
1772885871822 0.8701948429120091 312
1772885871946 0.8703697545527793 313
1772885872072 0.8705038177269229 314
1772885872195 0.8706867273520001 315
1772885872320 0.8709381092878651 316
1772885872435 0.8711441951773661 317
1772885872551 0.8713932563028688 318
1772885872673 0.8715987763229847 319
1772885872774 0.8717250974509908 320
1772885872876 0.8718650030066668 321
1772885872979 0.8720430938915643 322
1772885873083 0.8722297922698943 323
1772885873175 0.8724338116173147 324
1772885873274 0.8726771047269645 325
1772885873389 0.8728997202812891 326
1772885873516 0.8730865376669715 327
1772885873630 0.8731999124871808 328
1772885873813 0.8733544374671179 329
1772885873927 0.8736352193400356 330
1772885874031 0.87375365225104 331
1772885874141 0.8739746828589874 332
1772885874311 0.8742226883926133 333
1772885874415 0.8743598952979325 334
1772885874517 0.874495342697914 335
1772885874632 0.8746468183510112 336
1772885874731 0.8748472387557834 337
1772885874850 0.875081868709067 338
1772885874957 0.8752766382127991 339
1772885875056 0.8754266607293464 340
1772885875159 0.8755355697123763 341
1772885875307 0.8757381692096813 342
1772885875409 0.875986204355988 343
1772885875506 0.8761626361514804 344
1772885875615 0.8762883888496065 345
1772885875726 0.8764366154572574 346
1772885875848 0.8766642703996315 347
1772885875955 0.8767929220233501 348
1772885876067 0.8769412389162797 349
1772885876171 0.877061177286992 350
1772885876288 0.8773120259719509 351
1772885876409 0.8775247587950297 352
1772885876542 0.877624148859749 353
1772885876655 0.877749270006228 354
1772885876748 0.8778375562062597 355
1772885876848 0.8779968375838908 356
1772885876968 0.8782360838869269 357
1772885877088 0.878359942598067 358
1772885877207 0.8786848212037767 359
1772885877317 0.8788937898766196 360
1772885877437 0.8791070685304273 361
1772885877558 0.8791770572108577 362
1772885877700 0.8794056578664771 363
1772885877817 0.8795569899092052 364
1772885877919 0.8796928517753918 365
1772885878022 0.8798754192960779 366
1772885878142 0.880066212796448 367
1772885878248 0.8802148796979055 368
1772885878366 0.8804586033046852 369
1772885878459 0.880530852011554 370
1772885878604 0.8807736241161433 371
1772885878740 0.8809831112335518 372
1772885878847 0.8811155085274123 373
1772885878957 0.881265585370983 374
1772885879054 0.8813874534642845 375
1772885879164 0.8816548664364118 376
1772885879274 0.8819296568624603 377
1772885879371 0.8821359819912508 378
1772885879486 0.8823084043856211 379
1772885879576 0.8823722772681881 380
1772885879664 0.8825076635502682 381
1772885879808 0.8827462101702263 382
1772885879951 0.8828971206218937 383
1772885880081 0.8830957922086116 384
1772885880175 0.8831666739451519 385
1772885880266 0.8833036569741513 386
1772885880352 0.8834274524521987 387
1772885880443 0.8836292568601571 388
1772885880558 0.8838485701552706 389
1772885880649 0.8840844010920141 390
1772885880730 0.8841832026881973 391
1772885880819 0.88429699175196 392
1772885880922 0.8844774768109664 393
1772885881023 0.8845815066038705 394
1772885881120 0.8846975177319508 395
1772885881255 0.884862059034175 396
1772885881383 0.8849980935667823 397
1772885881486 0.8850650490626235 398
1772885881589 0.8852609981752488 399
1772885881682 0.8854047654026207 400
1772885881769 0.8855462800623872 401
1772885881863 0.8857258317653196 402
1772885881956 0.8858774344412319 403
1772885882053 0.8859914435962348 404
1772885882140 0.8860785822492231 405
1772885882235 0.8862734998163591 406
1772885882332 0.8864886400613251 407
1772885882419 0.8866046241372195 408
1772885882525 0.8867796229461441 409
1772885882613 0.8869055562148274 410
1772885882715 0.8870999681398726 411
1772885882799 0.8872011251687628 412
1772885882897 0.8873695449528888 413
1772885882991 0.8875513691507569 414
1772885883083 0.8876311708724399 415
1772885883177 0.8878495877716674 416
1772885883288 0.8880564051834446 417
1772885883376 0.8882339274158104 418
1772885883470 0.8883594328591844 419
1772885883574 0.8886035677037192 420
1772885883662 0.8888062737398794 421
1772885883750 0.8889554121063862 422
1772885883840 0.889082579422312 423
1772885883938 0.8892512508028989 424
1772885884028 0.8894017112754093 425
1772885884115 0.8895044739572882 426
1772885884198 0.8896131159808875 427
1772885884308 0.8897667009251986 428
1772885884389 0.8898245484065067 429
1772885884493 0.8900752747443371 430
1772885884593 0.8902706087815438 431
1772885884687 0.8904155017360891 432
1772885884763 0.8904746352538199 433
1772885884863 0.8906902739046951 434
1772885884947 0.8907843378059302 435
1772885885039 0.8909629138489589 436
1772885885120 0.8910311127434155 437
1772885885208 0.8911167144314754 438
1772885885295 0.8912079307283428 439
1772885885386 0.8913445292377954 440
1772885885480 0.8915272106448441 441
1772885885564 0.8916077289711369 442
1772885885659 0.8917468562476725 443
1772885885751 0.8919454377717634 444
1772885885848 0.8921247393254713 445
1772885885957 0.8923720323735445 446
1772885886049 0.8924572380754934 447
1772885886152 0.8925840864428084 448
1772885886236 0.8927370721199741 449
1772885886326 0.892866854703182 450
1772885886416 0.89294996046529 451
1772885886515 0.8931002143169902 452
1772885886631 0.8932709693838412 453
1772885886725 0.8934118495974882 454
1772885886828 0.8935808218918952 455
1772885886921 0.8937812260430907 456
1772885887015 0.8939539978893595 457
1772885887110 0.8941388772030125 458
1772885887201 0.8942866113050252 459
1772885887288 0.894383324316606 460
1772885887388 0.8945928644251274 461
1772885887485 0.8946871878269599 462
1772885887586 0.8948649812491392 463
1772885887688 0.8951645026053526 464
1772885887779 0.8952810926279445 465
1772885887871 0.8953940134612657 466
1772885887968 0.8955550257334864 467
1772885888068 0.89569324303238 468
1772885888159 0.8957936058625307 469
1772885888251 0.8959311760241558 470
1772885888349 0.8960427963486914 471
1772885888452 0.8961822275448456 472
1772885888544 0.8963000459370607 473
1772885888648 0.8965247425058287 474
1772885888747 0.8966036225606537 475
1772885888832 0.8966844662924577 476
1772885888927 0.8968092480063663 477
1772885889021 0.8969007196847739 478
1772885889112 0.8970321179402985 479
1772885889208 0.8971290798765194 480
1772885889312 0.8972438890192069 481
1772885889409 0.8974947709906004 482
1772885889501 0.8976944495197907 483
1772885889617 0.8978362835734714 484
1772885889729 0.89807354649485 485
1772885889831 0.8981655113468512 486
1772885889923 0.898285309669622 487
1772885890018 0.8984367726315703 488
1772885890110 0.8985381114556024 489
1772885890193 0.898604392984641 490
1772885890282 0.8987001241020695 491
1772885890379 0.8987924366247552 492
1772885890468 0.8988519549960103 493
1772885890556 0.8989631506123611 494
1772885890659 0.8991784887947196 495
1772885890755 0.8993177151512773 496
1772885890846 0.8994141178976651 497
1772885890936 0.8995489370857757 498
1772885891019 0.8996378452634297 499
1772885891114 0.8998142501180622 500
1772885891204 0.8999428612191651 501
1772885891300 0.9001015729423316 502
1772885891389 0.9002061603665065 503
1772885891477 0.9003936618496453 504
1772885891577 0.9005684246477306 505
1772885891678 0.9006628275362325 506
1772885891772 0.9007341383226666 507
1772885891850 0.9007732223856174 508
1772885891942 0.900885163996607 509
1772885892028 0.9009881354144876 510
1772885892118 0.90109436812366 511
1772885892199 0.9011961357749341 512
1772885892295 0.9014323565748659 513
1772885892384 0.901574126393521 514
1772885892477 0.9016532796420251 515
1772885892558 0.9016677796136304 516
1772885892665 0.9018400904594813 517
1772885892757 0.9019287307870979 518
1772885892852 0.9020776835733832 519
1772885892981 0.9022005795384204 520
1772885893097 0.9023870397907194 521
1772885893175 0.9024382513597108 522
1772885893269 0.9026143416074414 523
1772885893359 0.9027941123996813 524
1772885893446 0.902933349666174 525
1772885893541 0.9031021694441425 526
1772885893632 0.9032300158478607 527
1772885893730 0.9034112980000794 528
1772885893821 0.9035153974829765 529
1772885893909 0.903594348563705 530
1772885893992 0.9037059470683707 531
1772885894076 0.9037622811858345 532
1772885894163 0.9039071921751701 533
1772885894248 0.9039809828566313 534
1772885894348 0.904192122161241 535
1772885894456 0.9044105629955301 536
1772885894547 0.9044881911909738 537
1772885894639 0.9046310702605739 538
1772885894734 0.9047939171830929 539
1772885894835 0.9049673333834835 540
1772885894922 0.9050951713264357 541
1772885895025 0.9052010578121599 542
1772885895106 0.9053211848802176 543
1772885895203 0.905535470365172 544
1772885895287 0.9056267395418265 545
1772885895383 0.9057702192144823 546
1772885895475 0.9059335443929286 547
1772885895564 0.9060302797810088 548
1772885895660 0.9062020443508274 549
1772885895756 0.9062901396269961 550
1772885895853 0.9064004109046679 551
1772885895942 0.9064649190126356 552
1772885896035 0.9065890908834414 553
1772885896137 0.9068158462014793 554
1772885896228 0.9069335171982457 555
1772885896315 0.9071067425860991 556
1772885896405 0.9072250690695741 557
1772885896500 0.9073063997407229 558
1772885896590 0.9074249679126565 559
1772885896690 0.9075445383513762 560
1772885896785 0.9075847982381408 561
1772885896877 0.9077161574182858 562
1772885896980 0.9078405371344865 563
1772885897069 0.9080052428650172 564
1772885897161 0.9082433151254533 565
1772885897248 0.9083596730336112 566
1772885897333 0.9084202966480801 567
1772885897422 0.9085383510511346 568
1772885897506 0.908639117771533 569
1772885897616 0.9087338860315324 570
1772885897709 0.9088627688790781 571
1772885897792 0.9089360599300454 572
1772885897876 0.9090065844218765 573
1772885898004 0.9090685860279347 574
1772885898094 0.9092150686045437 575
1772885898177 0.9093175386107165 576
1772885898273 0.9094661635423218 577
1772885898362 0.9095693061793868 578
1772885898453 0.9096752570114623 579
1772885898553 0.9098019676686792 580
1772885898660 0.9099676906949881 581
1772885898761 0.910131926185054 582
1772885898856 0.9102947566313446 583
1772885898957 0.9104761309613817 584
1772885899055 0.9106182423277986 585
1772885899140 0.9107150707843041 586
1772885899230 0.9107803454821961 587
1772885899310 0.9108333380424175 588
1772885899398 0.910981462452922 589
1772885899490 0.9110628891982947 590
1772885899589 0.9111703846767834 591
1772885899686 0.9112358204632058 592
1772885899788 0.9113378528473931 593
1772885899879 0.9114936960369286 594
1772885899969 0.9116094926400621 595
1772885900071 0.9117037008196216 596
1772885900178 0.9118303893229908 597
1772885900278 0.9119463928809121 598
1772885900391 0.9120030475055487 599
1772885900500 0.9121397464309339 600
1772885900611 0.9122758524347482 601
1772885900709 0.912381676132683 602
1772885900817 0.9125821599931997 603
1772885900945 0.9127333585562125 604
1772885901034 0.9128317768574334 605
1772885901134 0.9129934162282665 606
1772885901231 0.9130891349885236 607
1772885901341 0.9132385879619322 608
1772885901440 0.9133653335754716 609
1772885901548 0.9134052663868371 610
1772885901635 0.9135120268919479 611
1772885901736 0.9136994019089011 612
1772885901835 0.9138144118834539 613
1772885901926 0.91390486904923 614
1772885902024 0.9140603062333263 615
1772885902115 0.9141440848489782 616
1772885902211 0.9143110253349754 617
1772885902307 0.9145044867597629 618
1772885902394 0.9145789845831351 619
1772885902483 0.9146777409810161 620
1772885902577 0.914880517152473 621
1772885902666 0.9149927287286915 622
1772885902768 0.9151386602422557 623
1772885902865 0.9153330209574019 624
1772885902957 0.9153963178399298 625
1772885903053 0.9154732746290659 626
1772885903154 0.9155756586916689 627
1772885903254 0.9157064818377614 628
1772885903332 0.9157578734206806 629
1772885903431 0.9158319716955139 630
1772885903521 0.9159164141473144 631
1772885903618 0.9160480468551162 632
1772885903713 0.9161963043000324 633
1772885903803 0.9162481259347782 634
1772885903906 0.916404449161455 635
1772885903996 0.9165214312737526 636
1772885904099 0.9166805213935432 637
1772885904193 0.916766647983069 638
1772885904319 0.9168813108435665 639
1772885904416 0.9170058036668488 640
1772885904508 0.9170984198865013 641
1772885904605 0.917177759383182 642
1772885904704 0.9173695455763137 643
1772885904827 0.9175177211967173 644
1772885904921 0.9176188161057733 645
1772885905043 0.9178292604029915 646
1772885905155 0.9179677129334434 647
1772885905272 0.9181151721718889 648
1772885905377 0.9182325922401497 649
1772885905481 0.9182994944109004 650
1772885905596 0.9184724421520399 651
1772885905692 0.9185808054156668 652
1772885905770 0.9186283858688341 653
1772885905857 0.9186680985889594 654
1772885905945 0.9187640347686359 655
1772885906033 0.9188738304622014 656
1772885906146 0.9189699828367128 657
1772885906237 0.9190511447378464 658
1772885906345 0.9192579530209024 659
1772885906447 0.919414423643028 660
1772885906531 0.919478447038168 661
1772885906621 0.9195939948279872 662
1772885906705 0.9196319571714959 663
1772885906797 0.9197541159366377 664
1772885906900 0.9198808078911088 665
1772885906979 0.91991955519331 666
1772885907077 0.9199817815662951 667
1772885907167 0.9200711929368707 668
1772885907254 0.9201417995871921 669
1772885907341 0.920271231493917 670
1772885907421 0.920323214439845 671
1772885907534 0.9204858865807518 672
1772885907644 0.920656271600419 673
1772885907744 0.9208180594799594 674
1772885907850 0.9209186673383446 675
1772885907949 0.921042335014296 676
1772885908050 0.9211349271875612 677
1772885908129 0.9211777582565642 678
1772885908237 0.9213088458015922 679
1772885908342 0.9214744802125105 680
1772885908431 0.9215707971266545 681
1772885908545 0.9216835003179044 682
1772885908628 0.9217503850104938 683
1772885908736 0.9219439138987572 684
1772885908827 0.9220672419194865 685
1772885908906 0.9221176822228669 686
1772885909002 0.9222263960516509 687
1772885909088 0.9223165892637948 688
1772885909182 0.9223996060765346 689
1772885909290 0.922478051069869 690
1772885909388 0.9226366848649281 691
1772885909477 0.9226864735780054 692
1772885909577 0.9228206114518062 693
1772885909678 0.9229652844264369 694
1772885909760 0.9230191923079418 695
1772885909846 0.9231358995566723 696
1772885909952 0.9232466230400185 697
1772885910063 0.9233667489948176 698
1772885910164 0.9234745475023179 699
1772885910250 0.9235928359123462 700
1772885910334 0.9236691912078197 701
1772885910427 0.9237763021667617 702
1772885910513 0.9238463369361012 703
1772885910604 0.9239613619396461 704
1772885910699 0.9240947178605526 705
1772885910792 0.9242494965521422 706
1772885910875 0.9243177443186547 707
1772885910973 0.9244221911382587 708
1772885911075 0.9245026173980592 709
1772885911177 0.9245699372634651 710
1772885911269 0.9246160241687924 711
1772885911366 0.9247243695089545 712
1772885911474 0.9248101482051441 713
1772885911600 0.9249676413553636 714
1772885911708 0.9250476173020294 715
1772885911837 0.9251805804652751 716
1772885911981 0.9253569237567028 717
1772885912093 0.9254498781843412 718
1772885913234 0.9255869111986551 719
1772885913334 0.9257226427022507 720
1772885913451 0.9257810056223259 721
1772885913583 0.9258879237648652 722
1772885913702 0.9260092033896304 723
1772885913797 0.9260707142712642 724
1772885913914 0.9262038565578308 725
1772885914007 0.9262563704168214 726
1772885914109 0.926368767907239 727
1772885914205 0.926415830583796 728
1772885914315 0.9265067672300837 729
1772885914423 0.9266148733309564 730
1772885914550 0.9267030055673131 731
1772885914678 0.9268592884940259 732
1772885914784 0.9269743329795976 733
1772885914911 0.9270823234128938 734
1772885915047 0.9271997627405297 735
1772885915168 0.9272782202023613 736
1772885915282 0.9273015493172013 737
1772885915407 0.927474362465367 738
1772885915509 0.9275874821266876 739
1772885915617 0.9276735362430736 740
1772885915740 0.9277714782922328 741
1772885915866 0.9279579068166597 742
1772885915987 0.9280841291986212 743
1772885916091 0.9281868534730756 744
1772885916205 0.9282949528943962 745
1772885916312 0.928339785602499 746
1772885916406 0.9284119830994686 747
1772885916520 0.9285683684459796 748
1772885916639 0.9287025790155718 749
1772885916755 0.9288097132416201 750
1772885916872 0.9289173148136607 751
1772885916969 0.9289809539119057 752
1772885917069 0.9290558375907351 753
1772885917182 0.929152443729483 754
1772885917292 0.9292831556610337 755
1772885917395 0.9293668060292861 756
1772885917508 0.9295028619364599 757
1772885917621 0.9296224775734819 758
1772885917728 0.9297067436851081 759
1772885917835 0.9298070769025779 760
1772885917935 0.9298893033016576 761
1772885918032 0.9300014445199278 762
1772885918136 0.9300706214121315 763
1772885918246 0.9301909495347062 764
1772885918344 0.9303458906507365 765
1772885918444 0.9304497684838312 766
1772885918546 0.930528955798051 767
1772885918666 0.9306223399435383 768
1772885918760 0.9307463158808171 769
1772885918856 0.9308844264182037 770
1772885918964 0.9310117222041807 771
1772885919061 0.9311094469452464 772
1772885919170 0.9312462989436996 773
1772885919267 0.9313149249955104 774
1772885919373 0.931440587185706 775
1772885919470 0.9315391084633545 776
1772885919573 0.9316087234228472 777
1772885919684 0.9316964395231108 778
1772885919780 0.931751003893257 779
1772885919879 0.9318555876436784 780
1772885919998 0.9319563536961214 781
1772885920090 0.932013641542293 782
1772885920180 0.9320983072024581 783
1772885920278 0.9321869446356021 784
1772885920377 0.9322616183538451 785
1772885920485 0.9323820384315865 786
1772885920593 0.9325003189374781 787
1772885920683 0.9325920348648393 788
1772885920779 0.9327468318138711 789
1772885920874 0.9328488448273573 790
1772885920983 0.9329778035991448 791
1772885921104 0.9330250777948502 792
1772885921198 0.9331158402161553 793
1772885921285 0.9332013700990306 794
1772885921379 0.9332715206472725 795
1772885921466 0.93332883042464 796
1772885921559 0.9334155626268856 797
1772885921651 0.9335390024187861 798
1772885921752 0.9336193141242686 799
1772885921841 0.9336922940194359 800
1772885921939 0.9337775577221618 801
1772885922042 0.9338468058629207 802
1772885922130 0.9339340183249591 803
1772885922232 0.9340370318240178 804
1772885922332 0.9340877130365757 805
1772885922434 0.9341930165087311 806
1772885922525 0.9342607888024631 807
1772885922611 0.9343168768897594 808
1772885922693 0.9343480355528688 809
1772885922777 0.9344161161079282 810
1772885922868 0.9344804315108189 811
1772885922971 0.9346288243279902 812
1772885923054 0.9346623264006129 813
1772885923145 0.9347170105573928 814
1772885923232 0.9347489095375218 815
1772885923318 0.934873338459756 816
1772885923402 0.9349056559138214 817
1772885923493 0.9349754445416676 818
1772885923573 0.9350273879669125 819
1772885923675 0.9351224849721991 820
1772885923779 0.9351986972139326 821
1772885923867 0.9352538378067696 822
1772885923948 0.9352814818009125 823
1772885924036 0.935342583448657 824
1772885924125 0.9354106975128025 825
1772885924220 0.935502862194736 826
1772885924307 0.9356008354151382 827
1772885924409 0.9356500834184764 828
1772885924553 0.9357637280925889 829
1772885924639 0.9357975965386419 830
1772885924721 0.935854166666945 831
1772885924819 0.9358837221262348 832
1772885924910 0.9360033148301281 833
1772885925005 0.9361144390865976 834
1772885925110 0.936222799344426 835
1772885925225 0.9362786442960275 836
1772885925315 0.9363371834449511 837
1772885925404 0.936432131273575 838
1772885925507 0.9365778175362528 839
1772885925595 0.9366491145182794 840
1772885925681 0.9366995817625198 841
1772885925795 0.9367788382101032 842
1772885925903 0.9368738067453385 843
1772885925995 0.9369042677292355 844
1772885926097 0.9370186619604146 845
1772885926193 0.9371463954797031 846
1772885926289 0.9372422872403585 847
1772885926372 0.9373171881746973 848
1772885926456 0.937397189503661 849
1772885926554 0.9374901206641931 850
1772885926650 0.9375700860349016 851
1772885926759 0.9377257671339739 852
1772885926858 0.9378197694720042 853
1772885926942 0.9378856786160157 854
1772885927049 0.9379809038687017 855
1772885927163 0.9380817374959465 856
1772885927270 0.9382075131272012 857
1772885927357 0.9382693505276046 858
1772885927455 0.9383392907812825 859
1772885927540 0.9383893411101487 860
1772885927648 0.9384678662581079 861
1772885927745 0.938559492234168 862
1772885927846 0.9386089199174565 863
1772885927945 0.9387038085207189 864
1772885928043 0.9387963300020582 865
1772885928139 0.9388939775942976 866
1772885928236 0.9389736038664133 867
1772885928330 0.9390508379682856 868
1772885928416 0.9391356231924325 869
1772885928512 0.9392013745876896 870
1772885928616 0.9392734059864648 871
1772885928725 0.9393573267652496 872
1772885928817 0.9394240797593377 873
1772885928937 0.9395969379944797 874
1772885929046 0.9396911534102206 875
1772885929156 0.9397762853031192 876
1772885929244 0.939859735173484 877
1772885929351 0.9399900761672438 878
1772885929453 0.9400446544531236 879
1772885929537 0.9400901064670278 880
1772885929620 0.9401302029274188 881
1772885929727 0.9402440464295307 882
1772885929825 0.940332240451744 883
1772885929932 0.940418000222536 884
1772885930034 0.940499709958264 885
1772885930143 0.9405873661652109 886
1772885930230 0.940679365528231 887
1772885930364 0.9223165892637948 888
1772885961601 0.7306932460604436 0
1772885961734 0.7421827060367837 1
1772885961882 0.7467716682898646 2
1772885962000 0.7489276591464841 3
1772885962106 0.7515140479418259 4
1772885962209 0.7536180567431242 5
1772885962333 0.7550680049202649 6
1772885962439 0.7567411010120292 7
1772885962545 0.7578182565979936 8
1772885962655 0.7587749762979435 9
1772885962775 0.7595379135093037 10
1772885962880 0.761373271172175 11
1772885963038 0.76258562768265 12
1772885963172 0.7636442187895827 13
1772885963307 0.7646301335869888 14
1772885963418 0.765839926040081 15
1772885963581 0.766901768641629 16
1772885963715 0.7677914721731398 17
1772885963820 0.7686507514582899 18
1772885963935 0.7701842344474323 19
1772885964049 0.7710425234889899 20
1772885964178 0.7717245201150413 21
1772885964295 0.7724440122952385 22
1772885964427 0.7731291836010566 23
1772885964555 0.7737437873319329 24
1772885964669 0.7746488548351075 25
1772885964775 0.7756296133523034 26
1772885964885 0.7764720503695937 27
1772885964988 0.777144435231561 28
1772885965097 0.7778828146244803 29
1772885965204 0.7784924995332217 30
1772885965313 0.7791199606225266 31
1772885965421 0.780076367051485 32
1772885965523 0.780755657011717 33
1772885965631 0.7813635726184446 34
1772885965737 0.7821384517556238 35
1772885965846 0.7829376499172579 36
1772885965957 0.7836869121930178 37
1772885966063 0.7843241937824085 38
1772885966169 0.7850816549856664 39
1772885966268 0.7854066502608853 40
1772885966404 0.7861213139042263 41
1772885966527 0.7869156161768545 42
1772885966638 0.7876375667661862 43
1772885966740 0.7884446849840201 44
1772885966848 0.7890142547296249 45
1772885966954 0.7896937871575966 46
1772885967061 0.7905373417752718 47
1772885967168 0.7912060178159596 48
1772885967272 0.791890091448723 49
1772885967379 0.7925328556144421 50
1772885967485 0.7931706712340196 51
1772885967607 0.793875541206809 52
1772885967750 0.7945276518470696 53
1772885967857 0.7951867100007505 54
1772885967961 0.7958779505702194 55
1772885968055 0.796520285352067 56
1772885968157 0.7971082362229998 57
1772885968272 0.7977008709071607 58
1772885968387 0.7982813279886408 59
1772885968498 0.7988259330197587 60
1772885968600 0.7993557179060761 61
1772885968711 0.799991292201961 62
1772885968811 0.8005759490517969 63
1772885968916 0.8011778530616731 64
1772885969019 0.8015674977173856 65
1772885969136 0.8021006085753238 66
1772885969243 0.8025964889460071 67
1772885969339 0.8031518316910341 68
1772885969484 0.8036828431657609 69
1772885969593 0.8041938497160547 70
1772885969695 0.8046889935547978 71
1772885969793 0.8050961055731167 72
1772885969892 0.8056238342706593 73
1772885969989 0.8060639922595213 74
1772885970085 0.8065025730948169 75
1772885970240 0.806855923402495 76
1772885970420 0.8071972202358347 77
1772885970517 0.8076511075986464 78
1772885970619 0.8081454115950442 79
1772885970715 0.8085453700357619 80
1772885970819 0.8090360302251868 81
1772885970924 0.809577506776773 82
1772885971028 0.8100404138727046 83
1772885971133 0.8104805359033115 84
1772885971234 0.8109090080158499 85
1772885971336 0.8112839137946452 86
1772885971450 0.8116528086445445 87
1772885971551 0.8121412357483908 88
1772885971651 0.8125276395967711 89
1772885971827 0.8128392941366442 90
1772885971993 0.8132515929384613 91
1772885972125 0.813715222427948 92
1772885972234 0.814095194201675 93
1772885972330 0.8144883848089227 94
1772885972433 0.8147948445498353 95
1772885972552 0.8152104414918063 96
1772885972662 0.8155821723681831 97
1772885972773 0.8159190539062873 98
1772885972884 0.8163487333478601 99
1772885973000 0.816679047439056 100
1772885973123 0.817028060379606 101
1772885973247 0.8173789917988327 102
1772885973365 0.8177791829106137 103
1772885973465 0.8181832743241666 104
1772885973571 0.8183930147079239 105
1772885973671 0.8187258683648119 106
1772885973766 0.819082095555561 107
1772885973865 0.8194386123048918 108
1772885973971 0.8197942101705112 109
1772885974075 0.820067268032082 110
1772885974214 0.8203492085846298 111
1772885974319 0.8207549458398096 112
1772885974420 0.8209800200259205 113
1772885974533 0.8213453950858634 114
1772885974651 0.8216309772188667 115
1772885974768 0.8219675177658384 116
1772885974874 0.8223152993309667 117
1772885974991 0.8226395312447113 118
1772885975112 0.8230659718828175 119
1772885975225 0.8234490711341435 120
1772885975334 0.823792604170186 121
1772885975464 0.8242301338666395 122
1772885975582 0.8245903966200897 123
1772885975701 0.8249750223717124 124
1772885975811 0.8253190809771759 125
1772885975917 0.8257235024719263 126
1772885976019 0.8260748420117836 127
1772885976124 0.8264794518699021 128
1772885976220 0.8267845919539799 129
1772885976332 0.8271409885826996 130
1772885976443 0.8274753402404622 131
1772885976539 0.8278905539987969 132
1772885976647 0.8282270315353275 133
1772885976751 0.8283976218398944 134
1772885976859 0.8287982672725412 135
1772885976963 0.8291292789316237 136
1772885977064 0.8294671501566909 137
1772885977172 0.8298646392783391 138
1772885977265 0.8301091595330276 139
1772885977379 0.8305070247134565 140
1772885977470 0.8307820283285413 141
1772885977561 0.8310808732687831 142
1772885977648 0.8312654397567482 143
1772885977755 0.8316386156428865 144
1772885977848 0.8319560759380817 145
1772885977957 0.8322941241712786 146
1772885978051 0.832580913744642 147
1772885978150 0.8328370403889847 148
1772885978257 0.833126183057212 149
1772885978364 0.8334580155219163 150
1772885978475 0.8337929223617808 151
1772885978600 0.8341359687924559 152
1772885978718 0.8343984103966391 153
1772885978822 0.8347026498544479 154
1772885978937 0.8348910317025479 155
1772885979036 0.8351971599150266 156
1772885979136 0.8354597801972273 157
1772885979238 0.8357556158879416 158
1772885979346 0.8360328775255993 159
1772885979449 0.83623184267863 160
1772885979551 0.8364669565654602 161
1772885979659 0.8367597207754869 162
1772885979760 0.8370861949035312 163
1772885979863 0.8374045112946483 164
1772885979963 0.8376783600151826 165
1772885980079 0.8381211655558282 166
1772885980175 0.8383679362629305 167
1772885980268 0.8385560330054835 168
1772885980392 0.8387981830211246 169
1772885980489 0.8389785312606398 170
1772885980598 0.839131175946673 171
1772885980698 0.8394295890538743 172
1772885980819 0.8396994153481598 173
1772885980943 0.8399482984636002 174
1772885981077 0.8402663491198713 175
1772885981193 0.8403502507506069 176
1772885981294 0.8405986683012688 177
1772885981391 0.8409309166794146 178
1772885981484 0.8411738742528994 179
1772885981574 0.8413204114905092 180
1772885981679 0.8416752848473823 181
1772885981812 0.8418884616380211 182
1772885981960 0.8421844614230642 183
1772885983019 0.8423986309064646 184
1772885983123 0.842602178566184 185
1772885983242 0.8429769049990066 186
1772885983349 0.8432706944089482 187
1772885983459 0.8435506189613593 188
1772885983567 0.8437581160175582 189
1772885983671 0.8440999899641957 190
1772885983773 0.8444172040065716 191
1772885983875 0.844668531726739 192
1772885983979 0.8449502915974036 193
1772885984095 0.8452846129745303 194
1772885984205 0.8455121374429874 195
1772885984314 0.8457172426629206 196
1772885984410 0.8458648243598205 197
1772885984513 0.8460813928043421 198
1772885984612 0.846320618178115 199
1772885984711 0.8464898636662012 200
1772885984813 0.8467181866751068 201
1772885984909 0.8469092431271762 202
1772885985023 0.8470698992679465 203
1772885985152 0.8473515109638813 204
1772885985255 0.847636918760576 205
1772885985356 0.8478326310830808 206
1772885985481 0.8480372568225023 207
1772885985588 0.8482620346591536 208
1772885985688 0.8486050617191278 209
1772885985782 0.8487796418314643 210
1772885985895 0.8491485719716635 211
1772885985992 0.8494342827973699 212
1772885986083 0.8495659408874694 213
1772885986184 0.8498416106765462 214
1772885986289 0.8501408524935059 215
1772885986384 0.850416920606537 216
1772885986487 0.8507380795923578 217
1772885986602 0.8510822407289454 218
1772885986702 0.8512439574712565 219
1772885986806 0.8515457429729654 220
1772885986896 0.8517051465863991 221
1772885987000 0.8519602892213979 222
1772885987110 0.8522740907919538 223
1772885987207 0.8525058607836984 224
1772885987317 0.8528368835753676 225
1772885987415 0.8531094361288252 226
1772885987503 0.8532847398593011 227
1772885987599 0.8534515596680577 228
1772885987702 0.8537190130514751 229
1772885987807 0.8540330638806487 230
1772885987911 0.8542313763301176 231
1772885988014 0.8544947542961732 232
1772885988118 0.8547681968999424 233
1772885988214 0.8549352215482955 234
1772885988321 0.8552131833143347 235
1772885988420 0.855457456425597 236
1772885988517 0.8556493480443254 237
1772885988623 0.8558904233200404 238
1772885988724 0.8561645052682674 239
1772885988825 0.8563518738283203 240
1772885988909 0.8564692786449373 241
1772885989011 0.8567485394725256 242
1772885989113 0.8569061085469869 243
1772885989216 0.8571745478322879 244
1772885989327 0.8574638372280087 245
1772885989418 0.8576556361122892 246
1772885989508 0.8578807981345098 247
1772885989602 0.8581085449207245 248
1772885989680 0.8581715443405342 249
1772885989776 0.8583771287070017 250
1772885989860 0.8584562033594433 251
1772885989954 0.8586041251568687 252
1772885990057 0.8588594449113228 253
1772885990154 0.85908292624692 254
1772885990247 0.8593329210624743 255
1772885990339 0.8595320927249894 256
1772885990435 0.8597384886570318 257
1772885990536 0.8600024487460493 258
1772885990633 0.8602616504335071 259
1772885990734 0.8604557805927815 260
1772885990842 0.8606625730675643 261
1772885990962 0.860938157915004 262
1772885991081 0.8612122023464135 263
1772885991189 0.8614328759323034 264
1772885991293 0.8616564914155711 265
1772885991402 0.8619253903653794 266
1772885991507 0.8621626628607826 267
1772885991619 0.862380326306538 268
1772885991717 0.862564577519646 269
1772885991820 0.8628270313696746 270
1772885991916 0.863036362964846 271
1772885992014 0.8632447892580619 272
1772885992126 0.8634584252679047 273
1772885992243 0.863732257178233 274
1772885992344 0.8638620465523187 275
1772885992444 0.8640283833181358 276
1772885992545 0.864267664800146 277
1772885992701 0.8645629642341559 278
1772885992789 0.8647058021131849 279
1772885992901 0.8650274072930831 280
1772885992991 0.8652027182597405 281
1772885993096 0.8653913627255622 282
1772885993190 0.8655852509737262 283
1772885993284 0.8657544618394675 284
1772885993401 0.8660072366845879 285
1772885993495 0.8661687920043909 286
1772885993595 0.8663860859595918 287
1772885993690 0.8665883735218157 288
1772885993790 0.8666838140787296 289
1772885993877 0.8667592745368792 290
1772885993977 0.8669174238417624 291
1772885994087 0.8671028001140886 292
1772885994189 0.8673736127555611 293
1772885994287 0.867591949500164 294
1772885994390 0.86778772483311 295
1772885994476 0.8679286272006046 296
1772885994584 0.8681091289584912 297
1772885994674 0.8682991658882651 298
1772885994779 0.8685167243537274 299
1772885994862 0.8686387803650933 300
1772885994958 0.8688724872042827 301
1772885995052 0.8689480391722954 302
1772885995136 0.8691054022939015 303
1772885995268 0.869353351830616 304
1772885995363 0.869479778940848 305
1772885995452 0.8697056752684914 306
1772885995559 0.8699997896386406 307
1772885995660 0.8701288542813281 308
1772885995751 0.8702772734827301 309
1772885995862 0.8705118926374045 310
1772885995977 0.8706907412061571 311
1772885996111 0.8709151170451005 312
1772885996232 0.8710978109206463 313
1772885996328 0.8712365510058143 314
1772885996435 0.8714190764453225 315
1772885996546 0.8715434854402264 316
1772885996640 0.8716862406041357 317
1772885996749 0.8719075405093569 318
1772885996855 0.87213703789484 319
1772885996959 0.8722777713809934 320
1772885997056 0.8724172895226502 321
1772885997159 0.8726377437965809 322
1772885997263 0.8727832907905984 323
1772885997347 0.8728415940400085 324
1772885997436 0.8729165476314827 325
1772885997545 0.8730673509876655 326
1772885997665 0.8733152244888124 327
1772885997756 0.8735139161141865 328
1772885997848 0.8737273575264126 329
1772885997940 0.8739000245037141 330
1772885998042 0.8741539925394837 331
1772885998139 0.8742844603334067 332
1772885998241 0.8744157522727276 333
1772885998336 0.8746098321127098 334
1772885998436 0.8747877862894419 335
1772885998549 0.8749400727288331 336
1772885998656 0.8751340792050685 337
1772885998752 0.8752703228076552 338
1772885998848 0.8754261934946801 339
1772885998943 0.8755233039396083 340
1772885999039 0.875662934743043 341
1772885999136 0.8758701995734821 342
1772885999238 0.8760165394303288 343
1772885999337 0.8761878468961348 344
1772885999422 0.8763140234118388 345
1772885999533 0.8765429357798876 346
1772885999636 0.876802411217654 347
1772885999751 0.8770182584932051 348
1772885999853 0.8772476300804578 349
1772885999949 0.8773867158324448 350
1772886000040 0.8775330881964447 351
1772886000136 0.8776866770371611 352
1772886000226 0.877841149248637 353
1772886000326 0.8779855040539382 354
1772886000428 0.878183787113378 355
1772886000528 0.8783363261511627 356
1772886000643 0.8785390878502568 357
1772886000743 0.878665440928787 358
1772886000853 0.8789683904537676 359
1772886000972 0.8791175108968097 360
1772886001087 0.8793373488707373 361
1772886001208 0.8795160313412954 362
1772886001309 0.8796842314794847 363
1772886001405 0.8797599896230042 364
1772886001498 0.8798844206604298 365
1772886001593 0.8800027559386483 366
1772886001710 0.8801583888336201 367
1772886001832 0.8803727862010714 368
1772886001947 0.8806057247804484 369
1772886002047 0.8808005791144915 370
1772886002147 0.8809148119231626 371
1772886002252 0.881036372979721 372
1772886002354 0.8811819433521707 373
1772886002445 0.8813219686944802 374
1772886002566 0.8814900214372208 375
1772886002676 0.8816551783714929 376
1772886002787 0.8819028376816705 377
1772886002891 0.8821148851827083 378
1772886002991 0.8822722172443974 379
1772886003088 0.8824054762004733 380
1772886003195 0.8825808353712312 381
1772886003299 0.882704023455345 382
1772886003426 0.8828925603803786 383
1772886003531 0.8829459787620436 384
1772886003638 0.8831114177960643 385
1772886003734 0.8832875952119492 386
1772886003842 0.8835179272074618 387
1772886003931 0.883616358756461 388
1772886004046 0.8838524597697593 389
1772886004148 0.8840456796174141 390
1772886004255 0.8841731063226115 391
1772886004346 0.8842971903573078 392
1772886004441 0.8843951513318646 393
1772886004557 0.8846020229593393 394
1772886004658 0.8848539951449542 395
1772886004753 0.8851373563268986 396
1772886004841 0.8851955445766876 397
1772886004958 0.8853687587206284 398
1772886005068 0.8855882366667001 399
1772886005174 0.885776154397258 400
1772886005276 0.8859130632832295 401
1772886005379 0.8861034691469286 402
1772886005479 0.8862885869205901 403
1772886005588 0.8864578377523179 404
1772886005680 0.8865904716136471 405
1772886005775 0.8867099301698699 406
1772886005878 0.8868470357686494 407
1772886005979 0.886988807813822 408
1772886006074 0.8871206257678674 409
1772886006181 0.8873278967212292 410
1772886006276 0.8875029867060393 411
1772886006387 0.8877183462629645 412
1772886006478 0.8878895729061907 413
1772886006593 0.888102447447099 414
1772886006696 0.8882561726620033 415
1772886006797 0.8884086009305497 416
1772886006928 0.8885313542871505 417
1772886007049 0.8887306946083551 418
1772886007142 0.8889077274522068 419
1772886007241 0.8891614719456342 420
1772886007349 0.8893237308449206 421
1772886007447 0.8894849116645048 422
1772886007562 0.8897080159393883 423
1772886007662 0.8899008957978435 424
1772886007763 0.8900110581988169 425
1772886007855 0.8900545889508978 426
1772886007954 0.8901612974668284 427
1772886008068 0.8903049512531412 428
1772886008172 0.8903984999382609 429
1772886008273 0.8905191765108013 430
1772886008366 0.8906519962863294 431
1772886008482 0.890751675464327 432
1772886008580 0.8908906944207933 433
1772886008677 0.8910615906488444 434
1772886008770 0.8911730709254386 435
1772886008876 0.891305684414134 436
1772886008977 0.8913964624210605 437
1772886009086 0.891547369532952 438
1772886009189 0.8917200013312793 439
1772886009302 0.8919146639621783 440
1772886009398 0.8920020802618804 441
1772886009491 0.8921165675614848 442
1772886009579 0.8922132644308148 443
1772886009672 0.8924118964968497 444
1772886009765 0.8925529683023149 445
1772886009849 0.8926964320553716 446
1772886009956 0.8928583214641033 447
1772886010112 0.8930199812075701 448
1772886010198 0.8931435268703707 449
1772886010301 0.8933464299533166 450
1772886010421 0.8935652937145767 451
1772886010540 0.8937379813984895 452
1772886010644 0.8939384962075975 453
1772886010742 0.8940652745509419 454
1772886010826 0.8941356250404419 455
1772886010928 0.894374179230559 456
1772886011013 0.8944189315613853 457
1772886011096 0.8945415814962551 458
1772886011189 0.8947380861249598 459
1772886011284 0.8948727673803203 460
1772886011378 0.8950390940154834 461
1772886011478 0.8951904906272147 462
1772886011570 0.8953431953178905 463
1772886011668 0.8954710173412438 464
1772886011780 0.8957415639138928 465
1772886011878 0.89587185837344 466
1772886011964 0.8959264089391786 467
1772886012047 0.8959975381531227 468
1772886012143 0.8961619258256496 469
1772886012236 0.8962041128745084 470
1772886012337 0.8964447686743543 471
1772886012439 0.8966296925183544 472
1772886012532 0.8967130730327038 473
1772886012620 0.8967660000219891 474
1772886012711 0.896853207140386 475
1772886012807 0.8970552461119474 476
1772886012900 0.8972377717741074 477
1772886012995 0.8973178891046251 478
1772886013087 0.8974825690075544 479
1772886013187 0.8975870924193554 480
1772886013294 0.897869572234406 481
1772886013394 0.898064136564564 482
1772886013479 0.8982110460758752 483
1772886013568 0.8982863600291828 484
1772886013658 0.8983677167505848 485
1772886013737 0.8984072000280968 486
1772886013827 0.8985491647783461 487
1772886013918 0.8987014025683332 488
1772886014007 0.8987796468411283 489
1772886014105 0.8989050799226884 490
1772886014210 0.8990468103319863 491
1772886014308 0.8991627064604454 492
1772886014411 0.8993362786283764 493
1772886014499 0.8994095705699506 494
1772886014583 0.8994524293590948 495
1772886014679 0.899571592345139 496
1772886014773 0.8996944224052624 497
1772886014874 0.899843473380963 498
1772886014975 0.8999973051347226 499
1772886015072 0.9001121073752065 500
1772886015166 0.9002540527547548 501
1772886015258 0.9004054213123674 502
1772886015351 0.9005238037927539 503
1772886015445 0.9006350334748201 504
1772886015540 0.9007584163792022 505
1772886015633 0.9008626727202468 506
1772886015735 0.9010208883753471 507
1772886015832 0.9012179947203662 508
1772886015924 0.9013598147469877 509
1772886016016 0.9015060865837292 510
1772886016121 0.9016068169005688 511
1772886016217 0.9017337987475992 512
1772886016307 0.9018362329068426 513
1772886016406 0.9019821560709668 514
1772886016501 0.9021317130227356 515
1772886016615 0.9023381844337163 516
1772886016715 0.9024256758783791 517
1772886016824 0.9025288169568818 518
1772886016930 0.9026506017784343 519
1772886017021 0.9027748152851146 520
1772886017112 0.9028654315355555 521
1772886017219 0.9030153329295588 522
1772886017320 0.9032702211849502 523
1772886017427 0.9034672435902651 524
1772886017517 0.9035487455919242 525
1772886017622 0.9037253348021935 526
1772886017712 0.9038304012615768 527
1772886017800 0.9039591470669796 528
1772886017892 0.9040828435763306 529
1772886017990 0.9042610407774319 530
1772886018077 0.9043843972975832 531
1772886018168 0.9045298060248731 532
1772886018264 0.90469542485017 533
1772886018370 0.9048385725490885 534
1772886018466 0.9049432335596619 535
1772886018551 0.9050469916061231 536
1772886018642 0.9051140346040963 537
1772886018739 0.9052643051546767 538
1772886018832 0.9054419050924981 539
1772886018925 0.9055547301855731 540
1772886019018 0.905675182547816 541
1772886019113 0.9058128830720321 542
1772886019206 0.9059236587672103 543
1772886019309 0.9060913807607981 544
1772886019403 0.906275342637976 545
1772886019498 0.9063885177395788 546
1772886019606 0.9065311552320462 547
1772886019707 0.9066114245223732 548
1772886019805 0.9068207322938089 549
1772886019901 0.9069133672162072 550
1772886020000 0.9070560315382086 551
1772886020100 0.9071536369379443 552
1772886020200 0.9073164987781296 553
1772886020287 0.9073951578511074 554
1772886020385 0.90758678184245 555
1772886020492 0.9077884209314949 556
1772886020586 0.9078812827360115 557
1772886020698 0.908068108471134 558
1772886020784 0.9081332620464819 559
1772886020882 0.9082745882315546 560
1772886020984 0.9083743944323671 561
1772886021076 0.9084730908256055 562
1772886021160 0.9085956991246006 563
1772886021250 0.9086583663480213 564
1772886021337 0.9087247435059803 565
1772886021427 0.9088347470449406 566
1772886021530 0.9089384723615966 567
1772886021627 0.9090382958179186 568
1772886021720 0.909105387465296 569
1772886021812 0.9092070174064718 570
1772886021913 0.9093494002966799 571
1772886022008 0.9094425670227478 572
1772886022108 0.9095337887745826 573
1772886022203 0.9096336983971262 574
1772886022315 0.9097915640436988 575
1772886022411 0.9098915441355165 576
1772886022516 0.9099746073711431 577
1772886022615 0.9100897107480989 578
1772886022717 0.9102172757200238 579
1772886022818 0.9103349057488709 580
1772886022934 0.9104238961963411 581
1772886023025 0.9105509693305829 582
1772886023123 0.9106700233286027 583
1772886023217 0.9107443785435385 584
1772886023320 0.9108721620481416 585
1772886023418 0.9109856211420326 586
1772886023517 0.9110953239898245 587
1772886023620 0.9112381195650239 588
1772886023702 0.9112790076636593 589
1772886023797 0.9113896637948556 590
1772886023892 0.9115114222321774 591
1772886023981 0.9116225274519236 592
1772886024068 0.9116853624434268 593
1772886024156 0.9117754704912819 594
1772886024238 0.9118285235014495 595
1772886024332 0.9119872934480447 596
1772886024429 0.9120434416513096 597
1772886024519 0.9121268037968907 598
1772886024600 0.9121605000218266 599
1772886024689 0.9122413128050393 600
1772886024799 0.9124075231046708 601
1772886024894 0.9124724702818602 602
1772886024997 0.9125909169972722 603
1772886025092 0.9127476326476324 604
1772886025188 0.9129260620744933 605
1772886025282 0.9130011366771856 606
1772886025382 0.9131415091335504 607
1772886025476 0.9132452877752971 608
1772886025576 0.9133663141337135 609
1772886025666 0.9134754394229042 610
1772886025757 0.9135134164614274 611
1772886025854 0.9136340125453655 612
1772886025962 0.9137642153837235 613
1772886026064 0.9138424322703552 614
1772886026154 0.9138844335163411 615
1772886026247 0.9139790731949634 616
1772886026342 0.9140776030447036 617
1772886026434 0.9141746843222546 618
1772886026524 0.9142791789006559 619
1772886026610 0.9143290846172201 620
1772886026711 0.9144224274608106 621
1772886026844 0.9144665577026887 622
1772886026935 0.9145153950249013 623
1772886027026 0.9146834369690326 624
1772886027115 0.9147476072029921 625
1772886027218 0.9148079769944827 626
1772886027318 0.9149351645717164 627
1772886027407 0.914975797845441 628
1772886027505 0.9151062099764302 629
1772886027598 0.9152003466847827 630
1772886027709 0.9153607830682903 631
1772886027815 0.9155163446033808 632
1772886027923 0.9156601255238344 633
1772886028016 0.915753326983573 634
1772886028109 0.9158261025957732 635
1772886028188 0.9158693967803856 636
1772886028279 0.9159150325932973 637
1772886028371 0.9159880378707624 638
1772886028473 0.9161397874968199 639
1772886028578 0.9162596156549232 640
1772886028683 0.9164022845412851 641
1772886028783 0.9164883207342064 642
1772886028869 0.9165511709773534 643
1772886028975 0.9166756269517735 644
1772886029079 0.9167920271637611 645
1772886029176 0.9169373869076691 646
1772886029282 0.9171502588880824 647
1772886029368 0.9172389451932823 648
1772886029450 0.9173078432141877 649
1772886029556 0.917448830745971 650
1772886029648 0.91757085057643 651
1772886029739 0.9176498376154139 652
1772886029835 0.9177776635351724 653
1772886029931 0.9179234443135119 654
1772886030028 0.9180469543520348 655
1772886030115 0.9181450236466607 656
1772886030211 0.9182572404551951 657
1772886030311 0.9183339948539039 658
1772886030403 0.9184737628108075 659
1772886030494 0.9185504608786274 660
1772886030597 0.9186716452084498 661
1772886030696 0.9187739779498278 662
1772886030806 0.9189262659477813 663
1772886030907 0.9190129629710526 664
1772886031013 0.9191663099006587 665
1772886031100 0.9192593281180192 666
1772886031204 0.919379752871447 667
1772886031311 0.9194882590774879 668
1772886031413 0.9196230654631236 669
1772886031512 0.9196975214279696 670
1772886031606 0.9198062955953737 671
1772886031696 0.9199331988463416 672
1772886031791 0.9200387277533789 673
1772886031895 0.9201672491258326 674
1772886031987 0.9203063997808003 675
1772886032085 0.9204285371713754 676
1772886032183 0.9205505689137022 677
1772886032270 0.9206031497908652 678
1772886032355 0.9206709791947673 679
1772886032449 0.920790538723552 680
1772886032550 0.9209807927387677 681
1772886032656 0.9210838360731587 682
1772886032754 0.9212217513449734 683
1772886032856 0.9213808922293596 684
1772886032949 0.9214720311547488 685
1772886033035 0.9215536673040785 686
1772886033132 0.9216678297548012 687
1772886033214 0.9217304931931424 688
1772886033325 0.9218401375948537 689
1772886033416 0.9219726252853188 690
1772886033505 0.9220504747965873 691
1772886033590 0.9221025434634333 692
1772886033688 0.922187528183535 693
1772886033794 0.922293132124207 694
1772886033897 0.9224032916307079 695
1772886034023 0.9225976737204206 696
1772886034125 0.9227084299335718 697
1772886034237 0.922918195588301 698
1772886034338 0.9230605406277141 699
1772886034431 0.9231228649674625 700
1772886034530 0.9232703925599908 701
1772886034619 0.9233531548817971 702
1772886034721 0.9235074058887741 703
1772886034817 0.9236321346115698 704
1772886034917 0.9237533888540372 705
1772886035012 0.9238026694758547 706
1772886035108 0.9238963552031174 707
1772886035211 0.924096461668943 708
1772886035300 0.924172069745193 709
1772886035394 0.9243081331112 710
1772886035484 0.9244000977405493 711
1772886035576 0.9244992888659432 712
1772886035656 0.924568902155548 713
1772886035753 0.9247020131595458 714
1772886035843 0.9248350172907107 715
1772886035952 0.9249738594616993 716
1772886036041 0.9250610034583292 717
1772886036126 0.9251604836970013 718
1772886036208 0.9252390873296971 719
1772886036301 0.9253848893712773 720
1772886036392 0.9254434861870002 721
1772886036482 0.9255193283815498 722
1772886036576 0.925574893571246 723
1772886036663 0.9256408638331588 724
1772886036768 0.9257964773574295 725
1772886036857 0.925866519808254 726
1772886036948 0.9260102126699462 727
1772886037044 0.9261239253641638 728
1772886037144 0.9262015173787005 729
1772886037235 0.9262552692926649 730
1772886037319 0.9263071316726782 731
1772886037419 0.9264244556667153 732
1772886037514 0.926509204042 733
1772886037600 0.9266113274907469 734
1772886037687 0.9267158138310341 735
1772886037785 0.9267717108831416 736
1772886037883 0.9267931463449733 737
1772886037994 0.9268713354001381 738
1772886038093 0.9269957929331203 739
1772886038178 0.9270425151751741 740
1772886038270 0.9271023704185047 741
1772886038365 0.9272203598072525 742
1772886038471 0.9273714374703731 743
1772886038565 0.9274923119803061 744
1772886038653 0.9275906392169674 745
1772886038752 0.9276944350028976 746
1772886038843 0.9277685318304947 747
1772886038940 0.927902629626983 748
1772886039035 0.9280044438124697 749
1772886039132 0.9280487912511156 750
1772886039227 0.9281342385301972 751
1772886039332 0.9282392788280015 752
1772886039439 0.9283239419276716 753
1772886039545 0.9284223659065118 754
1772886039657 0.9286086363482066 755
1772886039750 0.9287180896034033 756
1772886039840 0.9288308044838693 757
1772886039923 0.9288840556540812 758
1772886040005 0.9289118457077624 759
1772886040094 0.9289589503541714 760
1772886040174 0.9289976266304691 761
1772886040270 0.9291452637676512 762
1772886040359 0.9292011745128403 763
1772886040450 0.9292989166207414 764
1772886040536 0.929367851379183 765
1772886040632 0.9294112866136696 766
1772886040737 0.9295235934848308 767
1772886040828 0.9296390381868966 768
1772886040918 0.9297043704402622 769
1772886041011 0.9298137052447357 770
1772886041098 0.9299272958144764 771
1772886041189 0.9300278984405459 772
1772886041272 0.9300606629792957 773
1772886041366 0.9301561712223372 774
1772886041479 0.9303325401187145 775
1772886041578 0.9304569856285029 776
1772886041671 0.9305396239332928 777
1772886041761 0.9306576692076262 778
1772886041856 0.9307235450652033 779
1772886041941 0.9308172892385466 780
1772886042041 0.9309465620606066 781
1772886042135 0.9310978866445015 782
1772886042217 0.9311425805292474 783
1772886042309 0.9313049593264932 784
1772886042409 0.931434447564107 785
1772886042498 0.9315197681543512 786
1772886042594 0.9316087324402424 787
1772886042698 0.9317064511697114 788
1772886042787 0.931819767655166 789
1772886042883 0.9318877245271865 790
1772886042971 0.9319559960061088 791
1772886043070 0.9320059751977455 792
1772886043171 0.9321092997412782 793
1772886043274 0.9322394285479344 794
1772886043367 0.9323363222413983 795
1772886043466 0.9323825194706604 796
1772886043549 0.9324394890361766 797
1772886043641 0.9325106774754822 798
1772886043738 0.932602065770815 799
1772886043817 0.9326873854704523 800
1772886043911 0.9328046589225454 801
1772886043994 0.9328540776997646 802
1772886044101 0.9329966236823687 803
1772886044204 0.9331712295109806 804
1772886044302 0.9332957119809571 805
1772886044402 0.9333996677421591 806
1772886044459 0.9130011366771856 807
