1772884325496 0.7285852493891255 0
1772884325681 0.7417712441999634 1
1772884325835 0.7451815359763778 2
1772884325968 0.7485740448140432 3
1772884326090 0.7507292866263857 4
1772884326226 0.7524276772310751 5
1772884326346 0.7537068935873719 6
1772884326498 0.755233920750879 7
1772884326646 0.7559939953500493 8
1772884326788 0.7574557818155463 9
1772884326914 0.7589975109607926 10
1772884327032 0.7602443114189442 11
1772884327150 0.7615769291375301 12
1772884327267 0.7627126683038589 13
1772884327384 0.7637669429590984 14
1772884327599 0.7648321485269626 15
1772884327759 0.7657791091356531 16
1772884327881 0.7664655656169054 17
1772884328004 0.7673159940256753 18
1772884328130 0.7686333055943669 19
1772884328308 0.7693151172059057 20
1772884328480 0.7701484683737219 21
1772884328667 0.7708842400945501 22
1772884328839 0.7715045249667709 23
1772884328995 0.7723693200422841 24
1772884329190 0.7732855895321231 25
1772884329365 0.7742652195290802 26
1772884329544 0.775084875550756 27
1772884329694 0.7760954523832133 28
1772884329834 0.7771238436597795 29
1772884329986 0.7778109470585091 30
1772884330132 0.7784279132919416 31
1772884330263 0.7792515608089248 32
1772884330412 0.779992362366019 33
1772884330562 0.7806408915150272 34
1772884330711 0.7813275487177065 35
1772884330848 0.7821649104176376 36
1772884331005 0.7829486401983882 37
1772884331167 0.7837094209406593 38
1772884331332 0.7844554055190907 39
1772884331542 0.7851539630643363 40
1772884331729 0.7858531881224357 41
1772884331857 0.7864864511990393 42
1772884331977 0.787086820564761 43
1772884332096 0.7879060911745788 44
1772884332224 0.7886534784651448 45
1772884332355 0.7895009221028798 46
1772884332483 0.7900766195433763 47
1772884332619 0.7907831943677555 48
1772884332751 0.7915395957536814 49
1772884332877 0.7923204380626356 50
1772884333023 0.7930285332711117 51
1772884333142 0.7936751126502529 52
1772884333259 0.7943751741032943 53
1772884333384 0.7949245768142176 54
1772884333506 0.7955390697099125 55
1772884333616 0.7961719390251811 56
1772884333762 0.7967901089192168 57
1772884333886 0.7974349081898635 58
1772884333998 0.797850022365911 59
1772884334112 0.798495718815692 60
1772884334237 0.7990946472843378 61
1772884334354 0.7996655336448655 62
1772884334468 0.800215801027626 63
1772884334585 0.8007193986191007 64
1772884334697 0.8011766246626076 65
1772884334806 0.8017467125904822 66
1772884334914 0.8021441332228477 67
1772884335027 0.8027245846328904 68
1772884335147 0.8031876525271324 69
1772884335259 0.8036349186465258 70
1772884335386 0.8041399875271728 71
1772884335510 0.8047199316229935 72
1772884335625 0.8051987948351551 73
1772884335755 0.8055930542442052 74
1772884335872 0.806103030390796 75
1772884335992 0.8065740938555312 76
1772884336114 0.8069974219130639 77
1772884336222 0.8073656158135157 78
1772884336335 0.807854991128536 79
1772884336461 0.8083305982673237 80
1772884336583 0.8086306926088435 81
1772884336688 0.8091233526081121 82
1772884336806 0.8094936927694563 83
1772884336942 0.8100409011264998 84
1772884337076 0.8105390292539134 85
1772884337203 0.8109826573391921 86
1772884337325 0.8114324968787205 87
1772884337452 0.8118525030690006 88
1772884337559 0.8122035995784276 89
1772884337696 0.8126450051442575 90
1772884337835 0.813023691665455 91
1772884337950 0.8134614437228062 92
1772884338057 0.8138780874117122 93
1772884338166 0.8143157905967914 94
1772884338274 0.8146579454843187 95
1772884338380 0.8150562621825549 96
1772884338498 0.8154620714787905 97
1772884338604 0.8158306339808199 98
1772884338736 0.8162096179660511 99
1772884338856 0.8165593852387409 100
1772884338962 0.8169174614656274 101
1772884339069 0.8172003169203189 102
1772884339208 0.8175171225730475 103
1772884339340 0.817995407890075 104
1772884339459 0.8183241722203826 105
1772884339577 0.8188027162598703 106
1772884339700 0.8191605256374721 107
1772884339814 0.8195743513222303 108
1772884339924 0.8198711298081209 109
1772884340039 0.8202791332355834 110
1772884340169 0.8204787965054068 111
1772884340291 0.8208289843690844 112
1772884340387 0.8211285371078634 113
1772884340514 0.8215329489243033 114
1772884340621 0.8218308342168639 115
1772884340717 0.8221452155154533 116
1772884340825 0.8225239180676466 117
1772884340929 0.8228670254635091 118
1772884341038 0.8232012064891833 119
1772884341152 0.82353558010946 120
1772884341290 0.8240010391825859 121
1772884341436 0.8243897528690184 122
1772884341563 0.8247077246653668 123
1772884341675 0.8250544306858126 124
1772884341781 0.8253866886599461 125
1772884341877 0.8257019251676321 126
1772884341983 0.8260221282782118 127
1772884342087 0.8262172570027442 128
1772884342189 0.8265336059947446 129
1772884342306 0.8268982587150149 130
1772884342429 0.8272010354651761 131
1772884342552 0.8274592963664625 132
1772884342669 0.8277991216385829 133
1772884342776 0.8281512531491778 134
1772884342903 0.8283957731491899 135
1772884343033 0.8286732337284813 136
1772884343150 0.8289406554532701 137
1772884343270 0.8292080250773224 138
1772884343381 0.8294682961986893 139
1772884343495 0.8297917636207935 140
1772884343617 0.8300358561275837 141
1772884343731 0.8304038436289644 142
1772884343851 0.8306961730682084 143
1772884343969 0.8309688693246022 144
1772884344088 0.8312293704462287 145
1772884344220 0.8315148770268544 146
1772884344327 0.8317806566878349 147
1772884344428 0.8320498558492856 148
1772884344556 0.8323541716863723 149
1772884344742 0.8326449087133646 150
1772884344884 0.8329175666734905 151
1772884345020 0.8332118715989908 152
1772884345135 0.8333768504734336 153
1772884345253 0.8335900667256358 154
1772884345391 0.8338810739417035 155
1772884345516 0.834156379353994 156
1772884345638 0.8343753865807847 157
1772884345781 0.8347182373693877 158
1772884345910 0.8350599344829231 159
1772884346058 0.83532511665533 160
1772884346232 0.8355940782463288 161
1772884346405 0.8358105352088672 162
1772884346574 0.8360382696429884 163
1772884346696 0.8362773765100775 164
1772884346833 0.8366531765614159 165
1772884346964 0.8368945902220081 166
1772884347107 0.8372429415347267 167
1772884347254 0.8375927455451154 168
1772884347389 0.837810325122667 169
1772884347524 0.838058596153049 170
1772884347659 0.8384035057000254 171
1772884347825 0.8387528816605604 172
1772884347948 0.8390392854203205 173
1772884348061 0.8391438097396172 174
1772884348191 0.8394730809388414 175
1772884348305 0.8397106834528293 176
1772884348417 0.8398965589529808 177
1772884348556 0.8402558861541732 178
1772884348668 0.8405518411589797 179
1772884348777 0.8408167070531982 180
1772884348917 0.8410875000741433 181
1772884349025 0.8412755591295177 182
1772884349138 0.8414869879256855 183
1772884349268 0.8417973795101893 184
1772884349383 0.8421581266791021 185
1772884349512 0.8424788398870627 186
1772884349622 0.8427343236409754 187
1772884349762 0.8430764058323897 188
1772884349877 0.8432682818233391 189
1772884349993 0.8435969555339897 190
1772884350103 0.8438723593587822 191
1772884350204 0.8441354178695479 192
1772884350317 0.8444169093536782 193
1772884350440 0.8448154183125378 194
1772884350550 0.8451743219169309 195
1772884350657 0.8454947727286612 196
1772884350754 0.8457147123137161 197
1772884350870 0.8460127241843478 198
1772884350961 0.8461960122372428 199
1772884351067 0.8465647454025821 200
1772884351163 0.8467687305843489 201
1772884351258 0.8469193975646174 202
1772884351371 0.847118536264633 203
1772884351486 0.8474134499226691 204
1772884351602 0.8477481328075737 205
1772884351695 0.8478762234700156 206
1772884351813 0.8480482837028843 207
1772884351937 0.8482966432377225 208
1772884352052 0.8484836949008662 209
1772884352176 0.8487650866365779 210
1772884352304 0.849032199430718 211
1772884352410 0.8493012975078339 212
1772884352526 0.849466676489214 213
1772884352648 0.8497133640134531 214
1772884352747 0.8499105239987481 215
1772884352860 0.850162003120843 216
1772884353003 0.8505249869476522 217
1772884353109 0.8507463017472306 218
1772884353205 0.85090236816728 219
1772884353320 0.8511897444741202 220
1772884353436 0.8514566636717203 221
1772884353543 0.8516705580127807 222
1772884353625 0.8517845629962116 223
1772884353717 0.851982307444896 224
1772884353821 0.8522537031867535 225
1772884353945 0.8525922378523838 226
1772884354037 0.8527300489759391 227
1772884354141 0.852963154350293 228
1772884354246 0.8531622336020325 229
1772884354356 0.8534171401287691 230
1772884354449 0.8536137978095283 231
1772884354552 0.8537544034473694 232
1772884354667 0.8540644206413249 233
1772884354777 0.8542119203866548 234
1772884354898 0.8544978805108708 235
1772884355015 0.8547347582902558 236
1772884355122 0.8549526538120167 237
1772884355221 0.8553343420258558 238
1772884355315 0.8556129995861688 239
1772884355419 0.8559014785806035 240
1772884355535 0.8560933998813813 241
1772884355761 0.8563710811095181 242
1772884355909 0.856614295028676 243
1772884356012 0.8568390925620971 244
1772884356124 0.8570705938349314 245
1772884356231 0.8573940843015921 246
1772884356342 0.8575702444616428 247
1772884356450 0.8578013590980292 248
1772884356530 0.8579960175800175 249
1772884356644 0.858171693581729 250
1772884356749 0.8584015120453073 251
1772884356864 0.8586617621259922 252
1772884356968 0.8587837799355024 253
1772884357073 0.8589209980235385 254
1772884357201 0.8591374274884661 255
1772884357326 0.8594506668012558 256
1772884357439 0.8596716872539387 257
1772884357534 0.8598212662416921 258
1772884357635 0.8600511302377516 259
1772884357735 0.8602720439284554 260
1772884357830 0.8603454965040762 261
1772884357924 0.8605641690838292 262
1772884358041 0.860795261900249 263
1772884358141 0.8611110406786341 264
1772884358238 0.861365798473354 265
1772884358337 0.8616215256980159 266
1772884358431 0.8618555419446463 267
1772884358531 0.8621052898305187 268
1772884358636 0.8622360634582339 269
1772884358730 0.8623782456999837 270
1772884358840 0.8626204439887604 271
1772884358958 0.8628939012721504 272
1772884359088 0.8630304515133537 273
1772884359196 0.8631693155616207 274
1772884359295 0.8633756568544682 275
1772884359403 0.8636300717639996 276
1772884359505 0.8638347776726204 277
1772884359629 0.8640352401543814 278
1772884359768 0.864291317500445 279
1772884359901 0.8644972015759324 280
1772884360036 0.8647236363861284 281
1772884360166 0.8648773386795992 282
1772884360296 0.8650590454528784 283
1772884360439 0.8652675709689068 284
1772884360570 0.8654787216718277 285
1772884360703 0.8657131904601111 286
1772884360811 0.8658451956913457 287
1772884360936 0.8661571087732101 288
1772884361061 0.866439031090353 289
1772884361185 0.8665954868186829 290
1772884361299 0.8667115127095248 291
1772884361453 0.8668428417444495 292
1772884361562 0.8669397729380439 293
1772884361697 0.8671800826864515 294
1772884361818 0.8674327594575261 295
1772884361922 0.8675855541071847 296
1772884362043 0.8676828078132437 297
1772884362174 0.8678849390771394 298
1772884362293 0.8680767679770385 299
1772884362436 0.8683121546511592 300
1772884362564 0.8684550283409304 301
1772884362684 0.8686409115226007 302
1772884362786 0.8687811442171363 303
1772884362908 0.8689906432821818 304
1772884363029 0.8691423282306852 305
1772884363143 0.8693376693659123 306
1772884363257 0.8695363881428984 307
1772884363386 0.8697879474199725 308
1772884363500 0.8700409615099175 309
1772884363646 0.8703017870365566 310
1772884363757 0.8705149343777421 311
1772884363877 0.8707419103453734 312
1772884363980 0.8708704512116147 313
1772884364086 0.8711023918895915 314
1772884364198 0.8712580164553184 315
1772884364308 0.8713403863836925 316
1772884364410 0.8715660023885115 317
1772884364506 0.8717308387652136 318
1772884364612 0.872009889307577 319
1772884364699 0.872175860322539 320
1772884364802 0.8723878176962636 321
1772884364924 0.8726505064921881 322
1772884365017 0.8728532364692473 323
1772884365123 0.8729768331091933 324
1772884365222 0.8730700751698738 325
1772884365323 0.8732675742552609 326
1772884365441 0.8735382069662478 327
1772884365604 0.8737012276100202 328
1772884365699 0.8738832561164795 329
1772884365796 0.8739708037225254 330
1772884365902 0.8741797612961566 331
1772884366005 0.874386777560724 332
1772884366112 0.874591973527981 333
1772884366221 0.8747921617015911 334
1772884366343 0.8749313559438417 335
1772884366462 0.8751434968947338 336
1772884366562 0.8752032625623648 337
1772884366649 0.8753144768166061 338
1772884366742 0.8754005770686473 339
1772884366857 0.875652587885437 340
1772884366968 0.8758709536497421 341
1772884367053 0.8759797428818861 342
1772884367145 0.8760641044388384 343
1772884367239 0.8761799007747264 344
1772884367339 0.8763031685566053 345
1772884367436 0.8765918782192578 346
1772884367550 0.8768932053888869 347
1772884367671 0.8770549029188721 348
1772884367785 0.8772190963858458 349
1772884367900 0.8774280842402469 350
1772884368007 0.8775455552585665 351
1772884368123 0.8776799492195051 352
1772884368245 0.8778697316069305 353
1772884368384 0.8780553427069772 354
1772884368511 0.878199956316427 355
1772884368634 0.8783606642663991 356
1772884368745 0.878540304265807 357
1772884368864 0.8786443023454006 358
1772884368990 0.8788359957611197 359
1772884369119 0.8790034702385721 360
1772884369240 0.8792126637127597 361
1772884369353 0.8793627597001284 362
1772884369487 0.8796409633828721 363
1772884369599 0.879842286083416 364
1772884369710 0.8800277002471321 365
1772884369824 0.8802566216429024 366
1772884369965 0.8804842158058102 367
1772884370059 0.8806560907916161 368
1772884370142 0.8807269176237127 369
1772884370239 0.8808559777160965 370
1772884370355 0.8810030930515056 371
1772884370462 0.8811686435868064 372
1772884370574 0.8813275966993676 373
1772884370674 0.8815777959023029 374
1772884370766 0.8817170251010304 375
1772884370919 0.8818709990308194 376
1772884371030 0.8819663670909946 377
1772884371156 0.8821484161928305 378
1772884371266 0.8822410068829794 379
1772884371374 0.8823542859072174 380
1772884371486 0.8824393939074129 381
1772884371630 0.8826324730023335 382
1772884371722 0.8827595087361891 383
1772884371813 0.8828953297897352 384
1772884371927 0.8830554351301212 385
1772884372081 0.8832514044799972 386
1772884372217 0.8833913049766748 387
1772884372326 0.8835430212078853 388
1772884372448 0.8837089541492323 389
1772884372576 0.8838817203025491 390
1772884372676 0.8839758309314893 391
1772884372764 0.8840695572618353 392
1772884372865 0.8842389328595355 393
1772884372960 0.8843370870845195 394
1772884373057 0.884513479471357 395
1772884373177 0.884648916337635 396
1772884373296 0.8848068179727271 397
1772884373407 0.8849616546818051 398
1772884373519 0.8851153284757278 399
1772884373680 0.8853343586357487 400
1772884373777 0.8855098920283931 401
1772884373867 0.8856184079543237 402
1772884373993 0.8858007876954483 403
1772884374103 0.885987372567165 404
1772884374206 0.88610422594684 405
1772884374299 0.8862386191284941 406
1772884374405 0.8863706004245613 407
1772884374507 0.8864732741657777 408
1772884374609 0.8866828915707439 409
1772884374747 0.8868428714463223 410
1772884374844 0.8869954912022696 411
1772884374959 0.8871203937004172 412
1772884375053 0.8872520785343879 413
1772884375167 0.8874317246567457 414
1772884375290 0.8876347127996334 415
1772884375390 0.8876838918870711 416
1772884375523 0.8878680537405648 417
1772884375627 0.8879823237920587 418
1772884375733 0.8881109840001578 419
1772884375866 0.8881790905726505 420
1772884376020 0.888244528095665 421
1772884376118 0.8884057101846039 422
1772884376235 0.8885609124894478 423
1772884376350 0.8886371272947101 424
1772884376467 0.888716824499836 425
1772884376598 0.8888762242537531 426
1772884376713 0.889034187674975 427
1772884376807 0.8891853100913818 428
1772884376905 0.8893664554458282 429
1772884377002 0.8895115633443158 430
1772884377119 0.8896957863159811 431
1772884377245 0.8899176516244093 432
1772884377364 0.8901113834257779 433
1772884377483 0.8901915919528747 434
1772884377602 0.8903627890724752 435
1772884377720 0.8904999017344487 436
1772884377804 0.8906409583553737 437
1772884377904 0.8908630790464713 438
1772884378005 0.8910939955219372 439
1772884378099 0.8911861343383912 440
1772884378332 0.891302729329585 441
1772884378439 0.8914827991600685 442
1772884378534 0.8916286077466652 443
1772884378634 0.8917177283941764 444
1772884378721 0.8917724571006544 445
1772884378835 0.8919227833109353 446
1772884378943 0.892126999828878 447
1772884379071 0.8923126288524688 448
1772884379170 0.8924957098383344 449
1772884379276 0.8926110118851843 450
1772884379364 0.8927389210856597 451
1772884379466 0.8928998476806026 452
1772884379570 0.8930586392586156 453
1772884379684 0.8932007533686332 454
1772884379825 0.8933921725875279 455
1772884379941 0.8935253706807087 456
1772884380037 0.893611956983637 457
1772884380140 0.8937271837738677 458
1772884380242 0.893826284940869 459
1772884380352 0.8939243095819702 460
1772884380475 0.89408476315121 461
1772884380572 0.8941591557666138 462
1772884380719 0.8942911460801161 463
1772884380827 0.8943808032093555 464
1772884380923 0.894414044815112 465
1772884381018 0.8945551607729868 466
1772884381117 0.8946757068480192 467
1772884381226 0.8947661640798072 468
1772884381343 0.8950138834880761 469
1772884381465 0.8951893297121808 470
1772884381587 0.895328659661264 471
1772884381680 0.8953948300457056 472
1772884381789 0.8955076003084791 473
1772884381895 0.8957243322471264 474
1772884381989 0.8958694741001539 475
1772884382100 0.8959971636537212 476
1772884382208 0.8962116780826059 477
1772884382309 0.8963409535914961 478
1772884382424 0.8965333938957637 479
1772884382528 0.8967067801369051 480
1772884382636 0.8969421335244442 481
1772884382745 0.8971081001976782 482
1772884382853 0.8973174198046316 483
1772884382953 0.897386754640853 484
1772884383081 0.8975745700028256 485
1772884383193 0.8977098760606307 486
1772884383297 0.8978712762379086 487
1772884383389 0.8979684613669299 488
1772884383504 0.8981676964755732 489
1772884383595 0.898301174888528 490
1772884383694 0.8984439806692196 491
1772884383804 0.898612482466321 492
1772884383896 0.8987301229233604 493
1772884383995 0.8988160957067194 494
1772884384078 0.8988904296531315 495
1772884384168 0.8990298845103905 496
1772884384271 0.899201474166736 497
1772884384359 0.8992957785035425 498
1772884384453 0.8993547509708594 499
1772884384580 0.8994815394488697 500
1772884384702 0.8996476662094093 501
1772884384824 0.8997573177755369 502
1772884384938 0.8999413335688464 503
1772884385042 0.9001099895529563 504
1772884385150 0.9001727313081661 505
1772884385263 0.9002943254095506 506
1772884385394 0.9004162770912029 507
1772884385569 0.900591831747182 508
1772884385687 0.9007505404983833 509
1772884385800 0.9009023031526859 510
1772884385914 0.9010814627788509 511
1772884386018 0.9012217136195831 512
1772884386122 0.9014361851878194 513
1772884386205 0.9014876044955971 514
1772884386305 0.9016067786958967 515
1772884386413 0.90172813734203 516
1772884386520 0.9018743582814637 517
1772884386620 0.9020586993703968 518
1772884386708 0.9021083128532909 519
1772884386804 0.9022453686274944 520
1772884386905 0.9023491520698661 521
1772884387015 0.9025022082251442 522
1772884387118 0.9025864309581257 523
1772884387250 0.90275490024793 524
1772884387346 0.9028140778897281 525
1772884387456 0.902863358172827 526
1772884387541 0.902906210471906 527
1772884387633 0.9030830440451076 528
1772884387733 0.9032181775470549 529
1772884387828 0.9032823709979977 530
1772884387940 0.9034480374240391 531
1772884388035 0.9035689940706868 532
1772884388142 0.9036843725987461 533
1772884388267 0.903845788250388 534
1772884388365 0.9039764013454922 535
1772884388492 0.9040888867241107 536
1772884388591 0.9042092069179589 537
1772884388705 0.9043384201954139 538
1772884388811 0.9045308578278489 539
1772884388911 0.9046938192459978 540
1772884389006 0.904789542103282 541
1772884389109 0.9049215780605918 542
1772884389204 0.9050382156897814 543
1772884389312 0.9051602405128523 544
1772884389417 0.9053090473409735 545
1772884389515 0.9053642259172717 546
1772884389632 0.9055008760182198 547
1772884389734 0.9056508364100823 548
1772884389839 0.9057769500276989 549
1772884389945 0.905948856630191 550
1772884390072 0.9061445321898032 551
1772884390185 0.906259824885239 552
1772884390303 0.9064403560521578 553
1772884390408 0.9065563472091756 554
1772884390532 0.9066627971405192 555
1772884390647 0.9068545592446023 556
1772884390758 0.9069803874214323 557
1772884390861 0.9071143380808059 558
1772884390966 0.907231126557213 559
1772884391064 0.9073007805661083 560
1772884391176 0.9074682318876778 561
1772884391286 0.9075689319238597 562
1772884391395 0.9076705076531885 563
1772884391491 0.9077137300010878 564
1772884391596 0.9078885937656775 565
1772884391703 0.9080230397160263 566
1772884391822 0.9081854865837398 567
1772884391925 0.9082927774744061 568
1772884392022 0.9083630384346153 569
1772884392123 0.908473919934367 570
1772884392227 0.9086172535133308 571
1772884392334 0.9087777152093948 572
1772884392450 0.908862136103297 573
1772884392563 0.9090373608992719 574
1772884392670 0.9091383442610398 575
1772884392783 0.90928507819234 576
1772884392880 0.9094570675103174 577
1772884392981 0.9095831527397124 578
1772884393088 0.9096440393524611 579
1772884393210 0.9097569811691552 580
1772884393326 0.9099609577787923 581
1772884393448 0.9101020745159516 582
1772884393551 0.910208929897898 583
1772884393649 0.910275033263871 584
1772884393746 0.9103923008889312 585
1772884393840 0.9105239947403372 586
1772884393936 0.9107120529051006 587
1772884394031 0.9108049739005591 588
1772884394142 0.910952206685278 589
1772884394238 0.9110498146318141 590
1772884394337 0.9112046464425323 591
1772884394441 0.9113796518142518 592
1772884394548 0.9114777684109263 593
1772884394647 0.9115966806603011 594
1772884394760 0.9117245299671947 595
1772884394864 0.9119202378114513 596
1772884394964 0.9120284492597874 597
1772884395068 0.9122179230505432 598
1772884395157 0.9122822814871513 599
1772884395248 0.9123905443682657 600
1772884395356 0.9124671367925408 601
1772884395473 0.9126157679476662 602
1772884395592 0.9127965097440578 603
1772884395692 0.9128454719677465 604
1772884395801 0.9129560170392386 605
1772884395900 0.913032285058501 606
1772884396031 0.9131514713933737 607
1772884396139 0.9132671872403034 608
1772884396265 0.9134224217184654 609
1772884396399 0.9136493662920633 610
1772884396525 0.9137937441122828 611
1772884396643 0.9139482158935532 612
1772884396760 0.9140520366302555 613
1772884396864 0.9141796128535883 614
1772884396963 0.9143102947483829 615
1772884397042 0.9143630863761989 616
1772884397139 0.914482739279846 617
1772884397240 0.9145588152611376 618
1772884397339 0.9147583989326136 619
1772884397432 0.9148451651389394 620
1772884397540 0.9149675327358724 621
1772884397631 0.9150928038355974 622
1772884397720 0.9152040126348472 623
1772884397825 0.9153569304114599 624
1772884397912 0.9153984141755969 625
1772884398018 0.9155204222997136 626
1772884398126 0.9156888299147146 627
1772884398231 0.9158776477705578 628
1772884398325 0.9160108576643328 629
1772884398425 0.9160915951029653 630
1772884398522 0.9161856911481525 631
1772884398638 0.9163203693252879 632
1772884398752 0.9164728060606997 633
1772884398869 0.9165425178479756 634
1772884398974 0.916660204728107 635
1772884399095 0.916816850379207 636
1772884399199 0.9168861898911355 637
1772884399318 0.9169294173600473 638
1772884399418 0.9170644271784089 639
1772884399515 0.9171044790629049 640
1772884399601 0.917152953565811 641
1772884399719 0.9172865842732262 642
1772884399815 0.9173833897793603 643
1772884399904 0.9174423616900453 644
1772884400002 0.9175772194365992 645
1772884400102 0.9176791706697399 646
1772884400213 0.9178159987815374 647
1772884400322 0.917897087566162 648
1772884400421 0.918017553708868 649
1772884400513 0.9181032234618753 650
1772884400614 0.9182284629449142 651
1772884400709 0.9183546459188532 652
1772884400795 0.9184285559344867 653
1772884400884 0.9185607034408092 654
1772884400981 0.9187176601377586 655
1772884401082 0.9187985872765085 656
1772884401173 0.9188955111225632 657
1772884401258 0.9189985697190057 658
1772884401348 0.9190479442955314 659
1772884401444 0.9191239400105174 660
1772884401539 0.919270949363232 661
1772884401626 0.919408374963603 662
1772884401712 0.9194715333020516 663
1772884401810 0.9195436840272199 664
1772884401907 0.9196310549583326 665
1772884402021 0.9196993599143988 666
1772884402134 0.9198590359803411 667
1772884402233 0.9199470737563497 668
1772884402346 0.920046909009368 669
1772884402457 0.9201052549319314 670
1772884402552 0.9202440880314705 671
1772884402639 0.9202683014034193 672
1772884402736 0.9203980219950962 673
1772884402831 0.920456462990371 674
1772884402915 0.9204817951922367 675
1772884403006 0.9206117333156209 676
1772884403114 0.9207208760089575 677
1772884403218 0.9208152016090987 678
1772884403313 0.9209398821224846 679
1772884403406 0.92104428476207 680
1772884403559 0.9211551922008635 681
1772884403677 0.9212553106681415 682
1772884403792 0.9213926710312655 683
1772884403915 0.9215135593235283 684
1772884404077 0.9216370617813738 685
1772884404190 0.9217374278384761 686
1772884404311 0.9218629536529127 687
1772884404409 0.9219458812150234 688
1772884404500 0.922030859965315 689
1772884404598 0.9220636070593808 690
1772884404721 0.9221808724579138 691
1772884404813 0.9222615533427556 692
1772884404917 0.9223947477621665 693
1772884405024 0.9225187740105353 694
1772884405136 0.9226250487141886 695
1772884405223 0.9226939710862465 696
1772884405316 0.9227725137256941 697
1772884405426 0.9228400881581866 698
1772884405552 0.9229320317082054 699
1772884405669 0.9230667657711734 700
1772884405786 0.9231874005733147 701
1772884405891 0.9232464687813011 702
1772884406002 0.9233695352851213 703
1772884406103 0.9234501726413564 704
1772884406232 0.9236386480573168 705
1772884406342 0.9237556598544019 706
1772884406443 0.9238812279728551 707
1772884406561 0.9239947973362399 708
1772884406664 0.9240992137802939 709
1772884406786 0.9242241474498222 710
1772884406897 0.9243515150475565 711
1772884407009 0.9244740504133138 712
1772884407116 0.9245863230472586 713
1772884407219 0.9246274107122071 714
1772884407318 0.9246481638382379 715
1772884407414 0.9247292933683101 716
1772884407547 0.9248007026599216 717
1772884407649 0.9248788838226786 718
1772884407746 0.924966008054578 719
1772884407867 0.9250954673632883 720
1772884407981 0.9252151080210357 721
1772884408117 0.9253180243423903 722
1772884408217 0.9253945704548996 723
1772884408301 0.9254430157902993 724
1772884408420 0.9255471841992235 725
1772884408548 0.9256944461514486 726
1772884408667 0.9258213305927812 727
1772884408781 0.9259501353024954 728
1772884408887 0.9260084980353391 729
1772884408984 0.9260389004849394 730
1772884409082 0.9260823248901819 731
1772884409195 0.926168251584428 732
1772884409320 0.9263128430399321 733
1772884409458 0.9264485109084069 734
1772884409560 0.9264799390077608 735
1772884409688 0.926605948535231 736
1772884409809 0.9266657271167198 737
1772884409928 0.9267615894659329 738
1772884410065 0.9268844401079414 739
1772884410179 0.9269547867894478 740
1772884410307 0.9270882864657374 741
1772884410436 0.9271877184946802 742
1772884410539 0.9272757576066051 743
1772884410633 0.9273101778245336 744
1772884410753 0.9274029057800842 745
1772884410892 0.9275216177533375 746
1772884411026 0.927586374404335 747
1772884411133 0.9276532423597477 748
1772884411250 0.9277873841664811 749
1772884411380 0.9279065671615631 750
1772884411506 0.9279740212502605 751
1772884411614 0.9280735306510236 752
1772884411752 0.9281780044281529 753
1772884411854 0.928261343229837 754
1772884411955 0.9282670393543669 755
1772884412066 0.928401404036473 756
1772884412190 0.9285322328820625 757
1772884412291 0.9286337359152784 758
1772884412421 0.9287436939628748 759
1772884412522 0.9287861184347528 760
1772884412628 0.9288865255712819 761
1772884412728 0.9289807234800884 762
1772884412837 0.929080508413592 763
1772884412935 0.9291133471292521 764
1772884413031 0.929226655766302 765
1772884413131 0.9292842699407019 766
1772884413232 0.9294125096691397 767
1772884413337 0.9295084867958299 768
1772884413454 0.9295948241730175 769
1772884413555 0.9297204426109854 770
1772884413641 0.9297640461403409 771
1772884413730 0.9298444707519024 772
1772884413816 0.9298986096513256 773
1772884413913 0.9300493064670586 774
1772884413999 0.930122288688809 775
1772884414099 0.9302046398030283 776
1772884414214 0.9303456463270914 777
1772884414323 0.9304889859176786 778
1772884414445 0.9306303178486917 779
1772884414552 0.9307179949272942 780
1772884414641 0.930756505275685 781
1772884414776 0.9309248827212423 782
1772884414915 0.9309723568454783 783
1772884415076 0.9310347048393534 784
1772884415197 0.9311182460323597 785
1772884415325 0.9312216032060994 786
1772884415502 0.9313511673842407 787
1772884415629 0.9314145559456015 788
1772884415768 0.9315010625388562 789
1772884415888 0.9315867832793365 790
1772884416082 0.9317390559196936 791
1772884416227 0.9318272628004429 792
1772884416365 0.931883054451005 793
1772884416530 0.9319834148304631 794
1772884416663 0.9320275689799946 795
1772884416782 0.9320896339822627 796
1772884416880 0.9321524818314936 797
1772884416987 0.9321994775863611 798
1772884417106 0.932328267044364 799
1772884417225 0.9324427158859919 800
1772884417342 0.9325445307443417 801
1772884417479 0.9326826287559266 802
1772884417615 0.9327508650236286 803
1772884417753 0.9328350387730118 804
1772884417860 0.932884043857349 805
1772884417982 0.9329778294133184 806
1772884418095 0.9330368339426269 807
1772884418205 0.9330939446992275 808
1772884418331 0.9331845606824046 809
1772884418470 0.9332237269657078 810
1772884418618 0.9333537030513808 811
1772884418778 0.9334565513523294 812
1772884418913 0.9335394220266702 813
1772884419018 0.9335962824102872 814
1772884419169 0.933683683288191 815
1772884419315 0.9337949146866917 816
1772884419476 0.9339195692610357 817
1772884419601 0.9340027689047701 818
1772884419757 0.9340955261391533 819
1772884419916 0.9341537331264195 820
1772884420066 0.9342539835154339 821
1772884420244 0.9344229090206609 822
1772884420416 0.9345136515819092 823
1772884420631 0.934577630952262 824
1772884420760 0.9346698462499252 825
1772884420887 0.9347511325275122 826
1772884421010 0.9348555115659093 827
1772884421135 0.9349623424560565 828
1772884421232 0.9350281634983808 829
1772884421337 0.9351140812865181 830
1772884421450 0.9352411441840055 831
1772884421563 0.9353432207706274 832
1772884421708 0.9354820798092084 833
1772884421817 0.9356020731488639 834
1772884421920 0.9356720441039057 835
1772884422030 0.9357003253410447 836
1772884422146 0.9358089825401259 837
1772884422261 0.9358587831626308 838
1772884422364 0.9359376787066392 839
1772884422490 0.9360383376633944 840
1772884422627 0.9361262479707209 841
1772884422730 0.9361453441152111 842
1772884422834 0.936187889487516 843
1772884422950 0.9362907414622345 844
1772884423065 0.9364155986505536 845
1772884423206 0.9364516837541942 846
1772884423318 0.9365519600822504 847
1772884423446 0.9366695473252898 848
1772884423569 0.9367814015947742 849
1772884423682 0.9369035788236316 850
1772884423795 0.9369732504220917 851
1772884423893 0.9370367070038583 852
1772884423987 0.9370659656864372 853
1772884424100 0.9371457703215004 854
1772884424196 0.9372045176869175 855
1772884424292 0.9372909400061178 856
1772884424403 0.9374040259904479 857
1772884424510 0.9375108751381181 858
1772884424633 0.9376109514127057 859
1772884424739 0.9376842168487155 860
1772884424837 0.9378180287954447 861
1772884424927 0.9378952679145444 862
1772884425026 0.9380106085916412 863
1772884425111 0.9380548293143359 864
1772884425201 0.9381563254453175 865
1772884425301 0.9382572462416711 866
1772884425397 0.9383708777251647 867
1772884425501 0.9384451435398444 868
1772884425601 0.9385094177023982 869
1772884425702 0.9385945507510245 870
1772884425798 0.9386828255408532 871
1772884425894 0.9387847850121447 872
1772884425986 0.9388940146513683 873
1772884426097 0.9390202356989223 874
1772884426195 0.9391092218641907 875
1772884426291 0.9391735791875352 876
1772884426389 0.9392471302869846 877
1772884426490 0.9393275661425083 878
1772884426583 0.9393852650362681 879
1772884426682 0.9395102628297797 880
1772884426774 0.9395792504390845 881
1772884426851 0.9396122963331003 882
1772884426943 0.9397091696369876 883
1772884427037 0.9397968516139499 884
1772884427125 0.9398726556249443 885
1772884427222 0.9400067289659664 886
1772884427310 0.9400743041777434 887
1772884427410 0.9402007714792054 888
1772884427502 0.9402474587487298 889
1772884427593 0.940308017616675 890
1772884427687 0.9404069083768561 891
1772884427788 0.940474544150173 892
1772884427891 0.9405513767054062 893
1772884427988 0.9406508816531148 894
1772884428078 0.9406989895583178 895
1772884428175 0.9408142208016028 896
1772884428268 0.9408611005544035 897
1772884428368 0.9409567974726458 898
1772884428463 0.9410289411842535 899
1772884428546 0.9410520245936494 900
1772884428649 0.9411598376049436 901
1772884428745 0.9412116205046126 902
1772884428845 0.9412608265330294 903
1772884428953 0.9412977450258002 904
1772884429059 0.9413385115142004 905
1772884429151 0.9413960011144036 906
1772884429246 0.9414440578094809 907
1772884429344 0.9415007881639097 908
1772884429435 0.9415620575166836 909
1772884429520 0.9415901408155548 910
1772884429618 0.9416441805231915 911
1772884429714 0.9416923855049802 912
1772884429825 0.9418143380772435 913
1772884429929 0.941893975166135 914
1772884430023 0.9419797095997575 915
1772884430106 0.9420334706575154 916
1772884430203 0.9421305877661308 917
1772884430301 0.9422009474728212 918
1772884430405 0.9422955197721761 919
1772884430503 0.9423669892913482 920
1772884430606 0.9424600418745642 921
1772884430702 0.9425417922717455 922
1772884430807 0.9426144812598638 923
1772884430909 0.9426921173687628 924
1772884430995 0.942752606323754 925
1772884431089 0.9428167780660567 926
1772884431198 0.942995493611372 927
1772884431293 0.9430631473082328 928
1772884431392 0.9431576604932905 929
1772884431504 0.943201358984031 930
1772884431620 0.9433024882946567 931
1772884431716 0.9433623908937104 932
1772884431807 0.9434336875230457 933
1772884431903 0.9435132071626275 934
1772884432001 0.9436061937293121 935
1772884432094 0.9436948875515595 936
1772884432156 0.926605948535231 937
1772884457257 0.7280611872751488 0
1772884457358 0.7406523159028953 1
1772884457468 0.7442972296776043 2
1772884457584 0.7460751207049606 3
1772884457699 0.7485013981883283 4
1772884457817 0.7502998670230323 5
1772884457951 0.7513770941915296 6
1772884458062 0.7529120176260732 7
1772884458189 0.7543870211369571 8
1772884458345 0.7554447700637011 9
1772884458475 0.7569860083467593 10
1772884458589 0.7579363978352248 11
1772884458711 0.7589346179260822 12
1772884458846 0.7601289869594972 13
1772884458986 0.7612212542527094 14
1772884459123 0.7621464278755306 15
1772884459271 0.7631558932149275 16
1772884459399 0.7637743671895915 17
1772884459523 0.7651245508017941 18
1772884459676 0.7666025307210745 19
1772884459817 0.7675107172410821 20
1772884459968 0.7684109918316782 21
1772884460105 0.7692890016940547 22
1772884460218 0.770065769474578 23
1772884460336 0.7707801084916891 24
1772884460457 0.7716332374679569 25
1772884460591 0.7724865789653059 26
1772884460722 0.7733187015296357 27
1772884460859 0.7740070182365175 28
1772884461000 0.7747411753732557 29
1772884461117 0.7755934557124347 30
1772884461223 0.7762495934546303 31
1772884461342 0.7769465547264583 32
1772884461461 0.7776309923948089 33
1772884461608 0.778449383915301 34
1772884461756 0.7792843105555843 35
1772884461885 0.7801178810241483 36
1772884462030 0.7808931585966078 37
1772884462167 0.7815891676982901 38
1772884462282 0.7822971916442348 39
1772884462397 0.782901618520923 40
1772884462520 0.783503344409411 41
1772884462642 0.7841933091844371 42
1772884462765 0.7850350380578833 43
1772884462868 0.7857840892597981 44
1772884462981 0.7865754534201281 45
1772884463094 0.7872972241068579 46
1772884463230 0.787931864712691 47
1772884463366 0.7887044596657186 48
1772884463497 0.7895832781991974 49
1772884463601 0.7904594553038152 50
1772884463727 0.7910253064314642 51
1772884463855 0.7917777512911274 52
1772884463981 0.7923983440197038 53
1772884464107 0.7930158186220541 54
1772884464225 0.7936433019765324 55
1772884464337 0.7943259273710841 56
1772884464460 0.7950893126690615 57
1772884464576 0.7957101895012519 58
1772884464690 0.7963454128980022 59
1772884464799 0.7968908746929972 60
1772884464918 0.7975272711304144 61
1772884465069 0.7981586143753748 62
1772884465240 0.7988994516207993 63
1772884465386 0.7994194525219154 64
1772884465510 0.7999147396370502 65
1772884465629 0.800391754058252 66
1772884465742 0.8009017094697038 67
1772884465860 0.8014435065284629 68
1772884466004 0.8019017960500576 69
1772884466136 0.8022729187532196 70
1772884466306 0.8027037241446173 71
1772884466450 0.8032263466585899 72
1772884466589 0.8036749867879573 73
1772884466741 0.8041486549762304 74
1772884466878 0.8046046803523297 75
1772884466992 0.804983779776558 76
1772884467114 0.8054424482514062 77
1772884467236 0.8059577391777152 78
1772884467357 0.8062861998045412 79
1772884467507 0.8067229856215472 80
1772884467646 0.8071732044630433 81
1772884467777 0.8075208328437778 82
1772884467886 0.807913736341613 83
1772884468007 0.8083711631990596 84
1772884468148 0.8087897524690263 85
1772884468319 0.809223660957658 86
1772884468536 0.8097097267285264 87
1772884468686 0.8100390514667368 88
1772884468829 0.8105329457839417 89
1772884468965 0.8109935349639839 90
1772884469105 0.8113475565666438 91
1772884469256 0.8117685482488336 92
1772884469428 0.8121732822352945 93
1772884469567 0.8125625833393795 94
1772884469709 0.8130365686950494 95
1772884469844 0.8134589992640782 96
1772884469996 0.8138738316199904 97
1772884470149 0.8142837860103613 98
1772884470292 0.8146584791567495 99
1772884470423 0.8150372970378587 100
1772884470556 0.8152954116282193 101
1772884470687 0.8156494420256228 102
1772884470882 0.8159018270075549 103
1772884471028 0.8161783638024885 104
1772884471148 0.8164176373803621 105
1772884471285 0.816765477391571 106
1772884471429 0.8172116418562944 107
1772884471569 0.8175297508473202 108
1772884471705 0.8179373919974878 109
1772884471832 0.8182486701446026 110
1772884471961 0.8185139482205667 111
1772884472090 0.8190297856455598 112
1772884472194 0.8194074042130972 113
1772884472309 0.819802001645334 114
1772884472412 0.8200616790282242 115
1772884472525 0.820394263833142 116
1772884472629 0.8206892397541805 117
1772884472741 0.8210773286308931 118
1772884472841 0.8214078514580908 119
1772884472959 0.8218193657465187 120
1772884473066 0.8220048157165691 121
1772884473173 0.8222854801406965 122
1772884473288 0.8226770103226287 123
1772884473397 0.8230530819059098 124
1772884473520 0.8233457685218067 125
1772884473627 0.8236854330952754 126
1772884473728 0.8239403663263172 127
1772884473836 0.8243904712814507 128
1772884473944 0.8247355789105648 129
1772884474044 0.8250180923460273 130
1772884474168 0.8253187702666793 131
1772884474271 0.8255704574580732 132
1772884474376 0.8259362022312224 133
1772884474503 0.8262282463855374 134
1772884474635 0.8265456641542511 135
1772884474749 0.8268477752841229 136
1772884474872 0.8272251754303079 137
1772884475012 0.8276232758422952 138
1772884475133 0.8279620350024826 139
1772884475248 0.8282780822384401 140
1772884475363 0.8285522060451932 141
1772884475481 0.8288762060671556 142
1772884475594 0.829236017060235 143
1772884475718 0.829579239385781 144
1772884475840 0.8298698150405762 145
1772884475971 0.8301601507881268 146
1772884476082 0.8304808213873663 147
1772884476242 0.8307360675554221 148
1772884476405 0.8310656241854147 149
1772884476559 0.8314797303626925 150
1772884476692 0.831750237080681 151
1772884476852 0.8320276701601748 152
1772884477032 0.8323237499885168 153
1772884477252 0.8326110787130571 154
1772884477390 0.8328937924237555 155
1772884477529 0.833101814604072 156
1772884477677 0.8334538951289041 157
1772884477798 0.8337359829655748 158
1772884477929 0.8339695625592974 159
1772884478059 0.8341988775930094 160
1772884478199 0.8344424345449654 161
1772884478386 0.8347760178315897 162
1772884478530 0.8350381433816346 163
1772884478690 0.83536755985236 164
1772884478897 0.8356450921232019 165
1772884479052 0.8359915994524495 166
1772884479182 0.8361687565359696 167
1772884479329 0.8364588407983852 168
1772884479458 0.8367866299075777 169
1772884479589 0.8370203820563952 170
1772884479725 0.8372851848822304 171
1772884479853 0.837627823080949 172
1772884479968 0.837957850285384 173
1772884480092 0.8381701421467013 174
1772884480229 0.8383803906217183 175
1772884480369 0.8386988735563334 176
1772884480488 0.8389278491574749 177
1772884480600 0.8392350578988248 178
1772884480697 0.8393559169344622 179
1772884480791 0.8395733500469975 180
1772884480900 0.839821932025966 181
1772884481020 0.8400855633696963 182
1772884481131 0.8404036552165385 183
1772884481244 0.8407029354409226 184
1772884481373 0.8410116307165827 185
1772884481511 0.841364035756319 186
1772884481611 0.8416668133941602 187
1772884481718 0.8419194648902193 188
1772884481815 0.8420935304543956 189
1772884481930 0.8424271012725228 190
1772884482036 0.8426688580851994 191
1772884482132 0.8427433644806634 192
1772884482233 0.8430282103043785 193
1772884482335 0.8433209538077938 194
1772884482439 0.8435597341007479 195
1772884482537 0.843756707634007 196
1772884482642 0.8440865109621224 197
1772884482744 0.8443646659898677 198
1772884482850 0.8445939526354834 199
1772884482986 0.8449026038260999 200
1772884483076 0.8449980547363196 201
1772884483173 0.8451677297196031 202
1772884483283 0.845470595861509 203
1772884483385 0.845691011171386 204
1772884483505 0.8459468374585378 205
1772884483606 0.8462870958441844 206
1772884483717 0.8465527475297603 207
1772884483806 0.8467049343324999 208
1772884483905 0.8470402711128651 209
1772884483998 0.8473192023045595 210
1772884484101 0.8476149786585863 211
1772884484200 0.8478278691190936 212
1772884484294 0.848054047880463 213
1772884484389 0.8482484809574231 214
1772884484488 0.8484066971691528 215
1772884484597 0.8485975423247255 216
1772884484729 0.8489420678308779 217
1772884484845 0.8491060643043059 218
1772884484958 0.8493113111307428 219
1772884485058 0.8495032272411619 220
1772884485176 0.8497962322490403 221
1772884485279 0.8501272056120243 222
1772884485410 0.8504549351618776 223
1772884485536 0.8506826930806792 224
1772884485647 0.8508758009345112 225
1772884485762 0.851089896052232 226
1772884485861 0.8514029106602298 227
1772884486024 0.8515890197907424 228
1772884486143 0.8518657032018437 229
1772884486260 0.8521768518769743 230
1772884486406 0.8524638048767116 231
1772884486560 0.8526490553508073 232
1772884486653 0.8528562724224491 233
1772884486752 0.853125979932034 234
1772884486855 0.8533051645935809 235
1772884486962 0.8534683496127599 236
1772884487087 0.8537289969779346 237
1772884487230 0.8540055161833813 238
1772884487349 0.8542413102712625 239
1772884487461 0.8545414469255462 240
1772884487572 0.8546808656532032 241
1772884487696 0.8549355771231166 242
1772884487813 0.8550659636491563 243
1772884487922 0.8553228626723685 244
1772884488029 0.8555011179855725 245
1772884488159 0.8557525022592806 246
1772884488258 0.8559386108331638 247
1772884488359 0.8560745460630972 248
1772884488482 0.8563069528388045 249
1772884488596 0.8565731236369011 250
1772884488709 0.856869896357443 251
1772884488804 0.8569424347342193 252
1772884488924 0.8571618672593371 253
1772884489057 0.8574939670174496 254
1772884489153 0.8576429389517842 255
1772884489251 0.8578329359155715 256
1772884489361 0.858155054753023 257
1772884489480 0.8584432987988468 258
1772884489597 0.8585666660062816 259
1772884489729 0.8588801659950622 260
1772884489826 0.8590794215972816 261
1772884489942 0.8593116828700799 262
1772884490049 0.8595668717053138 263
1772884490145 0.8597593173928851 264
1772884490248 0.8599384670981096 265
1772884490368 0.8601807829892935 266
1772884490451 0.8602372978999662 267
1772884490573 0.8604560294060956 268
1772884490668 0.8605734003796488 269
1772884490791 0.8608540955297156 270
1772884490884 0.8610242483236228 271
1772884490997 0.861320183205685 272
1772884491097 0.8614196342769799 273
1772884491211 0.8616624722864829 274
1772884491367 0.8619144017229646 275
1772884491469 0.8622151565697912 276
1772884491563 0.8624065754988857 277
1772884491669 0.8626838857859475 278
1772884491784 0.8629586182112189 279
1772884491872 0.8631541105538094 280
1772884491975 0.8633437344646143 281
1772884492089 0.8636229634530046 282
1772884492189 0.8638621706806611 283
1772884492282 0.864018589647584 284
1772884492379 0.8641677981493874 285
1772884492481 0.8643675139727435 286
1772884492576 0.8644813138351153 287
1772884492680 0.8646181774114586 288
1772884492795 0.8649136220144 289
1772884492906 0.8650952324666022 290
1772884493008 0.8653122095883838 291
1772884493095 0.8654434292772167 292
1772884493180 0.8655298626808337 293
1772884493287 0.8656783979951155 294
1772884493379 0.8658592893935388 295
1772884493477 0.8659850007897679 296
1772884493571 0.8661214478960406 297
1772884493667 0.8662855599257193 298
1772884493789 0.8664528376177695 299
1772884493906 0.8667502890921263 300
1772884494005 0.8669690159225693 301
1772884494108 0.8671917372364681 302
1772884494204 0.8674349673356768 303
1772884494303 0.8676298600771443 304
1772884494412 0.8678364353551594 305
1772884494501 0.8679843941127728 306
1772884494587 0.8681400079710212 307
1772884494708 0.8683554324309272 308
1772884494809 0.8685514793989901 309
1772884494941 0.868721105287566 310
1772884495046 0.8689174311269272 311
1772884495154 0.8690850023852903 312
1772884495261 0.8692970829501108 313
1772884495373 0.8696424226936588 314
1772884495497 0.8698710990508681 315
1772884495620 0.8701148996951483 316
1772884495747 0.8703771910094102 317
1772884495848 0.8705355995922391 318
1772884495961 0.8707915996590703 319
1772884496063 0.8709873395903903 320
1772884496174 0.8712019665117807 321
1772884496264 0.871321717298406 322
1772884496378 0.8715092878035828 323
1772884496494 0.8716608678803439 324
1772884496585 0.8717500707375695 325
1772884496707 0.8718771339638092 326
1772884496803 0.8720328833056383 327
1772884496915 0.8722836825619121 328
1772884497017 0.872500090919836 329
1772884497117 0.8726710300083462 330
1772884497248 0.8729235103965469 331
1772884497413 0.8731174491866548 332
1772884497511 0.873193140312002 333
1772884497619 0.8734077082306826 334
1772884497713 0.8735677264742313 335
1772884497821 0.8736814789117836 336
1772884497922 0.8738552467905899 337
1772884498018 0.8740100308258211 338
1772884498124 0.874120751080717 339
1772884498220 0.8742512782113274 340
1772884498319 0.8745141027764952 341
1772884498422 0.8747922379882361 342
1772884498517 0.8749164216595839 343
1772884498632 0.8751784187395777 344
1772884498756 0.8753429949981243 345
1772884498868 0.875495582017358 346
1772884498967 0.8755928706950004 347
1772884499101 0.8758823088220803 348
1772884499204 0.8761377151880594 349
1772884499318 0.8762542337394443 350
1772884499433 0.8765094687749132 351
1772884499559 0.8767384873478397 352
1772884499682 0.8769799891129536 353
1772884499778 0.8770737526569978 354
1772884499883 0.8773001440507744 355
1772884499970 0.8775188148843059 356
1772884500087 0.8777853142050378 357
1772884500187 0.877965029223018 358
1772884500288 0.8781227925611182 359
1772884500438 0.8782731241182741 360
1772884500538 0.8784320093984682 361
1772884500623 0.8785577795747554 362
1772884500726 0.8787925792999871 363
1772884500822 0.87891389454903 364
1772884500916 0.8791868289502135 365
1772884501022 0.8794230361683895 366
1772884501122 0.8796537649292943 367
1772884501219 0.8798007406794967 368
1772884501315 0.8799120074330767 369
1772884501442 0.8800844094548134 370
1772884501528 0.880150210835385 371
1772884501630 0.8803014763052442 372
1772884501732 0.8804999282460253 373
1772884501816 0.8806504606350463 374
1772884501913 0.8808135512498896 375
1772884502010 0.8809702342817705 376
1772884502129 0.8811644791066885 377
1772884502222 0.8813591764712583 378
1772884502312 0.8815534043746444 379
1772884502402 0.8816417149550411 380
1772884502493 0.8817194103913087 381
1772884502590 0.8818647107985295 382
1772884502673 0.8819612511436896 383
1772884502775 0.8821661815820107 384
1772884502870 0.8822634977571422 385
1772884502952 0.8823265077529093 386
1772884503044 0.8824726896383498 387
1772884503132 0.8826043040887093 388
1772884503235 0.8828061056021951 389
1772884503323 0.8829147773498011 390
1772884503427 0.8831007247238281 391
1772884503516 0.8832264601664446 392
1772884503611 0.8833829145349934 393
1772884503708 0.8835325429579693 394
1772884503816 0.8836942143906523 395
1772884503914 0.8838418708985352 396
1772884503999 0.8839516184993258 397
1772884504103 0.8842488121429732 398
1772884504203 0.8844727880994001 399
1772884504309 0.8846113016364274 400
1772884504407 0.884793456694774 401
1772884504501 0.8849723451181872 402
1772884504586 0.8851281929834093 403
1772884504681 0.8852622906685719 404
1772884504779 0.8854803063493725 405
1772884504878 0.8856755952996028 406
1772884504982 0.8858591753290549 407
1772884505068 0.8859866426681939 408
1772884505174 0.8861662828751911 409
1772884505273 0.8862730825670072 410
1772884505380 0.8864716030845228 411
1772884505480 0.8866334164576869 412
1772884505572 0.8867418124511187 413
1772884505658 0.886913536943625 414
1772884505781 0.887089890922336 415
1772884505903 0.88727595017886 416
1772884505992 0.8873857123633392 417
1772884506092 0.8875213900965407 418
1772884506229 0.887716189658257 419
1772884506328 0.8878361865863756 420
1772884506431 0.8879848629505317 421
1772884506535 0.8880942326000018 422
1772884506628 0.8883076292592291 423
1772884506726 0.888465660447367 424
1772884506815 0.888575701948448 425
1772884506928 0.8887127093578124 426
1772884507045 0.8888458729076197 427
1772884507143 0.8889889353309237 428
1772884507253 0.8891310677379297 429
1772884507356 0.8892444767351803 430
1772884507464 0.8893646998774618 431
1772884507576 0.889406157630562 432
1772884507685 0.8895112701788545 433
1772884507808 0.8896642084312004 434
1772884507923 0.889816312852798 435
1772884508035 0.8900104624940992 436
1772884508132 0.8901434146360839 437
1772884508220 0.8902452407334385 438
1772884508306 0.8903478259618843 439
1772884508417 0.890545598703547 440
1772884508511 0.8906061225700386 441
1772884508613 0.8908042572320969 442
1772884508721 0.890989413969812 443
1772884508855 0.8911212212365741 444
1772884508973 0.8913509801265203 445
1772884509105 0.8915353294177176 446
1772884509223 0.8916893048931722 447
1772884509321 0.891805271824883 448
1772884509460 0.8920014639618774 449
1772884509557 0.8921088512316228 450
1772884509671 0.8922192614439775 451
1772884509775 0.8923928402914606 452
1772884509878 0.8925809923629697 453
1772884509980 0.8927175976633003 454
1772884510085 0.8929325511034605 455
1772884510204 0.8930415321143267 456
1772884510306 0.8931234426819199 457
1772884510420 0.8932286401718493 458
1772884510536 0.8933823603770896 459
1772884510665 0.8935441596118685 460
1772884510779 0.893646536549616 461
1772884510893 0.8937645773709146 462
1772884511002 0.8939191630234498 463
1772884511129 0.8941345163461263 464
1772884511236 0.8942325006991153 465
1772884511351 0.8943677680851688 466
1772884511469 0.8945588588256055 467
1772884511569 0.8946826560848669 468
1772884511668 0.8947657431442291 469
1772884511775 0.8949555488501759 470
1772884511894 0.8951061576087421 471
1772884511997 0.8952214553606627 472
1772884512133 0.8954216798319079 473
1772884512262 0.8956072443562761 474
1772884512407 0.8958562898961573 475
1772884512527 0.8960083923138893 476
1772884512633 0.8961492808769764 477
1772884512749 0.8962537476239107 478
1772884512873 0.8963794346397749 479
1772884512985 0.8965116710677568 480
1772884513081 0.896591402876795 481
1772884513190 0.8967258371000552 482
1772884513335 0.8969001145173576 483
1772884513467 0.8970602565552712 484
1772884513595 0.8972118406397636 485
1772884513710 0.897378563038386 486
1772884513806 0.8974426575707555 487
1772884513911 0.8975413050919379 488
1772884514020 0.8976819037624657 489
1772884514110 0.8978077366152164 490
1772884514225 0.8979918424367412 491
1772884514352 0.8981365367859385 492
1772884514447 0.8982660819110708 493
1772884514561 0.8983973308786068 494
1772884514683 0.8985676083574858 495
1772884514793 0.8987031927996103 496
1772884514894 0.8988509306867024 497
1772884515014 0.8990297727985547 498
1772884515108 0.8991357500148609 499
1772884515211 0.8992192755868157 500
1772884515305 0.8993985560999346 501
1772884515410 0.8995297066554037 502
1772884515514 0.8997151076420724 503
1772884515619 0.8999343299839521 504
1772884515710 0.899997872451344 505
1772884515796 0.9000478852633927 506
1772884515909 0.9002795258944792 507
1772884516015 0.9004461751520066 508
1772884516129 0.9006237265517498 509
1772884516226 0.9007525420471456 510
1772884516337 0.9009247973413886 511
1772884516430 0.9010717121963415 512
1772884516527 0.9013182129382149 513
1772884516618 0.9014761168808859 514
1772884516710 0.9015282497827576 515
1772884516808 0.9016643489956939 516
1772884516914 0.9018352788441572 517
1772884516998 0.901866514433441 518
1772884517087 0.9019734125373242 519
1772884517195 0.9021663538476582 520
1772884517288 0.9023604093072753 521
1772884517377 0.9024442765383178 522
1772884517474 0.902572475399733 523
1772884517559 0.9026317420632015 524
1772884517646 0.9027164496932186 525
1772884517736 0.9028407131852135 526
1772884517823 0.9029025092837202 527
1772884517913 0.9030458895423762 528
1772884518014 0.9032506614526618 529
1772884518106 0.9034030219237549 530
1772884518200 0.9035327435003873 531
1772884518292 0.9037102238742268 532
1772884518411 0.9039729683960958 533
1772884518509 0.9041461574917163 534
1772884518605 0.9042557432246955 535
1772884518709 0.904360446984402 536
1772884518804 0.9046058559534916 537
1772884518893 0.9046787894257722 538
1772884518995 0.9048299248670181 539
1772884519092 0.9049483128023719 540
1772884519190 0.9050947165602665 541
1772884519297 0.9052390940760446 542
1772884519404 0.9053852794125871 543
1772884519511 0.9056015106510557 544
1772884519610 0.9057443967341853 545
1772884519710 0.9059128121766026 546
1772884519816 0.9060285569018817 547
1772884519915 0.9061236225132735 548
1772884520016 0.9061647587572679 549
1772884520116 0.9062995168274771 550
1772884520221 0.9064855894431051 551
1772884520306 0.9065935239908157 552
1772884520397 0.9066813825881899 553
1772884520509 0.90680387410635 554
1772884520600 0.9069469445451164 555
1772884520691 0.9070865971684212 556
1772884520781 0.9072159500337801 557
1772884520868 0.907325023779094 558
1772884520957 0.9074165368707243 559
1772884521055 0.9075425587547983 560
1772884521154 0.9077088947413343 561
1772884521259 0.9078670879086094 562
1772884521364 0.9080482148725686 563
1772884521472 0.9082460953776712 564
1772884521574 0.9083424826497634 565
1772884521671 0.908458382451976 566
1772884521774 0.9085908082452586 567
1772884521869 0.9087235992987129 568
1772884521955 0.9088612059752227 569
1772884522044 0.9089646160170217 570
1772884522141 0.9090976340639201 571
1772884522242 0.9092503413150907 572
1772884522330 0.9093378866414734 573
1772884522443 0.9095480340326028 574
1772884522534 0.9096376436745486 575
1772884522621 0.9097176834109366 576
1772884522709 0.9097980419846095 577
1772884522804 0.9099251196832118 578
1772884522927 0.9100114736001592 579
1772884523021 0.9100754975519286 580
1772884523126 0.910173238546571 581
1772884523219 0.9102495853812784 582
1772884523315 0.9103122188729612 583
1772884523428 0.9104782965834843 584
1772884523528 0.9106061069176216 585
1772884523619 0.9107319488990934 586
1772884523724 0.9108630475767082 587
1772884523820 0.9109734970870941 588
1772884523906 0.9110467391546796 589
1772884524009 0.9112043929481262 590
1772884524114 0.9113425689451229 591
1772884524220 0.9115290503493367 592
1772884524333 0.9116938745305906 593
1772884524435 0.9118130771486437 594
1772884524549 0.9119257417098175 595
1772884524668 0.9120822488468276 596
1772884524752 0.9121391477204178 597
1772884524843 0.9122133901622498 598
1772884524943 0.9123567589543414 599
1772884525042 0.9124832216888511 600
1772884525207 0.9125875261226705 601
1772884525319 0.9127102172481112 602
1772884525441 0.9127619994734999 603
1772884525579 0.912918609141634 604
1772884525726 0.9130881184720264 605
1772884525852 0.9132043727358016 606
1772884525970 0.9132358373223952 607
1772884526114 0.9134074457020215 608
1772884526223 0.9135064283140655 609
1772884526332 0.9136202904075973 610
1772884526455 0.9137570821787561 611
1772884526565 0.9138815197844079 612
1772884526696 0.9140604202310147 613
1772884526834 0.914229577437688 614
1772884526966 0.9143740960033403 615
1772884527090 0.9144854028342327 616
1772884527217 0.9146387585585825 617
1772884527351 0.9148620693429503 618
1772884527473 0.91487130972394 619
1772884527605 0.9150439864979178 620
1772884527793 0.9151906996303986 621
1772884527916 0.9153194565683881 622
1772884528029 0.9154255580243625 623
1772884528162 0.9155109420703513 624
1772884528276 0.9155969654607978 625
1772884528421 0.9157543433887444 626
1772884528545 0.915852451647424 627
1772884528679 0.9159556963703096 628
1772884528838 0.9161289586070251 629
1772884528967 0.9162282466972499 630
1772884529103 0.9164101332376038 631
1772884529226 0.9164901178676873 632
1772884529368 0.9166902327942787 633
1772884529507 0.9168350764314647 634
1772884529617 0.9168628605848749 635
1772884529747 0.9169435132814899 636
1772884529883 0.9171069680432462 637
1772884530055 0.9171744211657157 638
1772884530184 0.9173487433360169 639
1772884530339 0.9174782715396173 640
1772884530469 0.917516534908272 641
1772884530633 0.9176320973931058 642
1772884530795 0.9177330660586279 643
1772884530932 0.917850376693561 644
1772884531110 0.9179506017022874 645
1772884531252 0.918042778964044 646
1772884531355 0.9181074336881792 647
1772884531471 0.9181721774730085 648
1772884531596 0.9182496985729676 649
1772884531725 0.9183633429131024 650
1772884531876 0.918502789694878 651
1772884532010 0.9186012035430642 652
1772884532125 0.9186805585140405 653
1772884532279 0.9188184970529616 654
1772884532423 0.9189497843165961 655
1772884532543 0.919025724589235 656
1772884532639 0.919065339119945 657
1772884532747 0.9191861716600259 658
1772884532872 0.9192955604575452 659
1772884532999 0.9193421472160181 660
1772884533126 0.9194704765513502 661
1772884533253 0.9196190099730922 662
1772884533396 0.9198405122687408 663
1772884533529 0.9199494475246753 664
1772884533630 0.920124295709701 665
1772884533723 0.9201544403054823 666
1772884533842 0.9203252003819974 667
1772884533950 0.9203720645645324 668
1772884534073 0.9204289733461247 669
1772884534200 0.9204671672474382 670
1772884534323 0.9205706794863836 671
1772884534456 0.920678616817241 672
1772884534583 0.92081283339843 673
1772884534713 0.9209361005239097 674
1772884534886 0.9210455975301723 675
1772884535034 0.921094833510317 676
1772884535222 0.9212222332746544 677
1772884535362 0.9212875668639303 678
1772884535656 0.9214220329263888 679
1772884535790 0.9215160683282017 680
1772884536148 0.9216354122187808 681
1772884536295 0.9217011875490995 682
1772884536524 0.9217619632347035 683
1772884536655 0.9217959938825456 684
1772884536789 0.9218854908627134 685
1772884536907 0.9220141311311937 686
1772884537044 0.9221252357943105 687
1772884537184 0.9222835553164455 688
1772884537299 0.9223742852305971 689
1772884537426 0.9224811833344803 690
1772884537577 0.9226586829676948 691
1772884537695 0.9228027635773841 692
1772884537826 0.922884626497506 693
1772884537918 0.9230019275584144 694
1772884538053 0.9230778742879536 695
1772884538222 0.9231854445774255 696
1772884538367 0.9233515307487145 697
1772884538477 0.9234170624980348 698
1772884538633 0.9235748032369839 699
1772884538743 0.9236591208924868 700
1772884538854 0.9237577808821664 701
1772884538955 0.9238221725432765 702
1772884539047 0.9239121218404444 703
1772884539144 0.9240122729287948 704
1772884539259 0.9241209761816214 705
1772884539358 0.924176995024228 706
1772884539488 0.9243204068994304 707
1772884539582 0.9243891117699554 708
1772884539719 0.9245206102187608 709
1772884539814 0.9246145326248181 710
1772884539934 0.9247023757478966 711
1772884540034 0.9247568407040432 712
1772884540126 0.9248648792301141 713
1772884540225 0.9249978604281502 714
1772884540313 0.9250821039406253 715
1772884540417 0.9251499005033964 716
1772884540514 0.9252837444769066 717
1772884540602 0.9253591992574368 718
1772884540702 0.9255263829904548 719
1772884540790 0.9255748576129907 720
1772884540893 0.9257191960533894 721
1772884540996 0.925832812784709 722
1772884541922 0.902572475399733 723
1772884581778 0.7307155744670596 0
1772884581887 0.7427356154209963 1
1772884581992 0.746973810794483 2
1772884582099 0.7500844917691598 3
1772884582208 0.7518062410501517 4
1772884582321 0.75341046149751 5
1772884582456 0.754631029737958 6
1772884582568 0.7558275351147725 7
1772884582677 0.7573584800967851 8
1772884582793 0.7584621407019408 9
1772884582926 0.7594358416044333 10
1772884583056 0.7606281793860679 11
1772884583186 0.761794423386266 12
1772884583308 0.7628337644694739 13
1772884583430 0.7640344208539142 14
1772884583559 0.764762829790804 15
1772884583681 0.7656797105270947 16
1772884583811 0.7664024875996677 17
1772884583931 0.7674930528316899 18
1772884584053 0.7689341909023192 19
1772884584170 0.7699468373783832 20
1772884584289 0.770609702542759 21
1772884584407 0.7713058298725127 22
1772884584520 0.7721033387754316 23
1772884584636 0.7729422626823175 24
1772884584751 0.7737145133044364 25
1772884584866 0.7745742677283894 26
1772884584987 0.7753798418564395 27
1772884585100 0.7760772446466585 28
1772884585216 0.7772086819463914 29
1772884585335 0.7781063379299294 30
1772884585450 0.7790797213310475 31
1772884585576 0.7798892341682938 32
1772884585693 0.780657796341767 33
1772884585806 0.7812095441518769 34
1772884585916 0.7819411082865066 35
1772884586030 0.7826955995382684 36
1772884586151 0.7834108183637113 37
1772884586271 0.7841871972829791 38
1772884586389 0.7848971019681313 39
1772884586505 0.7855717160192718 40
1772884586620 0.7861597080807756 41
1772884586726 0.7867547072150388 42
1772884586841 0.7875559204862026 43
1772884586957 0.7882816036092238 44
1772884587065 0.7889419990092265 45
1772884587182 0.7896011202846743 46
1772884587319 0.7902069889426739 47
1772884587439 0.7910464050212206 48
1772884587557 0.791684253593255 49
1772884587672 0.7924238670334168 50
1772884587819 0.793124894927863 51
1772884587962 0.7938834556967154 52
1772884588078 0.7945155616351948 53
1772884588194 0.7951597889567918 54
1772884588321 0.7957872727565737 55
1772884588447 0.7964746920656366 56
1772884588563 0.7970154000234327 57
1772884588677 0.7976584186800851 58
1772884588790 0.7982242711436445 59
1772884588907 0.7987752660569117 60
1772884589010 0.7994027302633409 61
1772884589125 0.8000665474865364 62
1772884589239 0.8006113827395486 63
1772884589359 0.8010902766753734 64
1772884589482 0.801536133101421 65
1772884589611 0.8020726018815042 66
1772884589734 0.8025892356204284 67
1772884589851 0.8030396906954156 68
1772884589995 0.8035881499393962 69
1772884590115 0.803968618115167 70
1772884590228 0.8045214441163048 71
1772884590334 0.8050742412840429 72
1772884590464 0.8056324554571733 73
1772884590584 0.8061894283468798 74
1772884590698 0.8066347624319566 75
1772884590805 0.8071182565752831 76
1772884590926 0.807541324484904 77
1772884591036 0.8080098603280282 78
1772884591155 0.8085243445871005 79
1772884591258 0.808917914704231 80
1772884591387 0.8094171267241543 81
1772884591506 0.8097163987104243 82
1772884591628 0.810291215912125 83
1772884591742 0.8107732588114414 84
1772884591857 0.8112696306858301 85
1772884591960 0.8116497115589074 86
1772884592055 0.8120124889410553 87
1772884592164 0.8124352196446232 88
1772884592266 0.8128892024137033 89
1772884592366 0.8132378706893673 90
1772884592473 0.8136417572633238 91
1772884592585 0.8140338965090778 92
1772884592682 0.8142946989511861 93
1772884592808 0.8146768692994727 94
1772884592924 0.8151196200677915 95
1772884593035 0.8154211860348896 96
1772884593143 0.8158311143750074 97
1772884593253 0.816086928193662 98
1772884593357 0.8164393888963322 99
1772884593474 0.8168321660393075 100
1772884593592 0.8171847724675384 101
1772884593710 0.8175363836425127 102
1772884593837 0.8179917851484497 103
1772884593958 0.8183883372402702 104
1772884594081 0.818738579775028 105
1772884594205 0.8191476112739564 106
1772884594319 0.8195039083773503 107
1772884594443 0.819845782991943 108
1772884594558 0.8201949462224143 109
1772884594668 0.8205755601237458 110
1772884594785 0.820862011823101 111
1772884594911 0.821238297820003 112
1772884595029 0.8215505143328559 113
1772884595243 0.8219574962112356 114
1772884595376 0.822281517273787 115
1772884595534 0.8226981487670457 116
1772884595651 0.8229137588071731 117
1772884595788 0.82331970869476 118
1772884595908 0.8235674421479655 119
1772884596031 0.8239159124862367 120
1772884596149 0.8242315550526654 121
1772884596270 0.8245138434985495 122
1772884596392 0.8249359331877717 123
1772884596530 0.8252770100411969 124
1772884596717 0.8256649096639345 125
1772884596831 0.8260073853268864 126
1772884596956 0.8264218949491084 127
1772884597073 0.8267173848616779 128
1772884597181 0.8270085889509958 129
1772884597285 0.8273258647792283 130
1772884597402 0.8276552172375797 131
1772884597539 0.827880240659095 132
1772884597661 0.828271180034648 133
1772884597778 0.8285384941494048 134
1772884597892 0.8289840070238251 135
1772884598029 0.829393728520481 136
1772884598127 0.8297040736454991 137
1772884598256 0.8301037448654784 138
1772884598366 0.8302654923337289 139
1772884598473 0.830502653169287 140
1772884598580 0.8308545316376694 141
1772884598716 0.831234281761594 142
1772884598817 0.8314733776633829 143
1772884598926 0.8317309548837806 144
1772884599056 0.8320104902409585 145
1772884599169 0.8323673197046514 146
1772884599291 0.832727050654432 147
1772884599396 0.832968512787537 148
1772884599508 0.8333021295832476 149
1772884599624 0.833674714329029 150
1772884599730 0.8338970929819073 151
1772884599862 0.834244293982636 152
1772884599984 0.8345005138067298 153
1772884600097 0.8347535917921878 154
1772884600210 0.8349933479676975 155
1772884600328 0.8352023933440633 156
1772884600452 0.835590640971463 157
1772884600554 0.8358377949735275 158
1772884600668 0.8361261787333153 159
1772884600779 0.8364484460794741 160
1772884600885 0.8366239638895935 161
1772884600982 0.8368596892894145 162
1772884601084 0.8371040623713059 163
1772884601190 0.8374260976030308 164
1772884601297 0.8378034738141543 165
1772884601458 0.838025344264447 166
1772884601570 0.838211051953881 167
1772884601672 0.8384523609025922 168
1772884601777 0.8387200358244861 169
1772884601879 0.8390155874115862 170
1772884601985 0.8392962139849185 171
1772884602092 0.8396204551387101 172
1772884602197 0.8398316165971675 173
1772884602299 0.8401194667720718 174
1772884602418 0.8404585041356023 175
1772884602527 0.8407157653018619 176
1772884602628 0.8409679404345335 177
1772884602741 0.841309127277916 178
1772884602857 0.841687053884129 179
1772884602948 0.8419499293252183 180
1772884603056 0.8422431215832059 181
1772884603164 0.8426135786690054 182
1772884603285 0.8428454242510142 183
1772884603391 0.843077979424103 184
1772884603494 0.8432977435889804 185
1772884603634 0.8436527494236359 186
1772884603740 0.843781299852141 187
1772884603873 0.8440622616276607 188
1772884603996 0.8442693977653968 189
1772884604109 0.8444955407911627 190
1772884604215 0.8446273131016024 191
1772884604372 0.8449732830608871 192
1772884604525 0.8451948062857987 193
1772884604682 0.8454798366878021 194
1772884604855 0.8457521042470386 195
1772884604992 0.8460692864502165 196
1772884605126 0.846380990307449 197
1772884605251 0.8467127871478757 198
1772884605397 0.8468567098974846 199
1772884605543 0.8470410116525364 200
1772884605717 0.8473433859567593 201
1772884605864 0.8476297681887731 202
1772884606118 0.8479938469703135 203
1772884606285 0.8482264766204077 204
1772884606434 0.8484375514673401 205
1772884606574 0.8486839427758857 206
1772884606690 0.8489615612129491 207
1772884606799 0.8491750101953343 208
1772884606920 0.8493896559307963 209
1772884607030 0.8495989131602881 210
1772884607142 0.849797738599355 211
1772884607249 0.8499722816401776 212
1772884607351 0.8501674929962781 213
1772884607465 0.850352736679496 214
1772884607603 0.8505751469489207 215
1772884607715 0.8507227275325618 216
1772884607885 0.85092173020241 217
1772884608080 0.8512280660376319 218
1772884608264 0.8515749539900208 219
1772884608408 0.8517257419832339 220
1772884608545 0.8519007778636724 221
1772884608697 0.8520987031217737 222
1772884608845 0.852355115984922 223
1772884608981 0.8526269713044707 224
1772884609091 0.8528949345603617 225
1772884609225 0.8531599664948325 226
1772884609353 0.8534229305513124 227
1772884609492 0.853741982249785 228
1772884609641 0.8540398153492161 229
1772884609799 0.8542931695341516 230
1772884609960 0.854484446411439 231
1772884610094 0.8546820511623674 232
1772884610266 0.8549275043278265 233
1772884610404 0.8551173361953521 234
1772884610590 0.8553613189687518 235
1772884610831 0.8555538206532346 236
1772884611000 0.8556371940427284 237
1772884611120 0.8558963595492793 238
1772884611244 0.8561643341604088 239
1772884611347 0.8563134901164027 240
1772884611487 0.856620409187845 241
1772884611626 0.8568354413353935 242
1772884611754 0.8570721151202807 243
1772884611919 0.8572194251820635 244
1772884612061 0.8573877144922728 245
1772884612175 0.8576509166747834 246
1772884612301 0.8578788803237883 247
1772884612435 0.8581188893203434 248
1772884612560 0.8583319073602951 249
1772884612684 0.8585776686757557 250
1772884612800 0.858685518504481 251
1772884612937 0.858940794730521 252
1772884613074 0.8591021761593187 253
1772884613187 0.8592682334972082 254
1772884613284 0.8593280630242633 255
1772884613404 0.8596226111199927 256
1772884613534 0.8598432461871325 257
1772884613666 0.8600895057971766 258
1772884613805 0.8604246013343866 259
1772884613909 0.8605680492791701 260
1772884614014 0.8607768816891511 261
1772884614126 0.8610045168155207 262
1772884614224 0.8612152220605727 263
1772884614338 0.8613736147238025 264
1772884614451 0.8616066185401379 265
1772884614568 0.8618175339684279 266
1772884614690 0.8619669832680827 267
1772884614814 0.862249128660227 268
1772884614944 0.8625152777497793 269
1772884615055 0.8627320323311516 270
1772884615167 0.8629650819024185 271
1772884615282 0.8631710637022334 272
1772884615375 0.8632995128241989 273
1772884615485 0.8633722098403366 274
1772884615579 0.8634716347500525 275
1772884615693 0.863701182232176 276
1772884615799 0.8639144778075156 277
1772884615895 0.864144496309385 278
1772884615994 0.8643239026207342 279
1772884616092 0.8644355847311265 280
1772884616186 0.8645921941766089 281
1772884616274 0.8647506210168802 282
1772884616387 0.8650611197715956 283
1772884616506 0.865347103902307 284
1772884616610 0.865548567207807 285
1772884616717 0.8658657697836186 286
1772884616826 0.8660350550150395 287
1772884616933 0.866348110256979 288
1772884617037 0.8665003712027465 289
1772884617143 0.8667126643999741 290
1772884617254 0.8668956637537006 291
1772884617363 0.8671245846938412 292
1772884617473 0.8673483970012427 293
1772884617574 0.8675090976723601 294
1772884617667 0.8675736196960611 295
1772884617775 0.8678155295818056 296
1772884617878 0.8679723077973034 297
1772884617975 0.8681233343618507 298
1772884618059 0.8682216943283171 299
1772884618179 0.8684194945674691 300
1772884618284 0.8686984655024982 301
1772884618394 0.8689491138008955 302
1772884618501 0.8691441265516483 303
1772884618605 0.8692847973613382 304
1772884618701 0.8694101666531762 305
1772884618795 0.8695686635174181 306
1772884618897 0.8697779499142874 307
1772884618990 0.8698983283561542 308
1772884619084 0.8701127381921028 309
1772884619178 0.8702768528936022 310
1772884619270 0.8704111480708538 311
1772884619362 0.8705750935570346 312
1772884619464 0.8707660121876799 313
1772884619568 0.8710314499049382 314
1772884619668 0.8712536543328337 315
1772884619753 0.8713408575548252 316
1772884619868 0.8715796810422161 317
1772884619974 0.8718755285334723 318
1772884620070 0.8719757303864183 319
1772884620220 0.8721111118814862 320
1772884620325 0.8722159023640436 321
1772884620433 0.872434840713635 322
1772884620534 0.8725713358013566 323
1772884620648 0.8727548539336263 324
1772884620753 0.8729351010892537 325
1772884620910 0.8732040624928737 326
1772884621020 0.873406968692944 327
1772884621118 0.8735925575976772 328
1772884621223 0.8737411053804562 329
1772884621320 0.8738318931840591 330
1772884621420 0.8739678054808637 331
1772884621505 0.8740073996389399 332
1772884621623 0.8742465480865383 333
1772884621732 0.8745367530261945 334
1772884621834 0.874718651589742 335
1772884621942 0.8749757448765932 336
1772884622037 0.8750885845533568 337
1772884622137 0.8753386746638538 338
1772884622233 0.8754442368573256 339
1772884622336 0.8756990920489343 340
1772884622451 0.875993967776692 341
1772884622548 0.8761963412824857 342
1772884622648 0.876305603836471 343
1772884622749 0.8764859177876191 344
1772884622841 0.8766599167789265 345
1772884622952 0.8768368398554729 346
1772884623051 0.8769868368783965 347
1772884623151 0.8772177907402056 348
1772884623257 0.8774331133369427 349
1772884623349 0.8776110052825148 350
1772884623450 0.8778161594858298 351
1772884623554 0.8779581552959962 352
1772884623665 0.8781838982165939 353
1772884623759 0.8783262152018884 354
1772884623859 0.8784702069735352 355
1772884623961 0.8786429876145475 356
1772884624055 0.878870550490429 357
1772884624142 0.8789747307959059 358
1772884624238 0.879138052857228 359
1772884624332 0.879281243193954 360
1772884624437 0.8794931704630546 361
1772884624550 0.8796571635967066 362
1772884624656 0.8798542987751256 363
1772884624750 0.8799666312512363 364
1772884624866 0.8800968342009203 365
1772884624964 0.8801767604962493 366
1772884625069 0.8803578879055118 367
1772884625183 0.880431882981266 368
1772884625271 0.8805515376936675 369
1772884625368 0.880682617223233 370
1772884625478 0.8808118203552999 371
1772884625581 0.880913851180925 372
1772884625676 0.8810894598329523 373
1772884625814 0.881286798626383 374
1772884625904 0.8813739066647578 375
1772884626002 0.8815094425688039 376
1772884626104 0.8816462954578641 377
1772884626188 0.8817567493099588 378
1772884626296 0.8819135173948026 379
1772884626389 0.8820162528018439 380
1772884626495 0.8821990945181419 381
1772884626580 0.8823372451328408 382
1772884626691 0.8825246742541658 383
1772884626786 0.8827115769154628 384
1772884626885 0.8828909998143664 385
1772884626994 0.8831338088791437 386
1772884627084 0.8832884990666684 387
1772884627177 0.883459415110724 388
1772884627282 0.8836439445271751 389
1772884627388 0.8838668485268227 390
1772884627482 0.8840118470182905 391
1772884627588 0.8842169210669808 392
1772884627683 0.8843124376594623 393
1772884627779 0.8844740234825531 394
1772884627878 0.8845516229559229 395
1772884627968 0.884645295769385 396
1772884628073 0.8848527863686837 397
1772884628175 0.8850130333868904 398
1772884628280 0.8852044279356198 399
1772884628382 0.8853171695342941 400
1772884628485 0.8855141326029217 401
1772884628578 0.8856841463508203 402
1772884628682 0.8858933294372842 403
1772884628779 0.885950770133872 404
1772884628878 0.8861330898431768 405
1772884628978 0.8862930124578055 406
1772884629084 0.8865018782655467 407
1772884629199 0.8866675761322096 408
1772884629289 0.8868206412960447 409
1772884629377 0.8869239639470377 410
1772884629472 0.8870037290425102 411
1772884629563 0.8871365126371313 412
1772884629667 0.8873137165888416 413
1772884629772 0.8874293650172452 414
1772884629885 0.8876120399673937 415
1772884629983 0.8877669973370006 416
1772884630089 0.8879753049568417 417
1772884630198 0.8881027924459628 418
1772884630322 0.888302687281314 419
1772884630417 0.8883960755458584 420
1772884630520 0.8885576391037756 421
1772884630639 0.8887309000045809 422
1772884630756 0.8889278475989127 423
1772884630854 0.8890458618133291 424
1772884630960 0.8891617965718642 425
1772884631067 0.8893070172697637 426
1772884631176 0.8894830353783321 427
1772884631296 0.8896967702455453 428
1772884631401 0.8897969028538016 429
1772884631557 0.8899501862163374 430
1772884631656 0.8900082581305946 431
1772884631763 0.8901005250096745 432
1772884631877 0.8902158085118841 433
1772884631981 0.8904206572370184 434
1772884632115 0.8906310360746263 435
1772884632210 0.8907957776520864 436
1772884632319 0.8909344079699489 437
1772884632447 0.8910598176730767 438
1772884632567 0.891204101786452 439
1772884632686 0.8914216701599166 440
1772884632799 0.8915073926365429 441
1772884632904 0.8916245555420494 442
1772884632999 0.8917582034707068 443
1772884633103 0.8919170422166882 444
1772884633213 0.8920847392732818 445
1772884633345 0.8922316790652289 446
1772884633451 0.8924189623496672 447
1772884633558 0.8925967339519765 448
1772884633669 0.8927088504559041 449
1772884633771 0.8928255337695731 450
1772884633889 0.8929341488523125 451
1772884634006 0.8930362296632521 452
1772884634142 0.8932187223729552 453
1772884634254 0.8933299872339956 454
1772884634369 0.8934055770528032 455
1772884634474 0.8936029185180548 456
1772884634567 0.8936749783049263 457
1772884634669 0.8936931331047653 458
1772884634814 0.8938294174526195 459
1772884634944 0.8939673188087008 460
1772884635083 0.8941209979346959 461
1772884635186 0.8942696495845094 462
1772884635299 0.8943740188099838 463
1772884635435 0.8945130348719775 464
1772884635573 0.8946628123602902 465
1772884635688 0.8947415922218344 466
1772884635820 0.8949818857673071 467
1772884635980 0.8951271407535738 468
1772884636115 0.895306383193246 469
1772884636256 0.8953858045144394 470
1772884636399 0.8955832155583582 471
1772884636541 0.8957850627154498 472
1772884636639 0.8958330849096597 473
1772884636784 0.895981361725277 474
1772884636898 0.8960945430611283 475
1772884637008 0.8962186935573676 476
1772884637115 0.8964412220548639 477
1772884637230 0.8966315183739092 478
1772884637337 0.896736973694548 479
1772884637445 0.8968732907722073 480
1772884637563 0.8969839489072692 481
1772884637667 0.8970528185400782 482
1772884637801 0.8971912716271594 483
1772884637941 0.8973500804264825 484
1772884638038 0.8974534703182994 485
1772884638152 0.8976077172062192 486
1772884638282 0.8977652731442282 487
1772884638383 0.8978327615569978 488
1772884638493 0.8979352031750744 489
1772884638594 0.8980737032416717 490
1772884638690 0.898148299365785 491
1772884638808 0.8982888341352647 492
1772884638917 0.8984836764461143 493
1772884639033 0.8987059638117811 494
1772884639161 0.8988682994145902 495
1772884639286 0.8990211846758234 496
1772884639427 0.899160950072232 497
1772884639531 0.8992934742775817 498
1772884639649 0.8993667333780249 499
1772884639734 0.89944634161535 500
1772884639855 0.899593108295573 501
1772884639959 0.8997859490786486 502
1772884640052 0.8998860860286139 503
1772884640153 0.9000682324035428 504
1772884640288 0.900287130564496 505
1772884640427 0.9004274468012977 506
1772884640551 0.9006028108703938 507
1772884640645 0.9006999704100297 508
1772884640753 0.900776044051058 509
1772884640872 0.9009627874050384 510
1772884640973 0.9011683329187781 511
1772884641073 0.9012803199507217 512
1772884641194 0.9015242153333152 513
1772884641336 0.9016682561996696 514
1772884641474 0.901800337439392 515
1772884641599 0.9020164208371084 516
1772884641740 0.9022103021830686 517
1772884641882 0.9023983635239957 518
1772884641998 0.9025379918782614 519
1772884642109 0.9027200260367158 520
1772884642218 0.902839759233854 521
1772884642321 0.9029575924324095 522
1772884642415 0.9030282922624822 523
1772884642531 0.9031599304252514 524
1772884642656 0.903337205514191 525
1772884642789 0.9034960895698007 526
1772884642923 0.9036536727826471 527
1772884643034 0.9037419337117067 528
1772884643187 0.9039244968906841 529
1772884643314 0.904169311156989 530
1772884643416 0.9043344489432118 531
1772884643523 0.9044964470059903 532
1772884643662 0.9046632683733091 533
1772884643766 0.904775695810385 534
1772884643870 0.904884156484146 535
1772884644004 0.9050669084717947 536
1772884644116 0.9051793087453589 537
1772884644256 0.9053743886256099 538
1772884644437 0.905562875454003 539
1772884644545 0.9057082084797029 540
1772884644705 0.9058737032879832 541
1772884644831 0.9059378657291318 542
1772884644972 0.9060286740166944 543
1772884645102 0.9061392075781103 544
1772884645240 0.9062954401855309 545
1772884645356 0.9064325541337506 546
1772884645472 0.9065221231417547 547
1772884645631 0.9066611261786219 548
1772884645820 0.9067845559511943 549
1772884645961 0.9069641329250987 550
1772884646098 0.9070601726378322 551
1772884646222 0.9071861504368626 552
1772884646349 0.9072552207902108 553
1772884646481 0.9073405059788292 554
1772884646596 0.9074490558246101 555
1772884646725 0.9076157422649774 556
1772884646921 0.9077045660576237 557
1772884647045 0.9078356276637246 558
1772884647176 0.9079391235377676 559
1772884647296 0.9079913562989425 560
1772884647457 0.9081023875983126 561
1772884647591 0.9082456609841357 562
1772884647710 0.9083172770260989 563
1772884647843 0.9083860653910245 564
1772884647989 0.908513859471585 565
1772884648114 0.9086444600772681 566
1772884648227 0.9087407158735106 567
1772884648355 0.9088807359835044 568
1772884648511 0.9090464939661358 569
1772884648637 0.9092395885721896 570
1772884648748 0.9093037482301914 571
1772884648857 0.9093410131171396 572
1772884648972 0.9094728124797651 573
1772884649114 0.9096254980223917 574
1772884649247 0.9097933029537509 575
1772884649371 0.9099135093971523 576
1772884649497 0.9100569692538036 577
1772884649626 0.9102183176188188 578
1772884649764 0.910345601492928 579
1772884649884 0.910432791689793 580
1772884650016 0.910558481266152 581
1772884650140 0.9107181739928639 582
1772884650288 0.9108099340052687 583
1772884650426 0.9110389394417427 584
1772884650546 0.9111314445581794 585
1772884650648 0.911212259901887 586
1772884650782 0.9113367123138794 587
1772884650923 0.9114824739441696 588
1772884651037 0.9115771332161446 589
1772884651137 0.911631783307209 590
1772884651261 0.9117663511215104 591
1772884651382 0.9119363172219376 592
1772884651496 0.9120317970768829 593
1772884651600 0.9121115317803936 594
1772884651727 0.9122866517118621 595
1772884651825 0.9123411600850969 596
1772884651959 0.912528542004254 597
1772884652084 0.9126318588663018 598
1772884652206 0.9126887909150005 599
1772884652310 0.9127143400902925 600
1772884652468 0.9128764823200696 601
1772884652592 0.9129462481261129 602
1772884652692 0.9130210375119324 603
1772884652827 0.9131989923566197 604
1772884652958 0.913306669073621 605
1772884653099 0.9133692824153218 606
1772884653229 0.9134613722862722 607
1772884653336 0.9135450772041998 608
1772884653438 0.9135959588033195 609
1772884653551 0.9137406458050096 610
1772884653685 0.9138972987789062 611
1772884653829 0.9140256323446211 612
1772884653952 0.9141114657018116 613
1772884654080 0.9141593199052873 614
1772884654223 0.9142540377346687 615
1772884654370 0.9144317766071729 616
1772884654718 0.914585481783421 617
1772884654845 0.9147838879692705 618
1772884655004 0.9149076521647491 619
1772884655220 0.9150342689742595 620
1772884655367 0.9152142922535672 621
1772884655574 0.9152850194698032 622
1772884655709 0.9153245073116759 623
1772884655856 0.9153756894906382 624
1772884656050 0.9154769154302403 625
1772884656187 0.9156249985388479 626
1772884656356 0.9157394916273974 627
1772884656620 0.9158373354871415 628
1772884656878 0.9160157919661883 629
1772884657006 0.9161425637413065 630
1772884657145 0.9162622027567606 631
1772884657392 0.9163813050702071 632
1772884657501 0.9164655999039071 633
1772884657597 0.9165025009779199 634
1772884657764 0.9166105364981924 635
1772884657878 0.9167447133360468 636
1772884657989 0.916849075102688 637
1772884658107 0.9169177837582925 638
1772884658229 0.9170057116003563 639
1772884658357 0.9170905351206016 640
1772884658511 0.917177424737624 641
1772884658771 0.9172951951483902 642
1772884658941 0.9174226659386311 643
1772884659124 0.9175413501121187 644
1772884659283 0.9176655018329426 645
1772884659442 0.9177447314509919 646
1772884659598 0.9178240806330231 647
1772884659720 0.91790836800789 648
1772884659839 0.9179873841029252 649
1772884659962 0.9180825335426954 650
1772884660180 0.918240874328071 651
1772884660309 0.9182884094716102 652
1772884660439 0.9183763905274387 653
1772884660559 0.9185303175761409 654
1772884660680 0.9186539288098774 655
1772884660832 0.9187807730581354 656
1772884660976 0.9188802795697123 657
1772884661082 0.919045975989139 658
1772884661201 0.9190756281906077 659
1772884661411 0.9192501585402814 660
1772884661509 0.9193082723130648 661
1772884661614 0.919407945034162 662
1772884661718 0.9194901449376853 663
1772884661832 0.9196490633929879 664
1772884661958 0.9197898944006014 665
1772884662077 0.9199190114777727 666
1772884662221 0.9200772318085595 667
1772884662345 0.9201849237772046 668
1772884662522 0.9203341325016596 669
1772884662703 0.9205028091145623 670
1772884662811 0.9206056118737534 671
1772884662907 0.9206569815254767 672
1772884663050 0.9207184208245776 673
1772884663154 0.9207950651220034 674
1772884663262 0.9209349842594352 675
1772884663354 0.9210027531020653 676
1772884663479 0.9210816835875083 677
1772884663594 0.9211804781701618 678
1772884663695 0.9213270945604636 679
1772884663792 0.9214010068097721 680
1772884663880 0.9214842636410825 681
1772884664055 0.9215908809811275 682
1772884664325 0.9217101981534984 683
1772884664433 0.9218300724005108 684
1772884664534 0.921933651323651 685
1772884664642 0.9220393316338683 686
1772884664761 0.9221688038405572 687
1772884664897 0.9222937991888058 688
1772884665019 0.9223926501023483 689
1772884665123 0.9224856186683719 690
1772884665249 0.9226011799286211 691
1772884665387 0.9226756976793237 692
1772884665991 0.9227609893248423 693
1772884666079 0.9228283450371777 694
1772884666181 0.9229487169108184 695
1772884666287 0.9230876789797663 696
1772884666399 0.9231745619172367 697
1772884666510 0.9232403572862115 698
1772884666617 0.9233450895453401 699
1772884666740 0.9233905829724672 700
1772884666838 0.923512348979948 701
1772884666969 0.9236357943381418 702
1772884667081 0.923762281786994 703
1772884667191 0.9238453694029857 704
1772884667288 0.9238721003023624 705
1772884667380 0.9239742515825763 706
1772884667498 0.9240790289286813 707
1772884667619 0.9241529135691747 708
1772884667754 0.9241995188077416 709
1772884667892 0.9243088137575546 710
1772884668014 0.9243662778325746 711
1772884668111 0.9244152780245316 712
1772884668230 0.9245308239218111 713
1772884668346 0.9246575341337244 714
1772884668459 0.9247163809873462 715
1772884668571 0.9248553656554452 716
1772884668687 0.9249363072426868 717
1772884668803 0.925042876489957 718
1772884668903 0.9251120809909759 719
1772884669013 0.9252274351851113 720
1772884669133 0.9253157551168809 721
1772884669245 0.9254661052654566 722
1772884669344 0.925564538373018 723
1772884669462 0.9256800539896615 724
1772884669564 0.9258043602307896 725
1772884669669 0.9259014615469966 726
1772884669799 0.9259852445043574 727
1772884669918 0.9261104597211945 728
1772884670030 0.9262147071561697 729
1772884670137 0.9262659529022024 730
1772884670270 0.9264069731637908 731
1772884670372 0.9264677750109738 732
1772884670473 0.9265546475951384 733
1772884670579 0.9266684368815528 734
1772884670681 0.9267333739280883 735
1772884670872 0.9268730149735028 736
1772884671046 0.9270376885308578 737
1772884671132 0.9271131595649647 738
1772884671248 0.9271939536454317 739
1772884671362 0.9272800723308209 740
1772884671454 0.9273214793193253 741
1772884671572 0.9274311288420266 742
1772884671673 0.9274764219939178 743
1772884671809 0.9276274398750475 744
1772884671911 0.9277261127785277 745
1772884672094 0.9278273410559732 746
1772884672190 0.9278788852666568 747
1772884672292 0.9279796734729476 748
1772884672395 0.9280588340689591 749
1772884672495 0.9281585646795075 750
1772884672591 0.9282812621505226 751
1772884672682 0.9284116396591671 752
1772884672780 0.9284827120969186 753
1772884672869 0.9286022645008477 754
1772884672969 0.9286927044111143 755
1772884673062 0.9287493471238831 756
1772884673164 0.9288118886603992 757
1772884673278 0.9289562326670913 758
1772884673387 0.9290576211424602 759
1772884673480 0.9291236138921982 760
1772884673564 0.9291879823975279 761
1772884674501 0.9082456609841357 762
1772884778603 0.7292865635684932 0
1772884778833 0.7402025973598483 1
1772884779017 0.7439726457514663 2
1772884779243 0.7467172027770888 3
1772884779401 0.7485539359823804 4
1772884779584 0.7504647578884809 5
1772884779726 0.7523593625101421 6
1772884779876 0.7536430367092551 7
1772884780024 0.7547818251900043 8
1772884780164 0.7559172163392512 9
1772884780337 0.7573082801459529 10
1772884780483 0.7586191801992499 11
1772884780639 0.7597910570656976 12
1772884780787 0.7611127010671525 13
1772884780924 0.7620891224398718 14
1772884781065 0.7630426868307559 15
1772884781203 0.7640630223618444 16
1772884781341 0.764988330243662 17
1772884781479 0.7661138521320932 18
1772884781638 0.7674076390616945 19
1772884781791 0.7683294229231726 20
1772884781959 0.7690805549168791 21
1772884782097 0.7698611720119269 22
1772884782233 0.7705969799999561 23
1772884782381 0.771278388380123 24
1772884782529 0.7722918302795112 25
1772884782677 0.7732395981551202 26
1772884782817 0.7737921200139877 27
1772884782976 0.7744979381491915 28
1772884783115 0.775443429299482 29
1772884783262 0.7762495522640593 30
1772884783403 0.7773351991192503 31
1772884783526 0.778006852904245 32
1772884783671 0.7789470595269256 33
1772884783823 0.7799572441427531 34
1772884783996 0.7806878847179851 35
1772884784125 0.7813242535465872 36
1772884784252 0.7821851832377247 37
1772884784399 0.7827888134665042 38
1772884784535 0.7833774843931487 39
1772884784707 0.7841561147667632 40
1772884784849 0.7850107306113188 41
1772884784982 0.7856881890383768 42
1772884785101 0.7863732251945917 43
1772884785250 0.7871011435183829 44
1772884785361 0.7877349575296491 45
1772884785478 0.7885010848950716 46
1772884785610 0.7893229111525573 47
1772884785722 0.7899889301787626 48
1772884785866 0.790709247172313 49
1772884786009 0.7913038771499992 50
1772884786149 0.7920115279316357 51
1772884786274 0.7926597735604244 52
1772884786409 0.7934639138112995 53
1772884786577 0.7940330854556018 54
1772884786722 0.7946920184790075 55
1772884786845 0.7952577784307708 56
1772884787045 0.7957698965698528 57
1772884787162 0.7964237696099236 58
1772884787279 0.7970424708006832 59
1772884787419 0.797608751757507 60
1772884787555 0.7982195676257376 61
1772884787671 0.7987750054430557 62
1772884787784 0.7993927875274524 63
1772884787961 0.8000077763345047 64
1772884788087 0.8005470899358089 65
1772884788215 0.8013090591687502 66
1772884788347 0.8018099251570887 67
1772884788472 0.802355639884455 68
1772884788597 0.8028525618199557 69
1772884788735 0.8034284869366909 70
1772884788880 0.803951611085023 71
1772884789003 0.8044647586544028 72
1772884789173 0.8049065181771964 73
1772884789320 0.8053800465401797 74
1772884789453 0.805820792106971 75
1772884789579 0.806311666710017 76
1772884789717 0.8068473418479899 77
1772884789849 0.807388597195077 78
1772884789989 0.8079365756226354 79
1772884790123 0.808452641376983 80
1772884790241 0.8087979911398592 81
1772884790356 0.8092141924699655 82
1772884790465 0.80958345625379 83
1772884790582 0.8100639997049953 84
1772884790724 0.8104384974744858 85
1772884790865 0.8108376198579378 86
1772884790980 0.8112221057842708 87
1772884791124 0.811575556173904 88
1772884791236 0.8119657002374585 89
1772884791347 0.8123736967397956 90
1772884791469 0.8128105927694107 91
1772884791608 0.8133249282971239 92
1772884791734 0.813675575056107 93
1772884791852 0.8140375616906173 94
1772884791981 0.8143520749674449 95
1772884792083 0.8146798654125478 96
1772884792202 0.8149642957681248 97
1772884792310 0.8152614117063166 98
1772884792461 0.8156128872863841 99
1772884792586 0.8159334842992253 100
1772884792703 0.8163953281217954 101
1772884792832 0.8168310818366828 102
1772884792947 0.817215027832558 103
1772884793073 0.8176219455872379 104
1772884793189 0.8178923791641313 105
1772884793317 0.8183256994068785 106
1772884793421 0.8187411198973493 107
1772884793549 0.8190321616735523 108
1772884793661 0.819370670795841 109
1772884794208 0.8198805213383256 110
1772884794359 0.8203388941316693 111
1772884794501 0.8206760928371704 112
1772884794623 0.8208699387815046 113
1772884794760 0.8211682070537522 114
1772884794913 0.8215673145195378 115
1772884795050 0.8219073804227592 116
1772884795218 0.8222630004422264 117
1772884795340 0.822591409302524 118
1772884795457 0.8229121303323816 119
1772884795583 0.823330877017125 120
1772884795704 0.8235780669774448 121
1772884795847 0.8239737959258001 122
1772884795977 0.824276525025563 123
1772884796088 0.8245989796218312 124
1772884796246 0.8248042480454862 125
1772884796368 0.8250896378073904 126
1772884796482 0.8254214765063433 127
1772884796623 0.8257907154644993 128
1772884796744 0.8260116127040573 129
1772884796871 0.8263344674054937 130
1772884796978 0.8265426062553195 131
1772884797099 0.8268664435188634 132
1772884797227 0.8272826937210256 133
1772884797339 0.8275827826165121 134
1772884797467 0.827946240311037 135
1772884797591 0.8283478960259324 136
1772884797714 0.8285437794562958 137
1772884797837 0.8288405667605264 138
1772884797955 0.8290608216498283 139
1772884798061 0.8293397876865192 140
1772884798184 0.8297416100562384 141
1772884798309 0.8300371391555132 142
1772884798413 0.8303002541698695 143
1772884798549 0.8305906617226048 144
1772884798676 0.8309629711595156 145
1772884798791 0.8311665733689101 146
1772884798916 0.8314454748365978 147
1772884799039 0.8317299488319149 148
1772884799154 0.8319781144521384 149
1772884799287 0.8322290027691063 150
1772884799410 0.8325600084165918 151
1772884799520 0.8328282621216715 152
1772884799645 0.8331230868621818 153
1772884799763 0.8333972236940616 154
1772884799889 0.8336466142328064 155
1772884800034 0.8338906835064052 156
1772884800208 0.8342190705468328 157
1772884800351 0.8344783026262524 158
1772884800499 0.8348470923845327 159
1772884800642 0.8351373764768807 160
1772884800752 0.8354185145925747 161
1772884800854 0.8356405870993171 162
1772884800973 0.8359505890066855 163
1772884801081 0.836250543309198 164
1772884801189 0.8365135702647931 165
1772884801299 0.8367608116576637 166
1772884801406 0.8370735223460428 167
1772884801527 0.837433719528557 168
1772884801621 0.8376145118469581 169
1772884801735 0.8379043392805972 170
1772884801833 0.8380931732230456 171
1772884801950 0.8384219761769145 172
1772884802059 0.8386408535199305 173
1772884802165 0.8389097267534633 174
1772884802281 0.8391764272400379 175
1772884802393 0.8394704356279612 176
1772884802514 0.8397978994429686 177
1772884802634 0.8400337077805609 178
1772884802727 0.8401325595847103 179
1772884802840 0.8403265377841753 180
1772884802940 0.8405597368660825 181
1772884803044 0.8408262300638917 182
1772884803151 0.841111078893405 183
1772884803257 0.8413076947366515 184
1772884803376 0.8416417606209119 185
1772884803487 0.8419674001389267 186
1772884803596 0.8422229213932012 187
1772884803701 0.8425816193502562 188
1772884803810 0.8429058847730869 189
1772884803917 0.8430142668507854 190
1772884804010 0.8431553062604231 191
1772884804114 0.8432246716273206 192
1772884804215 0.8435245571304469 193
1772884804326 0.8437929664690895 194
1772884804444 0.8439856798953725 195
1772884804545 0.8442307424183622 196
1772884804650 0.8444047591104826 197
1772884804758 0.8446724478367841 198
1772884804865 0.8449347320261904 199
1772884804978 0.8451581486814584 200
1772884805071 0.8453336350976831 201
1772884805179 0.8455855013010721 202
1772884805280 0.8458283318517419 203
1772884805396 0.8461971683668865 204
1772884805502 0.846461179665803 205
1772884805600 0.8466737158873996 206
1772884805715 0.8469576437180102 207
1772884805821 0.8471990940505733 208
1772884805947 0.8475745366427022 209
1772884806113 0.8478815417690403 210
1772884806225 0.8480398468188124 211
1772884806365 0.8482321244043237 212
1772884806482 0.8485138720291429 213
1772884806623 0.8488141380440848 214
1772884806739 0.8490113332271463 215
1772884806872 0.8492433803089753 216
1772884806998 0.8494952278096185 217
1772884807106 0.8498021643592221 218
1772884807222 0.8501617698447499 219
1772884807338 0.8505262831311515 220
1772884807750 0.8507865831596193 221
1772884807861 0.8509788792252246 222
1772884807992 0.8512709359593628 223
1772884808127 0.8515372639495843 224
1772884808292 0.8518844894420039 225
1772884808424 0.852109141369099 226
1772884808521 0.8522746939555046 227
1772884808675 0.8524249623908935 228
1772884808804 0.852624288462387 229
1772884808912 0.852947401662488 230
1772884809008 0.8531624973771069 231
1772884809115 0.8533732768765125 232
1772884809229 0.8536817303523881 233
1772884809378 0.8540022488804926 234
1772884809490 0.8541954950010522 235
1772884809589 0.8543544084466907 236
1772884809698 0.8546235930586754 237
1772884809795 0.8547694032270439 238
1772884809904 0.8551190300184279 239
1772884809999 0.8553910183723885 240
1772884810098 0.8554941364064367 241
1772884810216 0.8556761990643132 242
1772884810324 0.855756165770932 243
1772884810440 0.8560708436987179 244
1772884810547 0.8563077539397479 245
1772884810654 0.8565145595509831 246
1772884810757 0.8567182448094749 247
1772884810872 0.8569297429173559 248
1772884811001 0.857236114710833 249
1772884811100 0.8574225765216943 250
1772884811214 0.8576704219687226 251
1772884811318 0.8578891336588474 252
1772884811412 0.8580635676003198 253
1772884811533 0.8582257378842154 254
1772884811634 0.8584646485397607 255
1772884811737 0.8586327920130833 256
1772884811840 0.8588541219762886 257
1772884811941 0.8590330485844745 258
1772884812039 0.859295386432949 259
1772884812145 0.8595910994425571 260
1772884812245 0.8598204909571401 261
1772884812344 0.860058127822108 262
1772884812430 0.8602247398967957 263
1772884812536 0.8603470929255764 264
1772884812642 0.8606148152722899 265
1772884812745 0.8607463533531042 266
1772884812866 0.8608547401064891 267
1772884812980 0.8611015972024647 268
1772884813074 0.8613128751077795 269
1772884813180 0.8615349876918343 270
1772884813291 0.8617462234046455 271
1772884813390 0.8619227862306841 272
1772884813481 0.8621206371231059 273
1772884813592 0.8624697230934251 274
1772884813694 0.8626519663218588 275
1772884813792 0.8628399259109429 276
1772884813893 0.863026836031073 277
1772884814002 0.8631646447640325 278
1772884814109 0.8634671071270166 279
1772884814209 0.863707839853037 280
1772884814304 0.8639164466054844 281
1772884814410 0.8641026234221245 282
1772884814516 0.8643381355215831 283
1772884814621 0.8645609216271369 284
1772884814724 0.8647696500587576 285
1772884814836 0.8650867326252839 286
1772884814931 0.8652300759237519 287
1772884815044 0.86546036628339 288
1772884815175 0.8656878608051888 289
1772884815281 0.8659306493860065 290
1772884815391 0.8661429694127681 291
1772884815492 0.8664142483983002 292
1772884815602 0.8666542700860042 293
1772884815711 0.86692184581655 294
1772884815818 0.8671497868664038 295
1772884815922 0.8673958451992793 296
1772884816043 0.8675858817950755 297
1772884816153 0.867802284586706 298
1772884816260 0.8679638340062381 299
1772884816358 0.8681219308766377 300
1772884816466 0.8683857050514562 301
1772884816566 0.8685156640861642 302
1772884819294 0.8686109165023619 303
1772884819401 0.8688655679676328 304
1772884819480 0.868905585943287 305
1772884819573 0.8690471846540836 306
1772884819682 0.86924069918131 307
1772884819768 0.8693967356325518 308
1772884819860 0.8695579225750588 309
1772884819963 0.8697536218724372 310
1772884820061 0.869975974920366 311
1772884820162 0.8701948429120091 312
1772884820261 0.8703697545527793 313
1772884820368 0.8705038177269229 314
1772884820467 0.8706867273520001 315
1772884820577 0.8709381092878651 316
1772884820676 0.8711441951773661 317
1772884820780 0.8713932563028688 318
1772884820883 0.8715987763229847 319
1772884820968 0.8717250974509908 320
1772884821056 0.8718650030066668 321
1772884821149 0.8720430938915643 322
1772884821241 0.8722297922698943 323
1772884821333 0.8724338116173147 324
1772884821433 0.8726771047269645 325
1772884821539 0.8728997202812891 326
1772884821632 0.8730865376669715 327
1772884821711 0.8731999124871808 328
1772884821804 0.8733544374671179 329
1772884821898 0.8736352193400356 330
1772884821990 0.87375365225104 331
1772884822094 0.8739746828589874 332
1772884822210 0.8742226883926133 333
1772884822299 0.8743598952979325 334
1772884822395 0.874495342697914 335
1772884823274 0.8746468183510112 336
1772884823355 0.8748472387557834 337
1772884823461 0.875081868709067 338
1772884823554 0.8752766382127991 339
1772884823645 0.8754266607293464 340
1772884823734 0.8755355697123763 341
1772884823836 0.8757381692096813 342
1772884823971 0.875986204355988 343
1772884824084 0.8761626361514804 344
1772884824196 0.8762883888496065 345
1772884824316 0.8764366154572574 346
1772884824438 0.8766642703996315 347
1772884824554 0.8767929220233501 348
1772884824662 0.8769412389162797 349
1772884824770 0.877061177286992 350
1772884824887 0.8773120259719509 351
1772884824997 0.8775247587950297 352
1772884825092 0.877624148859749 353
1772884825198 0.877749270006228 354
1772884825287 0.8778375562062597 355
1772884825391 0.8779968375838908 356
1772884825511 0.8782360838869269 357
1772884825617 0.878359942598067 358
1772884825736 0.8786848212037767 359
1772884825842 0.8788937898766196 360
1772884825956 0.8791070685304273 361
1772884826046 0.8791770572108577 362
1772884826167 0.8794056578664771 363
1772884826263 0.8795569899092052 364
1772884826372 0.8796928517753918 365
1772884826476 0.8798754192960779 366
1772884826677 0.880066212796448 367
1772884826788 0.8802148796979055 368
1772884826902 0.8804586033046852 369
1772884826995 0.880530852011554 370
1772884827107 0.8807736241161433 371
1772884827227 0.8809831112335518 372
1772884827323 0.8811155085274123 373
1772884827453 0.881265585370983 374
1772884827570 0.8813874534642845 375
1772884827699 0.8816548664364118 376
1772884827842 0.8819296568624603 377
1772884827951 0.8821359819912508 378
1772884828060 0.8823084043856211 379
1772884828149 0.8823722772681881 380
1772884828242 0.8825076635502682 381
1772884828350 0.8827462101702263 382
1772884828450 0.8828971206218937 383
1772884828555 0.8830957922086116 384
1772884828641 0.8831666739451519 385
1772884828735 0.8833036569741513 386
1772884828823 0.8834274524521987 387
1772884828917 0.8836292568601571 388
1772884829042 0.8838485701552706 389
1772884829152 0.8840844010920141 390
1772884829266 0.8841832026881973 391
1772884829371 0.88429699175196 392
1772884829519 0.8844774768109664 393
1772884829646 0.8845815066038705 394
1772884829764 0.8846975177319508 395
1772884829887 0.884862059034175 396
1772884829997 0.8849980935667823 397
1772884830096 0.8850650490626235 398
1772884830209 0.8852609981752488 399
1772884830302 0.8854047654026207 400
1772884830400 0.8855462800623872 401
1772884830506 0.8857258317653196 402
1772884830607 0.8858774344412319 403
1772884830701 0.8859914435962348 404
1772884830795 0.8860785822492231 405
1772884830898 0.8862734998163591 406
1772884831001 0.8864886400613251 407
1772884831090 0.8866046241372195 408
1772884831191 0.8867796229461441 409
1772884831280 0.8869055562148274 410
1772884831392 0.8870999681398726 411
1772884831481 0.8872011251687628 412
1772884831590 0.8873695449528888 413
1772884831692 0.8875513691507569 414
1772884831794 0.8876311708724399 415
1772884831899 0.8878495877716674 416
1772884832027 0.8880564051834446 417
1772884832119 0.8882339274158104 418
1772884832211 0.8883594328591844 419
1772884832315 0.8886035677037192 420
1772884832412 0.8888062737398794 421
1772884832509 0.8889554121063862 422
1772884832611 0.889082579422312 423
1772884832720 0.8892512508028989 424
1772884832816 0.8894017112754093 425
1772884832918 0.8895044739572882 426
1772884833013 0.8896131159808875 427
1772884833123 0.8897667009251986 428
1772884833213 0.8898245484065067 429
1772884833331 0.8900752747443371 430
1772884833440 0.8902706087815438 431
1772884833553 0.8904155017360891 432
1772884833644 0.8904746352538199 433
1772884833753 0.8906902739046951 434
1772884833849 0.8907843378059302 435
1772884833948 0.8909629138489589 436
1772884834039 0.8910311127434155 437
1772884834132 0.8911167144314754 438
1772884834232 0.8912079307283428 439
1772884834337 0.8913445292377954 440
1772884834443 0.8915272106448441 441
1772884834527 0.8916077289711369 442
1772884834631 0.8917468562476725 443
1772884834729 0.8919454377717634 444
1772884834835 0.8921247393254713 445
1772884834948 0.8923720323735445 446
1772884835049 0.8924572380754934 447
1772884835157 0.8925840864428084 448
1772884835250 0.8927370721199741 449
1772884835348 0.892866854703182 450
1772884835442 0.89294996046529 451
1772884835543 0.8931002143169902 452
1772884835648 0.8932709693838412 453
1772884835743 0.8934118495974882 454
1772884835844 0.8935808218918952 455
1772884835947 0.8937812260430907 456
1772884836063 0.8939539978893595 457
1772884836202 0.8941388772030125 458
1772884836299 0.8942866113050252 459
1772884836394 0.894383324316606 460
1772884836507 0.8945928644251274 461
1772884836606 0.8946871878269599 462
1772884836707 0.8948649812491392 463
1772884836821 0.8951645026053526 464
1772884836912 0.8952810926279445 465
1772884837008 0.8953940134612657 466
1772884837106 0.8955550257334864 467
1772884837218 0.89569324303238 468
1772884837321 0.8957936058625307 469
1772884837427 0.8959311760241558 470
1772884837534 0.8960427963486914 471
1772884837636 0.8961822275448456 472
1772884837731 0.8963000459370607 473
1772884837833 0.8965247425058287 474
1772884837934 0.8966036225606537 475
1772884838023 0.8966844662924577 476
1772884838126 0.8968092480063663 477
1772884838227 0.8969007196847739 478
1772884838373 0.8970321179402985 479
1772884838467 0.8971290798765194 480
1772884838567 0.8972438890192069 481
1772884838664 0.8974947709906004 482
1772884838761 0.8976944495197907 483
1772884838868 0.8978362835734714 484
1772884838980 0.89807354649485 485
1772884839080 0.8981655113468512 486
1772884839180 0.898285309669622 487
1772884839275 0.8984367726315703 488
1772884839371 0.8985381114556024 489
1772884839457 0.898604392984641 490
1772884839549 0.8987001241020695 491
1772884839650 0.8987924366247552 492
1772884839740 0.8988519549960103 493
1772884839829 0.8989631506123611 494
1772884839933 0.8991784887947196 495
1772884840034 0.8993177151512773 496
1772884840130 0.8994141178976651 497
1772884840227 0.8995489370857757 498
1772884840335 0.8996378452634297 499
1772884840444 0.8998142501180622 500
1772884840546 0.8999428612191651 501
1772884840650 0.9001015729423316 502
1772884840747 0.9002061603665065 503
1772884840850 0.9003936618496453 504
1772884840959 0.9005684246477306 505
1772884841106 0.9006628275362325 506
1772884841210 0.9007341383226666 507
1772884841293 0.9007732223856174 508
1772884841400 0.900885163996607 509
1772884841495 0.9009881354144876 510
1772884841596 0.90109436812366 511
1772884841684 0.9011961357749341 512
1772884841791 0.9014323565748659 513
1772884841891 0.901574126393521 514
1772884841985 0.9016532796420251 515
1772884842069 0.9016677796136304 516
1772884842175 0.9018400904594813 517
1772884842275 0.9019287307870979 518
1772884842371 0.9020776835733832 519
1772884842470 0.9022005795384204 520
1772884842581 0.9023870397907194 521
1772884842665 0.9024382513597108 522
1772884842774 0.9026143416074414 523
1772884842871 0.9027941123996813 524
1772884842972 0.902933349666174 525
1772884843077 0.9031021694441425 526
1772884843179 0.9032300158478607 527
1772884843292 0.9034112980000794 528
1772884843383 0.9035153974829765 529
1772884843479 0.903594348563705 530
1772884843570 0.9037059470683707 531
1772884843659 0.9037622811858345 532
1772884843756 0.9039071921751701 533
1772884843847 0.9039809828566313 534
1772884843956 0.904192122161241 535
1772884844077 0.9044105629955301 536
1772884844177 0.9044881911909738 537
1772884844283 0.9046310702605739 538
1772884844388 0.9047939171830929 539
1772884844524 0.9049673333834835 540
1772884844625 0.9050951713264357 541
1772884844732 0.9052010578121599 542
1772884844825 0.9053211848802176 543
1772884844933 0.905535470365172 544
1772884845026 0.9056267395418265 545
1772884845132 0.9057702192144823 546
1772884845236 0.9059335443929286 547
1772884845328 0.9060302797810088 548
1772884845422 0.9062020443508274 549
1772884845521 0.9062901396269961 550
1772884845631 0.9064004109046679 551
1772884845722 0.9064649190126356 552
1772884845824 0.9065890908834414 553
1772884845940 0.9068158462014793 554
1772884846043 0.9069335171982457 555
1772884846140 0.9071067425860991 556
1772884846234 0.9072250690695741 557
1772884846326 0.9073063997407229 558
1772884846421 0.9074249679126565 559
1772884846519 0.9075445383513762 560
1772884846619 0.9075847982381408 561
1772884846721 0.9077161574182858 562
1772884846834 0.9078405371344865 563
1772884846932 0.9080052428650172 564
1772884847033 0.9082433151254533 565
1772884847130 0.9083596730336112 566
1772884847225 0.9084202966480801 567
1772884847321 0.9085383510511346 568
1772884847410 0.908639117771533 569
1772884847515 0.9087338860315324 570
1772884847625 0.9088627688790781 571
1772884847728 0.9089360599300454 572
1772884847822 0.9090065844218765 573
1772884847918 0.9090685860279347 574
1772884848016 0.9092150686045437 575
1772884848107 0.9093175386107165 576
1772884848212 0.9094661635423218 577
1772884848306 0.9095693061793868 578
1772884848408 0.9096752570114623 579
1772884848511 0.9098019676686792 580
1772884848637 0.9099676906949881 581
1772884848756 0.910131926185054 582
1772884848855 0.9102947566313446 583
1772884848969 0.9104761309613817 584
1772884849075 0.9106182423277986 585
1772884849167 0.9107150707843041 586
1772884849263 0.9107803454821961 587
1772884849367 0.9108333380424175 588
1772884849499 0.910981462452922 589
1772884849605 0.9110628891982947 590
1772884849706 0.9111703846767834 591
1772884849805 0.9112358204632058 592
1772884849906 0.9113378528473931 593
1772884850004 0.9114936960369286 594
1772884850100 0.9116094926400621 595
1772884850209 0.9117037008196216 596
1772884850322 0.9118303893229908 597
1772884850417 0.9119463928809121 598
1772884850513 0.9120030475055487 599
1772884850629 0.9121397464309339 600
1772884850733 0.9122758524347482 601
1772884850837 0.912381676132683 602
1772884850946 0.9125821599931997 603
1772884851053 0.9127333585562125 604
1772884851143 0.9128317768574334 605
1772884851252 0.9129934162282665 606
1772884851356 0.9130891349885236 607
1772884851475 0.9132385879619322 608
1772884851577 0.9133653335754716 609
1772884851673 0.9134052663868371 610
1772884851765 0.9135120268919479 611
1772884851880 0.9136994019089011 612
1772884852019 0.9138144118834539 613
1772884852142 0.91390486904923 614
1772884852263 0.9140603062333263 615
1772884852366 0.9141440848489782 616
1772884852471 0.9143110253349754 617
1772884852582 0.9145044867597629 618
1772884852675 0.9145789845831351 619
1772884852772 0.9146777409810161 620
1772884852888 0.914880517152473 621
1772884852984 0.9149927287286915 622
1772884853086 0.9151386602422557 623
1772884853196 0.9153330209574019 624
1772884853289 0.9153963178399298 625
1772884853388 0.9154732746290659 626
1772884853485 0.9155756586916689 627
1772884853594 0.9157064818377614 628
1772884853679 0.9157578734206806 629
1772884853773 0.9158319716955139 630
1772884853872 0.9159164141473144 631
1772884853977 0.9160480468551162 632
1772884854086 0.9161963043000324 633
1772884854184 0.9162481259347782 634
1772884854302 0.916404449161455 635
1772884854403 0.9165214312737526 636
1772884854510 0.9166805213935432 637
1772884854620 0.916766647983069 638
1772884854707 0.9168813108435665 639
1772884854805 0.9170058036668488 640
1772884854900 0.9170984198865013 641
1772884854988 0.917177759383182 642
1772884855108 0.9173695455763137 643
1772884855223 0.9175177211967173 644
1772884855321 0.9176188161057733 645
1772884855435 0.9178292604029915 646
1772884855542 0.9179677129334434 647
1772884855655 0.9181151721718889 648
1772884855749 0.9182325922401497 649
1772884855848 0.9182994944109004 650
1772884855955 0.9184724421520399 651
1772884856054 0.9185808054156668 652
1772884856137 0.9186283858688341 653
1772884856231 0.9186680985889594 654
1772884856321 0.9187640347686359 655
1772884856414 0.9188738304622014 656
1772884856519 0.9189699828367128 657
1772884856619 0.9190511447378464 658
1772884856730 0.9192579530209024 659
1772884856842 0.919414423643028 660
1772884856936 0.919478447038168 661
1772884857050 0.9195939948279872 662
1772884857134 0.9196319571714959 663
1772884857236 0.9197541159366377 664
1772884857341 0.9198808078911088 665
1772884857428 0.91991955519331 666
1772884857522 0.9199817815662951 667
1772884857627 0.9200711929368707 668
1772884857730 0.9201417995871921 669
1772884857824 0.920271231493917 670
1772884857912 0.920323214439845 671
1772884858030 0.9204858865807518 672
1772884858141 0.920656271600419 673
1772884858250 0.9208180594799594 674
1772884858359 0.9209186673383446 675
1772884858463 0.921042335014296 676
1772884858569 0.9211349271875612 677
1772884858656 0.9211777582565642 678
1772884858771 0.9213088458015922 679
1772884858877 0.9214744802125105 680
1772884858972 0.9215707971266545 681
1772884859082 0.9216835003179044 682
1772884859172 0.9217503850104938 683
1772884859288 0.9219439138987572 684
1772884859387 0.9220672419194865 685
1772884859473 0.9221176822228669 686
1772884859577 0.9222263960516509 687
1772884859671 0.9223165892637948 688
1772884859770 0.9223996060765346 689
1772884859876 0.922478051069869 690
1772884859984 0.9226366848649281 691
1772884860094 0.9226864735780054 692
1772884860199 0.9228206114518062 693
1772884860305 0.9229652844264369 694
1772884860396 0.9230191923079418 695
1772884860490 0.9231358995566723 696
1772884860596 0.9232466230400185 697
1772884860702 0.9233667489948176 698
1772884860800 0.9234745475023179 699
1772884860897 0.9235928359123462 700
1772884861000 0.9236691912078197 701
1772884861106 0.9237763021667617 702
1772884861209 0.9238463369361012 703
1772884861308 0.9239613619396461 704
1772884861414 0.9240947178605526 705
1772884861514 0.9242494965521422 706
1772884861608 0.9243177443186547 707
1772884861708 0.9244221911382587 708
1772884861809 0.9245026173980592 709
1772884861909 0.9245699372634651 710
1772884862003 0.9246160241687924 711
1772884862100 0.9247243695089545 712
1772884862201 0.9248101482051441 713
1772884862312 0.9249676413553636 714
1772884862413 0.9250476173020294 715
1772884862518 0.9251805804652751 716
1772884862638 0.9253569237567028 717
1772884862738 0.9254498781843412 718
1772884862839 0.9255869111986551 719
1772884862943 0.9257226427022507 720
1772884863039 0.9257810056223259 721
1772884863140 0.9258879237648652 722
1772884863251 0.9260092033896304 723
1772884863338 0.9260707142712642 724
1772884863465 0.9262038565578308 725
1772884863556 0.9262563704168214 726
1772884863657 0.926368767907239 727
1772884863746 0.926415830583796 728
1772884863841 0.9265067672300837 729
1772884863934 0.9266148733309564 730
1772884864039 0.9267030055673131 731
1772884864146 0.9268592884940259 732
1772884864243 0.9269743329795976 733
1772884864350 0.9270823234128938 734
1772884864447 0.9271997627405297 735
1772884864554 0.9272782202023613 736
1772884864643 0.9273015493172013 737
1772884864750 0.927474362465367 738
1772884864845 0.9275874821266876 739
1772884864941 0.9276735362430736 740
1772884865040 0.9277714782922328 741
1772884865140 0.9279579068166597 742
1772884865252 0.9280841291986212 743
1772884865360 0.9281868534730756 744
1772884865458 0.9282949528943962 745
1772884865546 0.928339785602499 746
1772884865631 0.9284119830994686 747
1772884865729 0.9285683684459796 748
1772884865826 0.9287025790155718 749
1772884865925 0.9288097132416201 750
1772884866029 0.9289173148136607 751
1772884866118 0.9289809539119057 752
1772884866213 0.9290558375907351 753
1772884866312 0.929152443729483 754
1772884866408 0.9292831556610337 755
1772884866504 0.9293668060292861 756
1772884866603 0.9295028619364599 757
1772884866706 0.9296224775734819 758
1772884866803 0.9297067436851081 759
1772884866901 0.9298070769025779 760
1772884866997 0.9298893033016576 761
1772884867093 0.9300014445199278 762
1772884867190 0.9300706214121315 763
1772884867292 0.9301909495347062 764
1772884867397 0.9303458906507365 765
1772884867498 0.9304497684838312 766
1772884867602 0.930528955798051 767
1772884867726 0.9306223399435383 768
1772884867836 0.9307463158808171 769
1772884867936 0.9308844264182037 770
1772884868042 0.9310117222041807 771
1772884868138 0.9311094469452464 772
1772884868254 0.9312462989436996 773
1772884868351 0.9313149249955104 774
1772884868462 0.931440587185706 775
1772884868558 0.9315391084633545 776
1772884868658 0.9316087234228472 777
1772884868763 0.9316964395231108 778
1772884868860 0.931751003893257 779
1772884868959 0.9318555876436784 780
1772884869068 0.9319563536961214 781
1772884869157 0.932013641542293 782
1772884869250 0.9320983072024581 783
1772884869349 0.9321869446356021 784
1772884869442 0.9322616183538451 785
1772884869562 0.9323820384315865 786
1772884869668 0.9325003189374781 787
1772884869764 0.9325920348648393 788
1772884869869 0.9327468318138711 789
1772884869971 0.9328488448273573 790
1772884870076 0.9329778035991448 791
1772884870182 0.9330250777948502 792
1772884870277 0.9331158402161553 793
1772884870377 0.9332013700990306 794
1772884870475 0.9332715206472725 795
1772884870568 0.93332883042464 796
1772884870664 0.9334155626268856 797
1772884870760 0.9335390024187861 798
1772884870860 0.9336193141242686 799
1772884870945 0.9336922940194359 800
1772884871059 0.9337775577221618 801
1772884871164 0.9338468058629207 802
1772884871255 0.9339340183249591 803
1772884871366 0.9340370318240178 804
1772884871469 0.9340877130365757 805
1772884871573 0.9341930165087311 806
1772884871673 0.9342607888024631 807
1772884871765 0.9343168768897594 808
1772884871853 0.9343480355528688 809
1772884871944 0.9344161161079282 810
1772884872043 0.9344804315108189 811
1772884872152 0.9346288243279902 812
1772884872240 0.9346623264006129 813
1772884872343 0.9347170105573928 814
1772884872440 0.9347489095375218 815
1772884872538 0.934873338459756 816
1772884872627 0.9349056559138214 817
1772884872722 0.9349754445416676 818
1772884872811 0.9350273879669125 819
1772884872920 0.9351224849721991 820
1772884873033 0.9351986972139326 821
1772884873127 0.9352538378067696 822
1772884873215 0.9352814818009125 823
1772884873312 0.935342583448657 824
1772884873412 0.9354106975128025 825
1772884873527 0.935502862194736 826
1772884873652 0.9356008354151382 827
1772884873770 0.9356500834184764 828
1772884873898 0.9357637280925889 829
1772884874003 0.9357975965386419 830
1772884874099 0.935854166666945 831
1772884874206 0.9358837221262348 832
1772884874313 0.9360033148301281 833
1772884874420 0.9361144390865976 834
1772884874533 0.936222799344426 835
1772884874636 0.9362786442960275 836
1772884874731 0.9363371834449511 837
1772884874828 0.936432131273575 838
1772884874942 0.9365778175362528 839
1772884875047 0.9366491145182794 840
1772884875156 0.9366995817625198 841
1772884875263 0.9367788382101032 842
1772884875364 0.9368738067453385 843
1772884875469 0.9369042677292355 844
1772884875604 0.9370186619604146 845
1772884875719 0.9371463954797031 846
1772884875825 0.9372422872403585 847
1772884875919 0.9373171881746973 848
1772884876015 0.937397189503661 849
1772884876127 0.9374901206641931 850
1772884876231 0.9375700860349016 851
1772884876353 0.9377257671339739 852
1772884876461 0.9378197694720042 853
1772884876565 0.9378856786160157 854
1772884876680 0.9379809038687017 855
1772884876799 0.9380817374959465 856
1772884876909 0.9382075131272012 857
1772884877024 0.9382693505276046 858
1772884877131 0.9383392907812825 859
1772884877222 0.9383893411101487 860
1772884877349 0.9384678662581079 861
1772884877462 0.938559492234168 862
1772884877568 0.9386089199174565 863
1772884877683 0.9387038085207189 864
1772884877800 0.9387963300020582 865
1772884877914 0.9388939775942976 866
1772884878014 0.9389736038664133 867
1772884878116 0.9390508379682856 868
1772884878209 0.9391356231924325 869
1772884878331 0.9392013745876896 870
1772884878461 0.9392734059864648 871
1772884878594 0.9393573267652496 872
1772884878717 0.9394240797593377 873
1772884878849 0.9395969379944797 874
1772884878973 0.9396911534102206 875
1772884879092 0.9397762853031192 876
1772884879201 0.939859735173484 877
1772884879331 0.9399900761672438 878
1772884879452 0.9400446544531236 879
1772884879545 0.9400901064670278 880
1772884879644 0.9401302029274188 881
1772884879751 0.9402440464295307 882
1772884879854 0.940332240451744 883
1772884879958 0.940418000222536 884
1772884880060 0.940499709958264 885
1772884880164 0.9405873661652109 886
1772884880259 0.940679365528231 887
1772884881014 0.9223165892637948 888
1772884908042 0.7306932460604436 0
1772884908157 0.7421827060367837 1
1772884908261 0.7467716682898646 2
1772884908376 0.7489276591464841 3
1772884908488 0.7515140479418259 4
1772884908603 0.7536180567431242 5
1772884908713 0.7550680049202649 6
1772884908826 0.7567411010120292 7
1772884908946 0.7578182565979936 8
1772884909068 0.7587749762979435 9
1772884909181 0.7595379135093037 10
1772884909314 0.761373271172175 11
1772884909445 0.76258562768265 12
1772884909579 0.7636442187895827 13
1772884909708 0.7646301335869888 14
1772884909863 0.765839926040081 15
1772884909978 0.766901768641629 16
1772884910106 0.7677914721731398 17
1772884910219 0.7686507514582899 18
1772884910347 0.7701842344474323 19
1772884910475 0.7710425234889899 20
1772884910617 0.7717245201150413 21
1772884910734 0.7724440122952385 22
1772884910851 0.7731291836010566 23
1772884910983 0.7737437873319329 24
1772884911128 0.7746488548351075 25
1772884911250 0.7756296133523034 26
1772884911378 0.7764720503695937 27
1772884911497 0.777144435231561 28
1772884911615 0.7778828146244803 29
1772884911732 0.7784924995332217 30
1772884911848 0.7791199606225266 31
1772884911969 0.780076367051485 32
1772884912083 0.780755657011717 33
1772884912237 0.7813635726184446 34
1772884912385 0.7821384517556238 35
1772884912516 0.7829376499172579 36
1772884912643 0.7836869121930178 37
1772884912765 0.7843241937824085 38
1772884912881 0.7850816549856664 39
1772884912993 0.7854066502608853 40
1772884913118 0.7861213139042263 41
1772884913236 0.7869156161768545 42
1772884913353 0.7876375667661862 43
1772884913465 0.7884446849840201 44
1772884913589 0.7890142547296249 45
1772884913716 0.7896937871575966 46
1772884913849 0.7905373417752718 47
1772884913973 0.7912060178159596 48
1772884914103 0.791890091448723 49
1772884914215 0.7925328556144421 50
1772884914325 0.7931706712340196 51
1772884914435 0.793875541206809 52
1772884914549 0.7945276518470696 53
1772884914663 0.7951867100007505 54
1772884914772 0.7958779505702194 55
1772884914873 0.796520285352067 56
1772884914984 0.7971082362229998 57
1772884915101 0.7977008709071607 58
1772884915228 0.7982813279886408 59
1772884915345 0.7988259330197587 60
1772884915449 0.7993557179060761 61
1772884915560 0.799991292201961 62
1772884915667 0.8005759490517969 63
1772884915778 0.8011778530616731 64
1772884915886 0.8015674977173856 65
1772884916001 0.8021006085753238 66
1772884916113 0.8025964889460071 67
1772884916244 0.8031518316910341 68
1772884916365 0.8036828431657609 69
1772884916505 0.8041938497160547 70
1772884916647 0.8046889935547978 71
1772884916758 0.8050961055731167 72
1772884916872 0.8056238342706593 73
1772884916979 0.8060639922595213 74
1772884917085 0.8065025730948169 75
1772884917189 0.806855923402495 76
1772884917296 0.8071972202358347 77
1772884917403 0.8076511075986464 78
1772884917515 0.8081454115950442 79
1772884917622 0.8085453700357619 80
1772884917731 0.8090360302251868 81
1772884917841 0.809577506776773 82
1772884917952 0.8100404138727046 83
1772884918064 0.8104805359033115 84
1772884918171 0.8109090080158499 85
1772884918277 0.8112839137946452 86
1772884918379 0.8116528086445445 87
1772884918488 0.8121412357483908 88
1772884918598 0.8125276395967711 89
1772884918696 0.8128392941366442 90
1772884918804 0.8132515929384613 91
1772884918911 0.813715222427948 92
1772884919019 0.814095194201675 93
1772884919122 0.8144883848089227 94
1772884919221 0.8147948445498353 95
1772884919345 0.8152104414918063 96
1772884919467 0.8155821723681831 97
1772884919565 0.8159190539062873 98
1772884919676 0.8163487333478601 99
1772884919778 0.816679047439056 100
1772884919886 0.817028060379606 101
1772884919994 0.8173789917988327 102
1772884920111 0.8177791829106137 103
1772884920211 0.8181832743241666 104
1772884920308 0.8183930147079239 105
1772884920413 0.8187258683648119 106
1772884920510 0.819082095555561 107
1772884920619 0.8194386123048918 108
1772884920723 0.8197942101705112 109
1772884920826 0.820067268032082 110
1772884920927 0.8203492085846298 111
1772884921038 0.8207549458398096 112
1772884921144 0.8209800200259205 113
1772884921255 0.8213453950858634 114
1772884921361 0.8216309772188667 115
1772884921469 0.8219675177658384 116
1772884921568 0.8223152993309667 117
1772884921670 0.8226395312447113 118
1772884921787 0.8230659718828175 119
1772884921891 0.8234490711341435 120
1772884921993 0.823792604170186 121
1772884922106 0.8242301338666395 122
1772884922210 0.8245903966200897 123
1772884922328 0.8249750223717124 124
1772884922443 0.8253190809771759 125
1772884922561 0.8257235024719263 126
1772884922670 0.8260748420117836 127
1772884922793 0.8264794518699021 128
1772884922896 0.8267845919539799 129
1772884923012 0.8271409885826996 130
1772884923136 0.8274753402404622 131
1772884923239 0.8278905539987969 132
1772884923351 0.8282270315353275 133
1772884923464 0.8283976218398944 134
1772884923602 0.8287982672725412 135
1772884923720 0.8291292789316237 136
1772884923843 0.8294671501566909 137
1772884923969 0.8298646392783391 138
1772884924081 0.8301091595330276 139
1772884924202 0.8305070247134565 140
1772884924307 0.8307820283285413 141
1772884924411 0.8310808732687831 142
1772884924511 0.8312654397567482 143
1772884924640 0.8316386156428865 144
1772884924750 0.8319560759380817 145
1772884924881 0.8322941241712786 146
1772884924994 0.832580913744642 147
1772884925110 0.8328370403889847 148
1772884925227 0.833126183057212 149
1772884925346 0.8334580155219163 150
1772884925459 0.8337929223617808 151
1772884925577 0.8341359687924559 152
1772884925701 0.8343984103966391 153
1772884925818 0.8347026498544479 154
1772884925932 0.8348910317025479 155
1772884926046 0.8351971599150266 156
1772884926157 0.8354597801972273 157
1772884926270 0.8357556158879416 158
1772884926401 0.8360328775255993 159
1772884926519 0.83623184267863 160
1772884926638 0.8364669565654602 161
1772884926751 0.8367597207754869 162
1772884926876 0.8370861949035312 163
1772884927005 0.8374045112946483 164
1772884927123 0.8376783600151826 165
1772884927250 0.8381211655558282 166
1772884927365 0.8383679362629305 167
1772884927473 0.8385560330054835 168
1772884927592 0.8387981830211246 169
1772884927708 0.8389785312606398 170
1772884927808 0.839131175946673 171
1772884927908 0.8394295890538743 172
1772884928009 0.8396994153481598 173
1772884928110 0.8399482984636002 174
1772884928225 0.8402663491198713 175
1772884928328 0.8403502507506069 176
1772884928443 0.8405986683012688 177
1772884928547 0.8409309166794146 178
1772884928666 0.8411738742528994 179
1772884928778 0.8413204114905092 180
1772884928900 0.8416752848473823 181
1772884929005 0.8418884616380211 182
1772884929131 0.8421844614230642 183
1772884929248 0.8423986309064646 184
1772884929368 0.842602178566184 185
1772884929509 0.8429769049990066 186
1772884929633 0.8432706944089482 187
1772884929741 0.8435506189613593 188
1772884929842 0.8437581160175582 189
1772884929947 0.8440999899641957 190
1772884930054 0.8444172040065716 191
1772884930158 0.844668531726739 192
1772884930262 0.8449502915974036 193
1772884930367 0.8452846129745303 194
1772884930471 0.8455121374429874 195
1772884930575 0.8457172426629206 196
1772884930666 0.8458648243598205 197
1772884930768 0.8460813928043421 198
1772884930860 0.846320618178115 199
1772884930958 0.8464898636662012 200
1772884931063 0.8467181866751068 201
1772884931161 0.8469092431271762 202
1772884931253 0.8470698992679465 203
1772884931356 0.8473515109638813 204
1772884931465 0.847636918760576 205
1772884931568 0.8478326310830808 206
1772884931677 0.8480372568225023 207
1772884931792 0.8482620346591536 208
1772884931913 0.8486050617191278 209
1772884932012 0.8487796418314643 210
1772884932136 0.8491485719716635 211
1772884932233 0.8494342827973699 212
1772884932324 0.8495659408874694 213
1772884932427 0.8498416106765462 214
1772884932537 0.8501408524935059 215
1772884932640 0.850416920606537 216
1772884932751 0.8507380795923578 217
1772884932875 0.8510822407289454 218
1772884932967 0.8512439574712565 219
1772884933067 0.8515457429729654 220
1772884933161 0.8517051465863991 221
1772884933260 0.8519602892213979 222
1772884933372 0.8522740907919538 223
1772884933476 0.8525058607836984 224
1772884933588 0.8528368835753676 225
1772884933691 0.8531094361288252 226
1772884933781 0.8532847398593011 227
1772884933880 0.8534515596680577 228
1772884933982 0.8537190130514751 229
1772884934089 0.8540330638806487 230
1772884934191 0.8542313763301176 231
1772884934297 0.8544947542961732 232
1772884934402 0.8547681968999424 233
1772884934497 0.8549352215482955 234
1772884934603 0.8552131833143347 235
1772884934704 0.855457456425597 236
1772884934807 0.8556493480443254 237
1772884934912 0.8558904233200404 238
1772884935013 0.8561645052682674 239
1772884935114 0.8563518738283203 240
1772884935198 0.8564692786449373 241
1772884935299 0.8567485394725256 242
1772884935399 0.8569061085469869 243
1772884935515 0.8571745478322879 244
1772884935640 0.8574638372280087 245
1772884935733 0.8576556361122892 246
1772884935829 0.8578807981345098 247
1772884935925 0.8581085449207245 248
1772884936010 0.8581715443405342 249
1772884936128 0.8583771287070017 250
1772884936215 0.8584562033594433 251
1772884936315 0.8586041251568687 252
1772884936420 0.8588594449113228 253
1772884936524 0.85908292624692 254
1772884936635 0.8593329210624743 255
1772884936749 0.8595320927249894 256
1772884936843 0.8597384886570318 257
1772884936943 0.8600024487460493 258
1772884937046 0.8602616504335071 259
1772884937143 0.8604557805927815 260
1772884937242 0.8606625730675643 261
1772884937349 0.860938157915004 262
1772884937460 0.8612122023464135 263
1772884937569 0.8614328759323034 264
1772884937675 0.8616564914155711 265
1772884937781 0.8619253903653794 266
1772884937886 0.8621626628607826 267
1772884938008 0.862380326306538 268
1772884938128 0.862564577519646 269
1772884938234 0.8628270313696746 270
1772884938330 0.863036362964846 271
1772884938427 0.8632447892580619 272
1772884938536 0.8634584252679047 273
1772884938650 0.863732257178233 274
1772884938748 0.8638620465523187 275
1772884938843 0.8640283833181358 276
1772884938946 0.864267664800146 277
1772884939054 0.8645629642341559 278
1772884939145 0.8647058021131849 279
1772884939259 0.8650274072930831 280
1772884939348 0.8652027182597405 281
1772884939452 0.8653913627255622 282
1772884939549 0.8655852509737262 283
1772884939646 0.8657544618394675 284
1772884939760 0.8660072366845879 285
1772884939851 0.8661687920043909 286
1772884939949 0.8663860859595918 287
1772884940049 0.8665883735218157 288
1772884940148 0.8666838140787296 289
1772884940250 0.8667592745368792 290
1772884940366 0.8669174238417624 291
1772884940464 0.8671028001140886 292
1772884940568 0.8673736127555611 293
1772884940670 0.867591949500164 294
1772884940776 0.86778772483311 295
1772884940865 0.8679286272006046 296
1772884940968 0.8681091289584912 297
1772884941067 0.8682991658882651 298
1772884941180 0.8685167243537274 299
1772884941270 0.8686387803650933 300
1772884941374 0.8688724872042827 301
1772884941464 0.8689480391722954 302
1772884941559 0.8691054022939015 303
1772884941665 0.869353351830616 304
1772884941767 0.869479778940848 305
1772884941862 0.8697056752684914 306
1772884941975 0.8699997896386406 307
1772884942073 0.8701288542813281 308
1772884942161 0.8702772734827301 309
1772884942267 0.8705118926374045 310
1772884942363 0.8706907412061571 311
1772884942474 0.8709151170451005 312
1772884942577 0.8710978109206463 313
1772884942669 0.8712365510058143 314
1772884942762 0.8714190764453225 315
1772884942869 0.8715434854402264 316
1772884942958 0.8716862406041357 317
1772884943062 0.8719075405093569 318
1772884943159 0.87213703789484 319
1772884943259 0.8722777713809934 320
1772884943353 0.8724172895226502 321
1772884943465 0.8726377437965809 322
1772884943558 0.8727832907905984 323
1772884943642 0.8728415940400085 324
1772884943737 0.8729165476314827 325
1772884943830 0.8730673509876655 326
1772884943941 0.8733152244888124 327
1772884944034 0.8735139161141865 328
1772884944131 0.8737273575264126 329
1772884944228 0.8739000245037141 330
1772884944334 0.8741539925394837 331
1772884944451 0.8742844603334067 332
1772884944553 0.8744157522727276 333
1772884944651 0.8746098321127098 334
1772884944751 0.8747877862894419 335
1772884944854 0.8749400727288331 336
1772884944954 0.8751340792050685 337
1772884945049 0.8752703228076552 338
1772884945147 0.8754261934946801 339
1772884945243 0.8755233039396083 340
1772884945337 0.875662934743043 341
1772884945437 0.8758701995734821 342
1772884945538 0.8760165394303288 343
1772884945634 0.8761878468961348 344
1772884945722 0.8763140234118388 345
1772884945822 0.8765429357798876 346
1772884945927 0.876802411217654 347
1772884946032 0.8770182584932051 348
1772884946138 0.8772476300804578 349
1772884946236 0.8773867158324448 350
1772884946328 0.8775330881964447 351
1772884946420 0.8776866770371611 352
1772884946512 0.877841149248637 353
1772884946609 0.8779855040539382 354
1772884946710 0.878183787113378 355
1772884946811 0.8783363261511627 356
1772884946909 0.8785390878502568 357
1772884947005 0.878665440928787 358
1772884947114 0.8789683904537676 359
1772884947218 0.8791175108968097 360
1772884947325 0.8793373488707373 361
1772884947435 0.8795160313412954 362
1772884947535 0.8796842314794847 363
1772884947620 0.8797599896230042 364
1772884947708 0.8798844206604298 365
1772884947796 0.8800027559386483 366
1772884947900 0.8801583888336201 367
1772884948002 0.8803727862010714 368
1772884948111 0.8806057247804484 369
1772884948213 0.8808005791144915 370
1772884948312 0.8809148119231626 371
1772884948408 0.881036372979721 372
1772884948511 0.8811819433521707 373
1772884948623 0.8813219686944802 374
1772884948731 0.8814900214372208 375
1772884948830 0.8816551783714929 376
1772884948936 0.8819028376816705 377
1772884949033 0.8821148851827083 378
1772884949128 0.8822722172443974 379
1772884949218 0.8824054762004733 380
1772884949311 0.8825808353712312 381
1772884949406 0.882704023455345 382
1772884949506 0.8828925603803786 383
1772884949604 0.8829459787620436 384
1772884949702 0.8831114177960643 385
1772884949797 0.8832875952119492 386
1772884949901 0.8835179272074618 387
1772884949985 0.883616358756461 388
1772884950098 0.8838524597697593 389
1772884950190 0.8840456796174141 390
1772884950288 0.8841731063226115 391
1772884950379 0.8842971903573078 392
1772884950469 0.8843951513318646 393
1772884950589 0.8846020229593393 394
1772884950691 0.8848539951449542 395
1772884950791 0.8851373563268986 396
1772884950881 0.8851955445766876 397
1772884950991 0.8853687587206284 398
1772884951097 0.8855882366667001 399
1772884951203 0.885776154397258 400
1772884951298 0.8859130632832295 401
1772884951403 0.8861034691469286 402
1772884951499 0.8862885869205901 403
1772884951604 0.8864578377523179 404
1772884951692 0.8865904716136471 405
1772884951791 0.8867099301698699 406
1772884951887 0.8868470357686494 407
1772884951981 0.886988807813822 408
1772884952074 0.8871206257678674 409
1772884952173 0.8873278967212292 410
1772884952266 0.8875029867060393 411
1772884952369 0.8877183462629645 412
1772884952462 0.8878895729061907 413
1772884952572 0.888102447447099 414
1772884952678 0.8882561726620033 415
1772884952806 0.8884086009305497 416
1772884952903 0.8885313542871505 417
1772884953011 0.8887306946083551 418
1772884953108 0.8889077274522068 419
1772884953211 0.8891614719456342 420
1772884953320 0.8893237308449206 421
1772884953420 0.8894849116645048 422
1772884953535 0.8897080159393883 423
1772884953639 0.8899008957978435 424
1772884953745 0.8900110581988169 425
1772884953842 0.8900545889508978 426
1772884953937 0.8901612974668284 427
1772884954047 0.8903049512531412 428
1772884954170 0.8903984999382609 429
1772884954269 0.8905191765108013 430
1772884954372 0.8906519962863294 431
1772884954476 0.890751675464327 432
1772884954572 0.8908906944207933 433
1772884954672 0.8910615906488444 434
1772884954762 0.8911730709254386 435
1772884954878 0.891305684414134 436
1772884954974 0.8913964624210605 437
1772884955077 0.891547369532952 438
1772884955186 0.8917200013312793 439
1772884955296 0.8919146639621783 440
1772884955396 0.8920020802618804 441
1772884955492 0.8921165675614848 442
1772884955584 0.8922132644308148 443
1772884955685 0.8924118964968497 444
1772884955784 0.8925529683023149 445
1772884955875 0.8926964320553716 446
1772884955988 0.8928583214641033 447
1772884956092 0.8930199812075701 448
1772884956193 0.8931435268703707 449
1772884956302 0.8933464299533166 450
1772884956423 0.8935652937145767 451
1772884956528 0.8937379813984895 452
1772884956640 0.8939384962075975 453
1772884956736 0.8940652745509419 454
1772884956829 0.8941356250404419 455
1772884956953 0.894374179230559 456
1772884957042 0.8944189315613853 457
1772884957132 0.8945415814962551 458
1772884957227 0.8947380861249598 459
1772884957325 0.8948727673803203 460
1772884957438 0.8950390940154834 461
1772884957551 0.8951904906272147 462
1772884957661 0.8953431953178905 463
1772884957764 0.8954710173412438 464
1772884957889 0.8957415639138928 465
1772884957992 0.89587185837344 466
1772884958082 0.8959264089391786 467
1772884958169 0.8959975381531227 468
1772884958270 0.8961619258256496 469
1772884958366 0.8962041128745084 470
1772884958471 0.8964447686743543 471
1772884958579 0.8966296925183544 472
1772884958674 0.8967130730327038 473
1772884958768 0.8967660000219891 474
1772884958862 0.896853207140386 475
1772884958961 0.8970552461119474 476
1772884959057 0.8972377717741074 477
1772884959150 0.8973178891046251 478
1772884959252 0.8974825690075544 479
1772884959371 0.8975870924193554 480
1772884959477 0.897869572234406 481
1772884959583 0.898064136564564 482
1772884959674 0.8982110460758752 483
1772884959761 0.8982863600291828 484
1772884959855 0.8983677167505848 485
1772884959964 0.8984072000280968 486
1772884960078 0.8985491647783461 487
1772884960195 0.8987014025683332 488
1772884960303 0.8987796468411283 489
1772884960408 0.8989050799226884 490
1772884960503 0.8990468103319863 491
1772884960601 0.8991627064604454 492
1772884960710 0.8993362786283764 493
1772884960801 0.8994095705699506 494
1772884960886 0.8994524293590948 495
1772884960991 0.899571592345139 496
1772884961117 0.8996944224052624 497
1772884961229 0.899843473380963 498
1772884961355 0.8999973051347226 499
1772884961465 0.9001121073752065 500
1772884961587 0.9002540527547548 501
1772884961706 0.9004054213123674 502
1772884961823 0.9005238037927539 503
1772884961933 0.9006350334748201 504
1772884962048 0.9007584163792022 505
1772884962161 0.9008626727202468 506
1772884962282 0.9010208883753471 507
1772884962400 0.9012179947203662 508
1772884962505 0.9013598147469877 509
1772884962613 0.9015060865837292 510
1772884962743 0.9016068169005688 511
1772884962859 0.9017337987475992 512
1772884962960 0.9018362329068426 513
1772884963084 0.9019821560709668 514
1772884963210 0.9021317130227356 515
1772884963356 0.9023381844337163 516
1772884963482 0.9024256758783791 517
1772884963609 0.9025288169568818 518
1772884963738 0.9026506017784343 519
1772884963852 0.9027748152851146 520
1772884963964 0.9028654315355555 521
1772884964107 0.9030153329295588 522
1772884964238 0.9032702211849502 523
1772884964369 0.9034672435902651 524
1772884964482 0.9035487455919242 525
1772884964614 0.9037253348021935 526
1772884964727 0.9038304012615768 527
1772884964836 0.9039591470669796 528
1772884964956 0.9040828435763306 529
1772884965084 0.9042610407774319 530
1772884965194 0.9043843972975832 531
1772884965317 0.9045298060248731 532
1772884965441 0.90469542485017 533
1772884965568 0.9048385725490885 534
1772884965688 0.9049432335596619 535
1772884965800 0.9050469916061231 536
1772884965914 0.9051140346040963 537
1772884966038 0.9052643051546767 538
1772884966153 0.9054419050924981 539
1772884966263 0.9055547301855731 540
1772884966378 0.905675182547816 541
1772884966492 0.9058128830720321 542
1772884966603 0.9059236587672103 543
1772884966733 0.9060913807607981 544
1772884966839 0.906275342637976 545
1772884966949 0.9063885177395788 546
1772884967086 0.9065311552320462 547
1772884967197 0.9066114245223732 548
1772884967302 0.9068207322938089 549
1772884967405 0.9069133672162072 550
1772884967516 0.9070560315382086 551
1772884967641 0.9071536369379443 552
1772884967755 0.9073164987781296 553
1772884967853 0.9073951578511074 554
1772884967964 0.90758678184245 555
1772884968081 0.9077884209314949 556
1772884968197 0.9078812827360115 557
1772884968320 0.908068108471134 558
1772884968421 0.9081332620464819 559
1772884968540 0.9082745882315546 560
1772884968670 0.9083743944323671 561
1772884968768 0.9084730908256055 562
1772884968874 0.9085956991246006 563
1772884968975 0.9086583663480213 564
1772884969080 0.9087247435059803 565
1772884969180 0.9088347470449406 566
1772884969300 0.9089384723615966 567
1772884969423 0.9090382958179186 568
1772884969543 0.909105387465296 569
1772884969655 0.9092070174064718 570
1772884969767 0.9093494002966799 571
1772884969878 0.9094425670227478 572
1772884969984 0.9095337887745826 573
1772884970082 0.9096336983971262 574
1772884970198 0.9097915640436988 575
1772884970297 0.9098915441355165 576
1772884970399 0.9099746073711431 577
1772884970500 0.9100897107480989 578
1772884970612 0.9102172757200238 579
1772884970734 0.9103349057488709 580
1772884970837 0.9104238961963411 581
1772884970934 0.9105509693305829 582
1772884971044 0.9106700233286027 583
1772884971149 0.9107443785435385 584
1772884971256 0.9108721620481416 585
1772884971365 0.9109856211420326 586
1772884971470 0.9110953239898245 587
1772884971593 0.9112381195650239 588
1772884971702 0.9112790076636593 589
1772884971809 0.9113896637948556 590
1772884971915 0.9115114222321774 591
1772884972012 0.9116225274519236 592
1772884972108 0.9116853624434268 593
1772884972201 0.9117754704912819 594
1772884972291 0.9118285235014495 595
1772884972388 0.9119872934480447 596
1772884972488 0.9120434416513096 597
1772884972581 0.9121268037968907 598
1772884972665 0.9121605000218266 599
1772884972760 0.9122413128050393 600
1772884972862 0.9124075231046708 601
1772884972960 0.9124724702818602 602
1772884973061 0.9125909169972722 603
1772884973162 0.9127476326476324 604
1772884973265 0.9129260620744933 605
1772884973363 0.9130011366771856 606
1772884973466 0.9131415091335504 607
1772884973568 0.9132452877752971 608
1772884973691 0.9133663141337135 609
1772884973785 0.9134754394229042 610
1772884973875 0.9135134164614274 611
1772884973982 0.9136340125453655 612
1772884974083 0.9137642153837235 613
1772884974199 0.9138424322703552 614
1772884974299 0.9138844335163411 615
1772884974400 0.9139790731949634 616
1772884974514 0.9140776030447036 617
1772884974616 0.9141746843222546 618
1772884974723 0.9142791789006559 619
1772884974817 0.9143290846172201 620
1772884974923 0.9144224274608106 621
1772884975018 0.9144665577026887 622
1772884975120 0.9145153950249013 623
1772884975223 0.9146834369690326 624
1772884975315 0.9147476072029921 625
1772884975412 0.9148079769944827 626
1772884975518 0.9149351645717164 627
1772884975615 0.914975797845441 628
1772884975719 0.9151062099764302 629
1772884975813 0.9152003466847827 630
1772884975926 0.9153607830682903 631
1772884976048 0.9155163446033808 632
1772884976191 0.9156601255238344 633
1772884976306 0.915753326983573 634
1772884976413 0.9158261025957732 635
1772884976502 0.9158693967803856 636
1772884976602 0.9159150325932973 637
1772884976707 0.9159880378707624 638
1772884976826 0.9161397874968199 639
1772884976947 0.9162596156549232 640
1772884977064 0.9164022845412851 641
1772884977168 0.9164883207342064 642
1772884977258 0.9165511709773534 643
1772884977366 0.9166756269517735 644
1772884977472 0.9167920271637611 645
1772884977589 0.9169373869076691 646
1772884977707 0.9171502588880824 647
1772884977814 0.9172389451932823 648
1772884977904 0.9173078432141877 649
1772884978017 0.917448830745971 650
1772884978117 0.91757085057643 651
1772884978218 0.9176498376154139 652
1772884978323 0.9177776635351724 653
1772884978422 0.9179234443135119 654
1772884978523 0.9180469543520348 655
1772884978622 0.9181450236466607 656
1772884978729 0.9182572404551951 657
1772884978846 0.9183339948539039 658
1772884978953 0.9184737628108075 659
1772884979052 0.9185504608786274 660
1772884979158 0.9186716452084498 661
1772884979307 0.9187739779498278 662
1772884979420 0.9189262659477813 663
1772884979525 0.9190129629710526 664
1772884979644 0.9191663099006587 665
1772884979749 0.9192593281180192 666
1772884979860 0.919379752871447 667
1772884979973 0.9194882590774879 668
1772884980093 0.9196230654631236 669
1772884980208 0.9196975214279696 670
1772884980326 0.9198062955953737 671
1772884980433 0.9199331988463416 672
1772884980539 0.9200387277533789 673
1772884980667 0.9201672491258326 674
1772884980780 0.9203063997808003 675
1772884980876 0.9204285371713754 676
1772884980969 0.9205505689137022 677
1772884981063 0.9206031497908652 678
1772884981153 0.9206709791947673 679
1772884981257 0.920790538723552 680
1772884981365 0.9209807927387677 681
1772884981472 0.9210838360731587 682
1772884981582 0.9212217513449734 683
1772884981693 0.9213808922293596 684
1772884981786 0.9214720311547488 685
1772884981876 0.9215536673040785 686
1772884981995 0.9216678297548012 687
1772884982081 0.9217304931931424 688
1772884982190 0.9218401375948537 689
1772884982282 0.9219726252853188 690
1772884982375 0.9220504747965873 691
1772884982464 0.9221025434634333 692
1772884982568 0.922187528183535 693
1772884982683 0.922293132124207 694
1772884982802 0.9224032916307079 695
1772884982929 0.9225976737204206 696
1772884983041 0.9227084299335718 697
1772884983165 0.922918195588301 698
1772884983274 0.9230605406277141 699
1772884983377 0.9231228649674625 700
1772884983483 0.9232703925599908 701
1772884983590 0.9233531548817971 702
1772884983703 0.9235074058887741 703
1772884983813 0.9236321346115698 704
1772884983931 0.9237533888540372 705
1772884984036 0.9238026694758547 706
1772884984155 0.9238963552031174 707
1772884984280 0.924096461668943 708
1772884984393 0.924172069745193 709
1772884984505 0.9243081331112 710
1772884984617 0.9244000977405493 711
1772884984729 0.9244992888659432 712
1772884984821 0.924568902155548 713
1772884984933 0.9247020131595458 714
1772884985034 0.9248350172907107 715
1772884985159 0.9249738594616993 716
1772884985258 0.9250610034583292 717
1772884985367 0.9251604836970013 718
1772884985471 0.9252390873296971 719
1772884985593 0.9253848893712773 720
1772884985694 0.9254434861870002 721
1772884985799 0.9255193283815498 722
1772884985896 0.925574893571246 723
1772884985997 0.9256408638331588 724
1772884986135 0.9257964773574295 725
1772884986246 0.925866519808254 726
1772884986359 0.9260102126699462 727
1772884986474 0.9261239253641638 728
1772884986597 0.9262015173787005 729
1772884986713 0.9262552692926649 730
1772884986815 0.9263071316726782 731
1772884986942 0.9264244556667153 732
1772884987052 0.926509204042 733
1772884987160 0.9266113274907469 734
1772884987258 0.9267158138310341 735
1772884987367 0.9267717108831416 736
1772884987465 0.9267931463449733 737
1772884987582 0.9268713354001381 738
1772884987703 0.9269957929331203 739
1772884987799 0.9270425151751741 740
1772884987914 0.9271023704185047 741
1772884988034 0.9272203598072525 742
1772884988165 0.9273714374703731 743
1772884988276 0.9274923119803061 744
1772884988372 0.9275906392169674 745
1772884988492 0.9276944350028976 746
1772884988589 0.9277685318304947 747
1772884988706 0.927902629626983 748
1772884988809 0.9280044438124697 749
1772884988921 0.9280487912511156 750
1772884989035 0.9281342385301972 751
1772884989147 0.9282392788280015 752
1772884989260 0.9283239419276716 753
1772884989380 0.9284223659065118 754
1772884989493 0.9286086363482066 755
1772884989607 0.9287180896034033 756
1772884989721 0.9288308044838693 757
1772884989845 0.9288840556540812 758
1772884989940 0.9289118457077624 759
1772884990045 0.9289589503541714 760
1772884990149 0.9289976266304691 761
1772884990274 0.9291452637676512 762
1772884990393 0.9292011745128403 763
1772884990506 0.9292989166207414 764
1772884990611 0.929367851379183 765
1772884990737 0.9294112866136696 766
1772884990871 0.9295235934848308 767
1772884990985 0.9296390381868966 768
1772884991095 0.9297043704402622 769
1772884991208 0.9298137052447357 770
1772884991317 0.9299272958144764 771
1772884991418 0.9300278984405459 772
1772884991510 0.9300606629792957 773
1772884991618 0.9301561712223372 774
1772884991744 0.9303325401187145 775
1772884991867 0.9304569856285029 776
1772884991974 0.9305396239332928 777
1772884992084 0.9306576692076262 778
1772884992205 0.9307235450652033 779
1772884992302 0.9308172892385466 780
1772884992416 0.9309465620606066 781
1772884992533 0.9310978866445015 782
1772884992632 0.9311425805292474 783
1772884992749 0.9313049593264932 784
1772884992862 0.931434447564107 785
1772884992968 0.9315197681543512 786
1772884993089 0.9316087324402424 787
1772884993200 0.9317064511697114 788
1772884993295 0.931819767655166 789
1772884993395 0.9318877245271865 790
1772884993487 0.9319559960061088 791
1772884993597 0.9320059751977455 792
1772884993702 0.9321092997412782 793
1772884993810 0.9322394285479344 794
1772884993911 0.9323363222413983 795
1772884994040 0.9323825194706604 796
1772884994130 0.9324394890361766 797
1772884994229 0.9325106774754822 798
1772884994333 0.932602065770815 799
1772884994419 0.9326873854704523 800
1772884994518 0.9328046589225454 801
1772884994619 0.9328540776997646 802
1772884994744 0.9329966236823687 803
1772884994848 0.9331712295109806 804
1772884994952 0.9332957119809571 805
1772884995322 0.9130011366771856 806
