1772883029969 0.7285852493891255 0
1772883030069 0.7417712441999634 1
1772883030165 0.7451815359763778 2
1772883030263 0.7485740448140432 3
1772883030366 0.7507292866263857 4
1772883030501 0.7524276772310751 5
1772883030624 0.7537068935873719 6
1772883030747 0.755233920750879 7
1772883030869 0.7559939953500493 8
1772883030995 0.7574557818155463 9
1772883031128 0.7589975109607926 10
1772883031254 0.7602443114189442 11
1772883031367 0.7615769291375301 12
1772883031499 0.7627126683038589 13
1772883031644 0.7637669429590984 14
1772883031782 0.7648321485269626 15
1772883031914 0.7657791091356531 16
1772883032064 0.7664655656169054 17
1772883032206 0.7673159940256753 18
1772883032368 0.7686333055943669 19
1772883032531 0.7693151172059057 20
1772883032674 0.7701484683737219 21
1772883032816 0.7708842400945501 22
1772883032967 0.7715045249667709 23
1772883033123 0.7723693200422841 24
1772883033278 0.7732855895321231 25
1772883033445 0.7742652195290802 26
1772883033602 0.775084875550756 27
1772883033744 0.7760954523832133 28
1772883033918 0.7771238436597795 29
1772883034072 0.7778109470585091 30
1772883034236 0.7784279132919416 31
1772883034391 0.7792515608089248 32
1772883034551 0.779992362366019 33
1772883034707 0.7806408915150272 34
1772883034854 0.7813275487177065 35
1772883035047 0.7821649104176376 36
1772883035203 0.7829486401983882 37
1772883035353 0.7837094209406593 38
1772883035506 0.7844554055190907 39
1772883035653 0.7851539630643363 40
1772883035811 0.7858531881224357 41
1772883035970 0.7864864511990393 42
1772883036105 0.787086820564761 43
1772883036240 0.7879060911745788 44
1772883036371 0.7886534784651448 45
1772883036524 0.7895009221028798 46
1772883036660 0.7900766195433763 47
1772883036824 0.7907831943677555 48
1772883036973 0.7915395957536814 49
1772883037153 0.7923204380626356 50
1772883037455 0.7930285332711117 51
1772883037638 0.7936751126502529 52
1772883037813 0.7943751741032943 53
1772883037960 0.7949245768142176 54
1772883038103 0.7955390697099125 55
1772883038232 0.7961719390251811 56
1772883038382 0.7967901089192168 57
1772883038552 0.7974349081898635 58
1772883038699 0.797850022365911 59
1772883038860 0.798495718815692 60
1772883039019 0.7990946472843378 61
1772883039266 0.7996655336448655 62
1772883039465 0.800215801027626 63
1772883039647 0.8007193986191007 64
1772883039788 0.8011766246626076 65
1772883039920 0.8017467125904822 66
1772883040037 0.8021441332228477 67
1772883040175 0.8027245846328904 68
1772883040307 0.8031876525271324 69
1772883040434 0.8036349186465258 70
1772883040567 0.8041399875271728 71
1772883040700 0.8047199316229935 72
1772883040838 0.8051987948351551 73
1772883040951 0.8055930542442052 74
1772883041069 0.806103030390796 75
1772883041184 0.8065740938555312 76
1772883041302 0.8069974219130639 77
1772883041415 0.8073656158135157 78
1772883041560 0.807854991128536 79
1772883041674 0.8083305982673237 80
1772883041830 0.8086306926088435 81
1772883041943 0.8091233526081121 82
1772883042050 0.8094936927694563 83
1772883042186 0.8100409011264998 84
1772883042347 0.8105390292539134 85
1772883042516 0.8109826573391921 86
1772883042666 0.8114324968787205 87
1772883042787 0.8118525030690006 88
1772883042891 0.8122035995784276 89
1772883042993 0.8126450051442575 90
1772883043101 0.813023691665455 91
1772883043213 0.8134614437228062 92
1772883043321 0.8138780874117122 93
1772883043426 0.8143157905967914 94
1772883043527 0.8146579454843187 95
1772883043627 0.8150562621825549 96
1772883043747 0.8154620714787905 97
1772883043851 0.8158306339808199 98
1772883043982 0.8162096179660511 99
1772883044102 0.8165593852387409 100
1772883044216 0.8169174614656274 101
1772883044328 0.8172003169203189 102
1772883044430 0.8175171225730475 103
1772883044545 0.817995407890075 104
1772883044656 0.8183241722203826 105
1772883044783 0.8188027162598703 106
1772883044885 0.8191605256374721 107
1772883044985 0.8195743513222303 108
1772883045090 0.8198711298081209 109
1772883045197 0.8202791332355834 110
1772883045291 0.8204787965054068 111
1772883045399 0.8208289843690844 112
1772883045499 0.8211285371078634 113
1772883045613 0.8215329489243033 114
1772883045719 0.8218308342168639 115
1772883045825 0.8221452155154533 116
1772883045944 0.8225239180676466 117
1772883046051 0.8228670254635091 118
1772883046171 0.8232012064891833 119
1772883046287 0.82353558010946 120
1772883046411 0.8240010391825859 121
1772883046546 0.8243897528690184 122
1772883046667 0.8247077246653668 123
1772883046775 0.8250544306858126 124
1772883046879 0.8253866886599461 125
1772883046976 0.8257019251676321 126
1772883047081 0.8260221282782118 127
1772883047192 0.8262172570027442 128
1772883047315 0.8265336059947446 129
1772883047440 0.8268982587150149 130
1772883047563 0.8272010354651761 131
1772883047683 0.8274592963664625 132
1772883047853 0.8277991216385829 133
1772883047968 0.8281512531491778 134
1772883048113 0.8283957731491899 135
1772883048223 0.8286732337284813 136
1772883048331 0.8289406554532701 137
1772883048463 0.8292080250773224 138
1772883048620 0.8294682961986893 139
1772883048762 0.8297917636207935 140
1772883048892 0.8300358561275837 141
1772883049004 0.8304038436289644 142
1772883049126 0.8306961730682084 143
1772883049245 0.8309688693246022 144
1772883049369 0.8312293704462287 145
1772883049491 0.8315148770268544 146
1772883049620 0.8317806566878349 147
1772883049728 0.8320498558492856 148
1772883049857 0.8323541716863723 149
1772883049985 0.8326449087133646 150
1772883050102 0.8329175666734905 151
1772883050294 0.8332118715989908 152
1772883050432 0.8333768504734336 153
1772883050528 0.8335900667256358 154
1772883050640 0.8338810739417035 155
1772883050753 0.834156379353994 156
1772883050873 0.8343753865807847 157
1772883050995 0.8347182373693877 158
1772883051116 0.8350599344829231 159
1772883051237 0.83532511665533 160
1772883051372 0.8355940782463288 161
1772883051505 0.8358105352088672 162
1772883051626 0.8360382696429884 163
1772883051753 0.8362773765100775 164
1772883051877 0.8366531765614159 165
1772883052007 0.8368945902220081 166
1772883052186 0.8372429415347267 167
1772883052346 0.8375927455451154 168
1772883052465 0.837810325122667 169
1772883052573 0.838058596153049 170
1772883052711 0.8384035057000254 171
1772883052847 0.8387528816605604 172
1772883052949 0.8390392854203205 173
1772883053061 0.8391438097396172 174
1772883053205 0.8394730809388414 175
1772883053310 0.8397106834528293 176
1772883053414 0.8398965589529808 177
1772883053526 0.8402558861541732 178
1772883053656 0.8405518411589797 179
1772883053796 0.8408167070531982 180
1772883053927 0.8410875000741433 181
1772883054048 0.8412755591295177 182
1772883054170 0.8414869879256855 183
1772883054322 0.8417973795101893 184
1772883054469 0.8421581266791021 185
1772883054717 0.8424788398870627 186
1772883054849 0.8427343236409754 187
1772883054992 0.8430764058323897 188
1772883055120 0.8432682818233391 189
1772883055254 0.8435969555339897 190
1772883055397 0.8438723593587822 191
1772883055520 0.8441354178695479 192
1772883055637 0.8444169093536782 193
1772883055761 0.8448154183125378 194
1772883055872 0.8451743219169309 195
1772883055984 0.8454947727286612 196
1772883056085 0.8457147123137161 197
1772883056195 0.8460127241843478 198
1772883056297 0.8461960122372428 199
1772883056419 0.8465647454025821 200
1772883056536 0.8467687305843489 201
1772883056653 0.8469193975646174 202
1772883056804 0.847118536264633 203
1772883056921 0.8474134499226691 204
1772883057047 0.8477481328075737 205
1772883057142 0.8478762234700156 206
1772883057243 0.8480482837028843 207
1772883057349 0.8482966432377225 208
1772883057451 0.8484836949008662 209
1772883057569 0.8487650866365779 210
1772883057702 0.849032199430718 211
1772883057821 0.8493012975078339 212
1772883057995 0.849466676489214 213
1772883058133 0.8497133640134531 214
1772883058229 0.8499105239987481 215
1772883058337 0.850162003120843 216
1772883058459 0.8505249869476522 217
1772883058557 0.8507463017472306 218
1772883058655 0.85090236816728 219
1772883058780 0.8511897444741202 220
1772883058890 0.8514566636717203 221
1772883059005 0.8516705580127807 222
1772883059089 0.8517845629962116 223
1772883059186 0.851982307444896 224
1772883059287 0.8522537031867535 225
1772883059411 0.8525922378523838 226
1772883059501 0.8527300489759391 227
1772883059611 0.852963154350293 228
1772883059708 0.8531622336020325 229
1772883059814 0.8534171401287691 230
1772883059913 0.8536137978095283 231
1772883060012 0.8537544034473694 232
1772883060121 0.8540644206413249 233
1772883060219 0.8542119203866548 234
1772883060322 0.8544978805108708 235
1772883060428 0.8547347582902558 236
1772883060520 0.8549526538120167 237
1772883060623 0.8553343420258558 238
1772883060723 0.8556129995861688 239
1772883060842 0.8559014785806035 240
1772883060954 0.8560933998813813 241
1772883061059 0.8563710811095181 242
1772883061171 0.856614295028676 243
1772883061266 0.8568390925620971 244
1772883061364 0.8570705938349314 245
1772883061478 0.8573940843015921 246
1772883061596 0.8575702444616428 247
1772883061731 0.8578013590980292 248
1772883061826 0.8579960175800175 249
1772883061928 0.858171693581729 250
1772883062029 0.8584015120453073 251
1772883062145 0.8586617621259922 252
1772883062243 0.8587837799355024 253
1772883062346 0.8589209980235385 254
1772883062443 0.8591374274884661 255
1772883062549 0.8594506668012558 256
1772883062650 0.8596716872539387 257
1772883062761 0.8598212662416921 258
1772883062889 0.8600511302377516 259
1772883063013 0.8602720439284554 260
1772883063120 0.8603454965040762 261
1772883063265 0.8605641690838292 262
1772883063372 0.860795261900249 263
1772883063503 0.8611110406786341 264
1772883063629 0.861365798473354 265
1772883063741 0.8616215256980159 266
1772883063841 0.8618555419446463 267
1772883063948 0.8621052898305187 268
1772883064045 0.8622360634582339 269
1772883064139 0.8623782456999837 270
1772883064239 0.8626204439887604 271
1772883064343 0.8628939012721504 272
1772883064452 0.8630304515133537 273
1772883064538 0.8631693155616207 274
1772883064635 0.8633756568544682 275
1772883064742 0.8636300717639996 276
1772883064845 0.8638347776726204 277
1772883064944 0.8640352401543814 278
1772883065039 0.864291317500445 279
1772883065145 0.8644972015759324 280
1772883065245 0.8647236363861284 281
1772883065351 0.8648773386795992 282
1772883065457 0.8650590454528784 283
1772883065558 0.8652675709689068 284
1772883065666 0.8654787216718277 285
1772883065766 0.8657131904601111 286
1772883065876 0.8658451956913457 287
1772883065983 0.8661571087732101 288
1772883066091 0.866439031090353 289
1772883066195 0.8665954868186829 290
1772883066280 0.8667115127095248 291
1772883066377 0.8668428417444495 292
1772883066467 0.8669397729380439 293
1772883066598 0.8671800826864515 294
1772883066703 0.8674327594575261 295
1772883066791 0.8675855541071847 296
1772883066889 0.8676828078132437 297
1772883066986 0.8678849390771394 298
1772883067115 0.8680767679770385 299
1772883067222 0.8683121546511592 300
1772883067322 0.8684550283409304 301
1772883067410 0.8686409115226007 302
1772883067501 0.8687811442171363 303
1772883067610 0.8689906432821818 304
1772883067716 0.8691423282306852 305
1772883067813 0.8693376693659123 306
1772883067913 0.8695363881428984 307
1772883068031 0.8697879474199725 308
1772883068130 0.8700409615099175 309
1772883068235 0.8703017870365566 310
1772883068337 0.8705149343777421 311
1772883068444 0.8707419103453734 312
1772883068536 0.8708704512116147 313
1772883068633 0.8711023918895915 314
1772883068737 0.8712580164553184 315
1772883068840 0.8713403863836925 316
1772883068938 0.8715660023885115 317
1772883069032 0.8717308387652136 318
1772883069138 0.872009889307577 319
1772883069224 0.872175860322539 320
1772883069327 0.8723878176962636 321
1772883069431 0.8726505064921881 322
1772883069527 0.8728532364692473 323
1772883069624 0.8729768331091933 324
1772883069730 0.8730700751698738 325
1772883069826 0.8732675742552609 326
1772883069938 0.8735382069662478 327
1772883070059 0.8737012276100202 328
1772883070162 0.8738832561164795 329
1772883070261 0.8739708037225254 330
1772883070372 0.8741797612961566 331
1772883070478 0.874386777560724 332
1772883070588 0.874591973527981 333
1772883070698 0.8747921617015911 334
1772883070793 0.8749313559438417 335
1772883070902 0.8751434968947338 336
1772883071001 0.8752032625623648 337
1772883071083 0.8753144768166061 338
1772883071174 0.8754005770686473 339
1772883071296 0.875652587885437 340
1772883071428 0.8758709536497421 341
1772883071513 0.8759797428818861 342
1772883071601 0.8760641044388384 343
1772883071698 0.8761799007747264 344
1772883071812 0.8763031685566053 345
1772883071926 0.8765918782192578 346
1772883072064 0.8768932053888869 347
1772883072229 0.8770549029188721 348
1772883072382 0.8772190963858458 349
1772883072488 0.8774280842402469 350
1772883072601 0.8775455552585665 351
1772883072719 0.8776799492195051 352
1772883072838 0.8778697316069305 353
1772883072953 0.8780553427069772 354
1772883073073 0.878199956316427 355
1772883073188 0.8783606642663991 356
1772883073307 0.878540304265807 357
1772883073428 0.8786443023454006 358
1772883073548 0.8788359957611197 359
1772883073667 0.8790034702385721 360
1772883073813 0.8792126637127597 361
1772883074039 0.8793627597001284 362
1772883074182 0.8796409633828721 363
1772883074312 0.879842286083416 364
1772883074433 0.8800277002471321 365
1772883074565 0.8802566216429024 366
1772883074694 0.8804842158058102 367
1772883074804 0.8806560907916161 368
1772883074911 0.8807269176237127 369
1772883075023 0.8808559777160965 370
1772883075206 0.8810030930515056 371
1772883075309 0.8811686435868064 372
1772883075413 0.8813275966993676 373
1772883075523 0.8815777959023029 374
1772883075627 0.8817170251010304 375
1772883075737 0.8818709990308194 376
1772883075829 0.8819663670909946 377
1772883075933 0.8821484161928305 378
1772883076020 0.8822410068829794 379
1772883076116 0.8823542859072174 380
1772883076205 0.8824393939074129 381
1772883076314 0.8826324730023335 382
1772883076416 0.8827595087361891 383
1772883076510 0.8828953297897352 384
1772883076614 0.8830554351301212 385
1772883076719 0.8832514044799972 386
1772883076819 0.8833913049766748 387
1772883076917 0.8835430212078853 388
1772883077017 0.8837089541492323 389
1772883077119 0.8838817203025491 390
1772883077214 0.8839758309314893 391
1772883077303 0.8840695572618353 392
1772883077408 0.8842389328595355 393
1772883077498 0.8843370870845195 394
1772883077600 0.884513479471357 395
1772883077699 0.884648916337635 396
1772883077801 0.8848068179727271 397
1772883077899 0.8849616546818051 398
1772883077992 0.8851153284757278 399
1772883078100 0.8853343586357487 400
1772883078195 0.8855098920283931 401
1772883078283 0.8856184079543237 402
1772883078389 0.8858007876954483 403
1772883078497 0.885987372567165 404
1772883078596 0.88610422594684 405
1772883078686 0.8862386191284941 406
1772883078785 0.8863706004245613 407
1772883078878 0.8864732741657777 408
1772883078980 0.8866828915707439 409
1772883079083 0.8868428714463223 410
1772883079180 0.8869954912022696 411
1772883079269 0.8871203937004172 412
1772883079369 0.8872520785343879 413
1772883079476 0.8874317246567457 414
1772883079596 0.8876347127996334 415
1772883079692 0.8876838918870711 416
1772883079795 0.8878680537405648 417
1772883079894 0.8879823237920587 418
1772883079987 0.8881109840001578 419
1772883080080 0.8881790905726505 420
1772883080171 0.888244528095665 421
1772883080270 0.8884057101846039 422
1772883080366 0.8885609124894478 423
1772883080460 0.8886371272947101 424
1772883080547 0.888716824499836 425
1772883080649 0.8888762242537531 426
1772883080746 0.889034187674975 427
1772883080837 0.8891853100913818 428
1772883080922 0.8893664554458282 429
1772883081009 0.8895115633443158 430
1772883081111 0.8896957863159811 431
1772883081216 0.8899176516244093 432
1772883081323 0.8901113834257779 433
1772883081418 0.8901915919528747 434
1772883081524 0.8903627890724752 435
1772883081614 0.8904999017344487 436
1772883081697 0.8906409583553737 437
1772883081791 0.8908630790464713 438
1772883081889 0.8910939955219372 439
1772883081980 0.8911861343383912 440
1772883082079 0.891302729329585 441
1772883082184 0.8914827991600685 442
1772883082277 0.8916286077466652 443
1772883082369 0.8917177283941764 444
1772883082457 0.8917724571006544 445
1772883082559 0.8919227833109353 446
1772883082656 0.892126999828878 447
1772883082757 0.8923126288524688 448
1772883082850 0.8924957098383344 449
1772883082953 0.8926110118851843 450
1772883083040 0.8927389210856597 451
1772883083133 0.8928998476806026 452
1772883083228 0.8930586392586156 453
1772883083321 0.8932007533686332 454
1772883083420 0.8933921725875279 455
1772883083514 0.8935253706807087 456
1772883083597 0.893611956983637 457
1772883083691 0.8937271837738677 458
1772883083797 0.893826284940869 459
1772883083890 0.8939243095819702 460
1772883083990 0.89408476315121 461
1772883084075 0.8941591557666138 462
1772883084166 0.8942911460801161 463
1772883084256 0.8943808032093555 464
1772883084346 0.894414044815112 465
1772883084436 0.8945551607729868 466
1772883084532 0.8946757068480192 467
1772883084628 0.8947661640798072 468
1772883084733 0.8950138834880761 469
1772883084841 0.8951893297121808 470
1772883084945 0.895328659661264 471
1772883085029 0.8953948300457056 472
1772883085118 0.8955076003084791 473
1772883085213 0.8957243322471264 474
1772883085298 0.8958694741001539 475
1772883085382 0.8959971636537212 476
1772883085481 0.8962116780826059 477
1772883085572 0.8963409535914961 478
1772883085685 0.8965333938957637 479
1772883085787 0.8967067801369051 480
1772883085896 0.8969421335244442 481
1772883086052 0.8971081001976782 482
1772883086166 0.8973174198046316 483
1772883086260 0.897386754640853 484
1772883086362 0.8975745700028256 485
1772883086458 0.8977098760606307 486
1772883086564 0.8978712762379086 487
1772883086654 0.8979684613669299 488
1772883086755 0.8981676964755732 489
1772883086845 0.898301174888528 490
1772883086946 0.8984439806692196 491
1772883087035 0.898612482466321 492
1772883087126 0.8987301229233604 493
1772883087222 0.8988160957067194 494
1772883087303 0.8988904296531315 495
1772883087397 0.8990298845103905 496
1772883087494 0.899201474166736 497
1772883087584 0.8992957785035425 498
1772883087677 0.8993547509708594 499
1772883087777 0.8994815394488697 500
1772883087881 0.8996476662094093 501
1772883087987 0.8997573177755369 502
1772883088092 0.8999413335688464 503
1772883088188 0.9001099895529563 504
1772883088278 0.9001727313081661 505
1772883088369 0.9002943254095506 506
1772883088469 0.9004162770912029 507
1772883088571 0.900591831747182 508
1772883088666 0.9007505404983833 509
1772883088759 0.9009023031526859 510
1772883088865 0.9010814627788509 511
1772883088960 0.9012217136195831 512
1772883089057 0.9014361851878194 513
1772883089146 0.9014876044955971 514
1772883089238 0.9016067786958967 515
1772883089341 0.90172813734203 516
1772883089440 0.9018743582814637 517
1772883089540 0.9020586993703968 518
1772883089625 0.9021083128532909 519
1772883089718 0.9022453686274944 520
1772883089812 0.9023491520698661 521
1772883089908 0.9025022082251442 522
1772883090009 0.9025864309581257 523
1772883090108 0.90275490024793 524
1772883090200 0.9028140778897281 525
1772883090302 0.902863358172827 526
1772883090386 0.902906210471906 527
1772883090484 0.9030830440451076 528
1772883090584 0.9032181775470549 529
1772883090687 0.9032823709979977 530
1772883090795 0.9034480374240391 531
1772883090891 0.9035689940706868 532
1772883090985 0.9036843725987461 533
1772883091093 0.903845788250388 534
1772883091200 0.9039764013454922 535
1772883091311 0.9040888867241107 536
1772883091408 0.9042092069179589 537
1772883091505 0.9043384201954139 538
1772883091604 0.9045308578278489 539
1772883091700 0.9046938192459978 540
1772883091796 0.904789542103282 541
1772883091904 0.9049215780605918 542
1772883091995 0.9050382156897814 543
1772883092112 0.9051602405128523 544
1772883092219 0.9053090473409735 545
1772883092303 0.9053642259172717 546
1772883092409 0.9055008760182198 547
1772883092519 0.9056508364100823 548
1772883092618 0.9057769500276989 549
1772883092727 0.905948856630191 550
1772883092843 0.9061445321898032 551
1772883092948 0.906259824885239 552
1772883093050 0.9064403560521578 553
1772883093141 0.9065563472091756 554
1772883093237 0.9066627971405192 555
1772883093341 0.9068545592446023 556
1772883093447 0.9069803874214323 557
1772883093548 0.9071143380808059 558
1772883093643 0.907231126557213 559
1772883093741 0.9073007805661083 560
1772883093849 0.9074682318876778 561
1772883093947 0.9075689319238597 562
1772883094041 0.9076705076531885 563
1772883094121 0.9077137300010878 564
1772883094227 0.9078885937656775 565
1772883094332 0.9080230397160263 566
1772883094445 0.9081854865837398 567
1772883094541 0.9082927774744061 568
1772883094624 0.9083630384346153 569
1772883094741 0.908473919934367 570
1772883094869 0.9086172535133308 571
1772883094999 0.9087777152093948 572
1772883095118 0.908862136103297 573
1772883095250 0.9090373608992719 574
1772883095361 0.9091383442610398 575
1772883095486 0.90928507819234 576
1772883095607 0.9094570675103174 577
1772883095726 0.9095831527397124 578
1772883095833 0.9096440393524611 579
1772883095953 0.9097569811691552 580
1772883096078 0.9099609577787923 581
1772883096269 0.9101020745159516 582
1772883096427 0.910208929897898 583
1772883096541 0.910275033263871 584
1772883096661 0.9103923008889312 585
1772883096773 0.9105239947403372 586
1772883096897 0.9107120529051006 587
1772883097018 0.9108049739005591 588
1772883097128 0.910952206685278 589
1772883097240 0.9110498146318141 590
1772883097354 0.9112046464425323 591
1772883097488 0.9113796518142518 592
1772883097606 0.9114777684109263 593
1772883097824 0.9115966806603011 594
1772883097946 0.9117245299671947 595
1772883098045 0.9119202378114513 596
1772883098148 0.9120284492597874 597
1772883098252 0.9122179230505432 598
1772883098346 0.9122822814871513 599
1772883098445 0.9123905443682657 600
1772883098539 0.9124671367925408 601
1772883098636 0.9126157679476662 602
1772883098737 0.9127965097440578 603
1772883098824 0.9128454719677465 604
1772883098920 0.9129560170392386 605
1772883099006 0.913032285058501 606
1772883099107 0.9131514713933737 607
1772883099208 0.9132671872403034 608
1772883099331 0.9134224217184654 609
1772883099477 0.9136493662920633 610
1772883099599 0.9137937441122828 611
1772883099716 0.9139482158935532 612
1772883099846 0.9140520366302555 613
1772883099966 0.9141796128535883 614
1772883100096 0.9143102947483829 615
1772883100197 0.9143630863761989 616
1772883100321 0.914482739279846 617
1772883100449 0.9145588152611376 618
1772883100570 0.9147583989326136 619
1772883100682 0.9148451651389394 620
1772883100825 0.9149675327358724 621
1772883101009 0.9150928038355974 622
1772883101117 0.9152040126348472 623
1772883101227 0.9153569304114599 624
1772883101310 0.9153984141755969 625
1772883101410 0.9155204222997136 626
1772883101514 0.9156888299147146 627
1772883101615 0.9158776477705578 628
1772883101718 0.9160108576643328 629
1772883101818 0.9160915951029653 630
1772883101933 0.9161856911481525 631
1772883102051 0.9163203693252879 632
1772883102156 0.9164728060606997 633
1772883102247 0.9165425178479756 634
1772883102349 0.916660204728107 635
1772883102454 0.916816850379207 636
1772883102542 0.9168861898911355 637
1772883102633 0.9169294173600473 638
1772883102723 0.9170644271784089 639
1772883102810 0.9171044790629049 640
1772883102890 0.917152953565811 641
1772883102985 0.9172865842732262 642
1772883103078 0.9173833897793603 643
1772883103161 0.9174423616900453 644
1772883103266 0.9175772194365992 645
1772883103355 0.9176791706697399 646
1772883103465 0.9178159987815374 647
1772883103564 0.917897087566162 648
1772883103659 0.918017553708868 649
1772883103751 0.9181032234618753 650
1772883103851 0.9182284629449142 651
1772883103948 0.9183546459188532 652
1772883104031 0.9184285559344867 653
1772883104122 0.9185607034408092 654
1772883104223 0.9187176601377586 655
1772883104326 0.9187985872765085 656
1772883104427 0.9188955111225632 657
1772883104530 0.9189985697190057 658
1772883104632 0.9190479442955314 659
1772883104732 0.9191239400105174 660
1772883104832 0.919270949363232 661
1772883104926 0.919408374963603 662
1772883105014 0.9194715333020516 663
1772883105104 0.9195436840272199 664
1772883105195 0.9196310549583326 665
1772883105285 0.9196993599143988 666
1772883105398 0.9198590359803411 667
1772883105501 0.9199470737563497 668
1772883105602 0.920046909009368 669
1772883105704 0.9201052549319314 670
1772883105792 0.9202440880314705 671
1772883105873 0.9202683014034193 672
1772883105966 0.9203980219950962 673
1772883106053 0.920456462990371 674
1772883106137 0.9204817951922367 675
1772883106230 0.9206117333156209 676
1772883106340 0.9207208760089575 677
1772883106466 0.9208152016090987 678
1772883106570 0.9209398821224846 679
1772883106666 0.92104428476207 680
1772883106768 0.9211551922008635 681
1772883106860 0.9212553106681415 682
1772883106964 0.9213926710312655 683
1772883107063 0.9215135593235283 684
1772883107185 0.9216370617813738 685
1772883107307 0.9217374278384761 686
1772883107431 0.9218629536529127 687
1772883107536 0.9219458812150234 688
1772883107644 0.922030859965315 689
1772883107754 0.9220636070593808 690
1772883107969 0.9221808724579138 691
1772883108097 0.9222615533427556 692
1772883108217 0.9223947477621665 693
1772883108348 0.9225187740105353 694
1772883108464 0.9226250487141886 695
1772883108560 0.9226939710862465 696
1772883108681 0.9227725137256941 697
1772883108799 0.9228400881581866 698
1772883108916 0.9229320317082054 699
1772883109043 0.9230667657711734 700
1772883109166 0.9231874005733147 701
1772883109277 0.9232464687813011 702
1772883109519 0.9233695352851213 703
1772883109646 0.9234501726413564 704
1772883109789 0.9236386480573168 705
1772883109906 0.9237556598544019 706
1772883110023 0.9238812279728551 707
1772883110161 0.9239947973362399 708
1772883110285 0.9240992137802939 709
1772883110402 0.9242241474498222 710
1772883110523 0.9243515150475565 711
1772883110656 0.9244740504133138 712
1772883110770 0.9245863230472586 713
1772883110893 0.9246274107122071 714
1772883111002 0.9246481638382379 715
1772883111108 0.9247292933683101 716
1772883111228 0.9248007026599216 717
1772883111341 0.9248788838226786 718
1772883111462 0.924966008054578 719
1772883111625 0.9250954673632883 720
1772883111744 0.9252151080210357 721
1772883111853 0.9253180243423903 722
1772883111949 0.9253945704548996 723
1772883112029 0.9254430157902993 724
1772883112127 0.9255471841992235 725
1772883112232 0.9256944461514486 726
1772883112324 0.9258213305927812 727
1772883112440 0.9259501353024954 728
1772883112536 0.9260084980353391 729
1772883112621 0.9260389004849394 730
1772883112706 0.9260823248901819 731
1772883112805 0.926168251584428 732
1772883112933 0.9263128430399321 733
1772883113040 0.9264485109084069 734
1772883113123 0.9264799390077608 735
1772883113227 0.926605948535231 736
1772883113326 0.9266657271167198 737
1772883113421 0.9267615894659329 738
1772883113533 0.9268844401079414 739
1772883113634 0.9269547867894478 740
1772883113740 0.9270882864657374 741
1772883113843 0.9271877184946802 742
1772883113933 0.9272757576066051 743
1772883114019 0.9273101778245336 744
1772883114116 0.9274029057800842 745
1772883114220 0.9275216177533375 746
1772883114322 0.927586374404335 747
1772883114415 0.9276532423597477 748
1772883114513 0.9277873841664811 749
1772883114621 0.9279065671615631 750
1772883114715 0.9279740212502605 751
1772883114806 0.9280735306510236 752
1772883114912 0.9281780044281529 753
1772883115013 0.928261343229837 754
1772883115100 0.9282670393543669 755
1772883115205 0.928401404036473 756
1772883115307 0.9285322328820625 757
1772883115408 0.9286337359152784 758
1772883115523 0.9287436939628748 759
1772883115614 0.9287861184347528 760
1772883115712 0.9288865255712819 761
1772883115815 0.9289807234800884 762
1772883115912 0.929080508413592 763
1772883116004 0.9291133471292521 764
1772883116098 0.929226655766302 765
1772883116192 0.9292842699407019 766
1772883116293 0.9294125096691397 767
1772883116385 0.9295084867958299 768
1772883116483 0.9295948241730175 769
1772883116581 0.9297204426109854 770
1772883116669 0.9297640461403409 771
1772883116761 0.9298444707519024 772
1772883116855 0.9298986096513256 773
1772883116956 0.9300493064670586 774
1772883117057 0.930122288688809 775
1772883117159 0.9302046398030283 776
1772883117259 0.9303456463270914 777
1772883117357 0.9304889859176786 778
1772883117471 0.9306303178486917 779
1772883117581 0.9307179949272942 780
1772883117684 0.930756505275685 781
1772883117824 0.9309248827212423 782
1772883117949 0.9309723568454783 783
1772883118056 0.9310347048393534 784
1772883118153 0.9311182460323597 785
1772883118264 0.9312216032060994 786
1772883118383 0.9313511673842407 787
1772883118493 0.9314145559456015 788
1772883118607 0.9315010625388562 789
1772883118738 0.9315867832793365 790
1772883118857 0.9317390559196936 791
1772883118972 0.9318272628004429 792
1772883119075 0.931883054451005 793
1772883119204 0.9319834148304631 794
1772883119311 0.9320275689799946 795
1772883119465 0.9320896339822627 796
1772883119597 0.9321524818314936 797
1772883119702 0.9321994775863611 798
1772883119826 0.932328267044364 799
1772883119953 0.9324427158859919 800
1772883120083 0.9325445307443417 801
1772883120202 0.9326826287559266 802
1772883120316 0.9327508650236286 803
1772883120429 0.9328350387730118 804
1772883120515 0.932884043857349 805
1772883120620 0.9329778294133184 806
1772883120709 0.9330368339426269 807
1772883120800 0.9330939446992275 808
1772883120899 0.9331845606824046 809
1772883120991 0.9332237269657078 810
1772883121086 0.9333537030513808 811
1772883121212 0.9334565513523294 812
1772883121331 0.9335394220266702 813
1772883121511 0.9335962824102872 814
1772883121661 0.933683683288191 815
1772883121790 0.9337949146866917 816
1772883121900 0.9339195692610357 817
1772883122000 0.9340027689047701 818
1772883122125 0.9340955261391533 819
1772883122233 0.9341537331264195 820
1772883122338 0.9342539835154339 821
1772883122480 0.9344229090206609 822
1772883122612 0.9345136515819092 823
1772883122728 0.934577630952262 824
1772883122905 0.9346698462499252 825
1772883123052 0.9347511325275122 826
1772883123181 0.9348555115659093 827
1772883123313 0.9349623424560565 828
1772883123411 0.9350281634983808 829
1772883123538 0.9351140812865181 830
1772883123658 0.9352411441840055 831
1772883123770 0.9353432207706274 832
1772883123906 0.9354820798092084 833
1772883124022 0.9356020731488639 834
1772883124192 0.9356720441039057 835
1772883124347 0.9357003253410447 836
1772883124482 0.9358089825401259 837
1772883124603 0.9358587831626308 838
1772883124710 0.9359376787066392 839
1772883124844 0.9360383376633944 840
1772883124969 0.9361262479707209 841
1772883125087 0.9361453441152111 842
1772883125194 0.936187889487516 843
1772883125306 0.9362907414622345 844
1772883125432 0.9364155986505536 845
1772883125530 0.9364516837541942 846
1772883125638 0.9365519600822504 847
1772883125761 0.9366695473252898 848
1772883125876 0.9367814015947742 849
1772883126059 0.9369035788236316 850
1772883126209 0.9369732504220917 851
1772883126312 0.9370367070038583 852
1772883126409 0.9370659656864372 853
1772883126528 0.9371457703215004 854
1772883126641 0.9372045176869175 855
1772883126770 0.9372909400061178 856
1772883126905 0.9374040259904479 857
1772883127023 0.9375108751381181 858
1772883127148 0.9376109514127057 859
1772883127257 0.9376842168487155 860
1772883127373 0.9378180287954447 861
1772883127490 0.9378952679145444 862
1772883127594 0.9380106085916412 863
1772883127684 0.9380548293143359 864
1772883127778 0.9381563254453175 865
1772883127878 0.9382572462416711 866
1772883127981 0.9383708777251647 867
1772883128094 0.9384451435398444 868
1772883128198 0.9385094177023982 869
1772883128319 0.9385945507510245 870
1772883128432 0.9386828255408532 871
1772883128531 0.9387847850121447 872
1772883128625 0.9388940146513683 873
1772883128744 0.9390202356989223 874
1772883128843 0.9391092218641907 875
1772883128939 0.9391735791875352 876
1772883129039 0.9392471302869846 877
1772883129144 0.9393275661425083 878
1772883129240 0.9393852650362681 879
1772883129342 0.9395102628297797 880
1772883129444 0.9395792504390845 881
1772883129533 0.9396122963331003 882
1772883129636 0.9397091696369876 883
1772883129753 0.9397968516139499 884
1772883129846 0.9398726556249443 885
1772883129958 0.9400067289659664 886
1772883130054 0.9400743041777434 887
1772883130170 0.9402007714792054 888
1772883130273 0.9402474587487298 889
1772883130376 0.940308017616675 890
1772883130489 0.9404069083768561 891
1772883130591 0.940474544150173 892
1772883130690 0.9405513767054062 893
1772883130790 0.9406508816531148 894
1772883130886 0.9406989895583178 895
1772883130986 0.9408142208016028 896
1772883131076 0.9408611005544035 897
1772883131178 0.9409567974726458 898
1772883131279 0.9410289411842535 899
1772883131365 0.9410520245936494 900
1772883131483 0.9411598376049436 901
1772883131598 0.9412116205046126 902
1772883131689 0.9412608265330294 903
1772883131788 0.9412977450258002 904
1772883131889 0.9413385115142004 905
1772883131989 0.9413960011144036 906
1772883132097 0.9414440578094809 907
1772883132209 0.9415007881639097 908
1772883132304 0.9415620575166836 909
1772883132391 0.9415901408155548 910
1772883132489 0.9416441805231915 911
1772883132586 0.9416923855049802 912
1772883132697 0.9418143380772435 913
1772883132799 0.941893975166135 914
1772883132901 0.9419797095997575 915
1772883133027 0.9420334706575154 916
1772883133138 0.9421305877661308 917
1772883133242 0.9422009474728212 918
1772883133357 0.9422955197721761 919
1772883133461 0.9423669892913482 920
1772883133562 0.9424600418745642 921
1772883133661 0.9425417922717455 922
1772883133769 0.9426144812598638 923
1772883133878 0.9426921173687628 924
1772883133982 0.942752606323754 925
1772883134106 0.9428167780660567 926
1772883134315 0.942995493611372 927
1772883134481 0.9430631473082328 928
1772883134594 0.9431576604932905 929
1772883134736 0.943201358984031 930
1772883134884 0.9433024882946567 931
1772883135015 0.9433623908937104 932
1772883135131 0.9434336875230457 933
1772883135255 0.9435132071626275 934
1772883135385 0.9436061937293121 935
1772883135503 0.9436948875515595 936
1772883135583 0.926605948535231 937
1772883174576 0.7280611872751488 0
1772883174874 0.7406523159028953 1
1772883175037 0.7442972296776043 2
1772883175213 0.7460751207049606 3
1772883175418 0.7485013981883283 4
1772883175566 0.7502998670230323 5
1772883175724 0.7513770941915296 6
1772883175898 0.7529120176260732 7
1772883176098 0.7543870211369571 8
1772883176239 0.7554447700637011 9
1772883176378 0.7569860083467593 10
1772883176543 0.7579363978352248 11
1772883176709 0.7589346179260822 12
1772883176866 0.7601289869594972 13
1772883177006 0.7612212542527094 14
1772883177155 0.7621464278755306 15
1772883177291 0.7631558932149275 16
1772883177448 0.7637743671895915 17
1772883177590 0.7651245508017941 18
1772883177724 0.7666025307210745 19
1772883177853 0.7675107172410821 20
1772883177985 0.7684109918316782 21
1772883178116 0.7692890016940547 22
1772883178236 0.770065769474578 23
1772883178366 0.7707801084916891 24
1772883178491 0.7716332374679569 25
1772883178627 0.7724865789653059 26
1772883178760 0.7733187015296357 27
1772883178894 0.7740070182365175 28
1772883179042 0.7747411753732557 29
1772883179175 0.7755934557124347 30
1772883179296 0.7762495934546303 31
1772883179455 0.7769465547264583 32
1772883179663 0.7776309923948089 33
1772883179815 0.778449383915301 34
1772883179969 0.7792843105555843 35
1772883180124 0.7801178810241483 36
1772883180255 0.7808931585966078 37
1772883180400 0.7815891676982901 38
1772883180529 0.7822971916442348 39
1772883180660 0.782901618520923 40
1772883180803 0.783503344409411 41
1772883180942 0.7841933091844371 42
1772883181112 0.7850350380578833 43
1772883181231 0.7857840892597981 44
1772883181359 0.7865754534201281 45
1772883181489 0.7872972241068579 46
1772883181630 0.787931864712691 47
1772883181779 0.7887044596657186 48
1772883181911 0.7895832781991974 49
1772883182043 0.7904594553038152 50
1772883182187 0.7910253064314642 51
1772883182326 0.7917777512911274 52
1772883182464 0.7923983440197038 53
1772883182590 0.7930158186220541 54
1772883182728 0.7936433019765324 55
1772883182867 0.7943259273710841 56
1772883182994 0.7950893126690615 57
1772883183117 0.7957101895012519 58
1772883183244 0.7963454128980022 59
1772883183377 0.7968908746929972 60
1772883183509 0.7975272711304144 61
1772883183637 0.7981586143753748 62
1772883183766 0.7988994516207993 63
1772883183879 0.7994194525219154 64
1772883183984 0.7999147396370502 65
1772883184096 0.800391754058252 66
1772883184222 0.8009017094697038 67
1772883184337 0.8014435065284629 68
1772883184464 0.8019017960500576 69
1772883184572 0.8022729187532196 70
1772883184680 0.8027037241446173 71
1772883184790 0.8032263466585899 72
1772883184897 0.8036749867879573 73
1772883185004 0.8041486549762304 74
1772883185106 0.8046046803523297 75
1772883185208 0.804983779776558 76
1772883185341 0.8054424482514062 77
1772883185486 0.8059577391777152 78
1772883185625 0.8062861998045412 79
1772883185770 0.8067229856215472 80
1772883185929 0.8071732044630433 81
1772883186097 0.8075208328437778 82
1772883186198 0.807913736341613 83
1772883186306 0.8083711631990596 84
1772883186488 0.8087897524690263 85
1772883186627 0.809223660957658 86
1772883186754 0.8097097267285264 87
1772883186883 0.8100390514667368 88
1772883187009 0.8105329457839417 89
1772883187137 0.8109935349639839 90
1772883187251 0.8113475565666438 91
1772883187374 0.8117685482488336 92
1772883187490 0.8121732822352945 93
1772883187595 0.8125625833393795 94
1772883187697 0.8130365686950494 95
1772883187799 0.8134589992640782 96
1772883187905 0.8138738316199904 97
1772883188007 0.8142837860103613 98
1772883188114 0.8146584791567495 99
1772883188213 0.8150372970378587 100
1772883188333 0.8152954116282193 101
1772883188451 0.8156494420256228 102
1772883188551 0.8159018270075549 103
1772883188655 0.8161783638024885 104
1772883188756 0.8164176373803621 105
1772883188860 0.816765477391571 106
1772883188974 0.8172116418562944 107
1772883189080 0.8175297508473202 108
1772883189188 0.8179373919974878 109
1772883189297 0.8182486701446026 110
1772883189402 0.8185139482205667 111
1772883189517 0.8190297856455598 112
1772883189616 0.8194074042130972 113
1772883189724 0.819802001645334 114
1772883189832 0.8200616790282242 115
1772883189924 0.820394263833142 116
1772883190028 0.8206892397541805 117
1772883190138 0.8210773286308931 118
1772883190233 0.8214078514580908 119
1772883190340 0.8218193657465187 120
1772883190436 0.8220048157165691 121
1772883190539 0.8222854801406965 122
1772883190653 0.8226770103226287 123
1772883190791 0.8230530819059098 124
1772883190895 0.8233457685218067 125
1772883191001 0.8236854330952754 126
1772883191094 0.8239403663263172 127
1772883191210 0.8243904712814507 128
1772883191319 0.8247355789105648 129
1772883191414 0.8250180923460273 130
1772883191518 0.8253187702666793 131
1772883191615 0.8255704574580732 132
1772883191721 0.8259362022312224 133
1772883191827 0.8262282463855374 134
1772883191937 0.8265456641542511 135
1772883192031 0.8268477752841229 136
1772883192138 0.8272251754303079 137
1772883192244 0.8276232758422952 138
1772883192357 0.8279620350024826 139
1772883192460 0.8282780822384401 140
1772883192580 0.8285522060451932 141
1772883192678 0.8288762060671556 142
1772883192786 0.829236017060235 143
1772883192890 0.829579239385781 144
1772883192993 0.8298698150405762 145
1772883193086 0.8301601507881268 146
1772883193176 0.8304808213873663 147
1772883193280 0.8307360675554221 148
1772883193387 0.8310656241854147 149
1772883193489 0.8314797303626925 150
1772883193581 0.831750237080681 151
1772883193686 0.8320276701601748 152
1772883193799 0.8323237499885168 153
1772883193894 0.8326110787130571 154
1772883193995 0.8328937924237555 155
1772883194091 0.833101814604072 156
1772883194190 0.8334538951289041 157
1772883194281 0.8337359829655748 158
1772883194379 0.8339695625592974 159
1772883194473 0.8341988775930094 160
1772883194570 0.8344424345449654 161
1772883194673 0.8347760178315897 162
1772883194762 0.8350381433816346 163
1772883194868 0.83536755985236 164
1772883194974 0.8356450921232019 165
1772883195085 0.8359915994524495 166
1772883195171 0.8361687565359696 167
1772883195273 0.8364588407983852 168
1772883195376 0.8367866299075777 169
1772883195477 0.8370203820563952 170
1772883195585 0.8372851848822304 171
1772883195683 0.837627823080949 172
1772883195779 0.837957850285384 173
1772883195872 0.8381701421467013 174
1772883195971 0.8383803906217183 175
1772883196074 0.8386988735563334 176
1772883196168 0.8389278491574749 177
1772883196260 0.8392350578988248 178
1772883196352 0.8393559169344622 179
1772883196443 0.8395733500469975 180
1772883196545 0.839821932025966 181
1772883196651 0.8400855633696963 182
1772883196777 0.8404036552165385 183
1772883196883 0.8407029354409226 184
1772883196986 0.8410116307165827 185
1772883197092 0.841364035756319 186
1772883197194 0.8416668133941602 187
1772883197296 0.8419194648902193 188
1772883197391 0.8420935304543956 189
1772883197497 0.8424271012725228 190
1772883197600 0.8426688580851994 191
1772883197687 0.8427433644806634 192
1772883197787 0.8430282103043785 193
1772883197888 0.8433209538077938 194
1772883197977 0.8435597341007479 195
1772883198069 0.843756707634007 196
1772883198173 0.8440865109621224 197
1772883198273 0.8443646659898677 198
1772883198372 0.8445939526354834 199
1772883198477 0.8449026038260999 200
1772883198561 0.8449980547363196 201
1772883198654 0.8451677297196031 202
1772883198759 0.845470595861509 203
1772883198868 0.845691011171386 204
1772883198979 0.8459468374585378 205
1772883199080 0.8462870958441844 206
1772883199184 0.8465527475297603 207
1772883199267 0.8467049343324999 208
1772883199367 0.8470402711128651 209
1772883199457 0.8473192023045595 210
1772883199560 0.8476149786585863 211
1772883199656 0.8478278691190936 212
1772883199747 0.848054047880463 213
1772883199845 0.8482484809574231 214
1772883199936 0.8484066971691528 215
1772883200026 0.8485975423247255 216
1772883200136 0.8489420678308779 217
1772883200228 0.8491060643043059 218
1772883200330 0.8493113111307428 219
1772883200425 0.8495032272411619 220
1772883200541 0.8497962322490403 221
1772883200653 0.8501272056120243 222
1772883200781 0.8504549351618776 223
1772883200904 0.8506826930806792 224
1772883201030 0.8508758009345112 225
1772883201165 0.851089896052232 226
1772883201275 0.8514029106602298 227
1772883201385 0.8515890197907424 228
1772883201507 0.8518657032018437 229
1772883201639 0.8521768518769743 230
1772883201768 0.8524638048767116 231
1772883201907 0.8526490553508073 232
1772883202025 0.8528562724224491 233
1772883202149 0.853125979932034 234
1772883202260 0.8533051645935809 235
1772883202368 0.8534683496127599 236
1772883202494 0.8537289969779346 237
1772883202625 0.8540055161833813 238
1772883202740 0.8542413102712625 239
1772883202907 0.8545414469255462 240
1772883203019 0.8546808656532032 241
1772883203141 0.8549355771231166 242
1772883203250 0.8550659636491563 243
1772883203362 0.8553228626723685 244
1772883203471 0.8555011179855725 245
1772883203602 0.8557525022592806 246
1772883203704 0.8559386108331638 247
1772883203799 0.8560745460630972 248
1772883203909 0.8563069528388045 249
1772883204018 0.8565731236369011 250
1772883204122 0.856869896357443 251
1772883204220 0.8569424347342193 252
1772883204316 0.8571618672593371 253
1772883204428 0.8574939670174496 254
1772883204517 0.8576429389517842 255
1772883204615 0.8578329359155715 256
1772883204719 0.858155054753023 257
1772883204825 0.8584432987988468 258
1772883204958 0.8585666660062816 259
1772883205092 0.8588801659950622 260
1772883205197 0.8590794215972816 261
1772883205311 0.8593116828700799 262
1772883205424 0.8595668717053138 263
1772883205526 0.8597593173928851 264
1772883205631 0.8599384670981096 265
1772883205746 0.8601807829892935 266
1772883205834 0.8602372978999662 267
1772883205939 0.8604560294060956 268
1772883206035 0.8605734003796488 269
1772883206157 0.8608540955297156 270
1772883206262 0.8610242483236228 271
1772883206398 0.861320183205685 272
1772883206501 0.8614196342769799 273
1772883206599 0.8616624722864829 274
1772883206706 0.8619144017229646 275
1772883206833 0.8622151565697912 276
1772883206942 0.8624065754988857 277
1772883207062 0.8626838857859475 278
1772883207195 0.8629586182112189 279
1772883207301 0.8631541105538094 280
1772883207440 0.8633437344646143 281
1772883207553 0.8636229634530046 282
1772883207688 0.8638621706806611 283
1772883207806 0.864018589647584 284
1772883207911 0.8641677981493874 285
1772883208025 0.8643675139727435 286
1772883208121 0.8644813138351153 287
1772883208233 0.8646181774114586 288
1772883208368 0.8649136220144 289
1772883208495 0.8650952324666022 290
1772883208602 0.8653122095883838 291
1772883208695 0.8654434292772167 292
1772883208791 0.8655298626808337 293
1772883208916 0.8656783979951155 294
1772883209013 0.8658592893935388 295
1772883209125 0.8659850007897679 296
1772883209246 0.8661214478960406 297
1772883209353 0.8662855599257193 298
1772883209471 0.8664528376177695 299
1772883209593 0.8667502890921263 300
1772883209704 0.8669690159225693 301
1772883209824 0.8671917372364681 302
1772883209928 0.8674349673356768 303
1772883210037 0.8676298600771443 304
1772883210159 0.8678364353551594 305
1772883210272 0.8679843941127728 306
1772883210376 0.8681400079710212 307
1772883210503 0.8683554324309272 308
1772883210609 0.8685514793989901 309
1772883210719 0.868721105287566 310
1772883210832 0.8689174311269272 311
1772883210937 0.8690850023852903 312
1772883211074 0.8692970829501108 313
1772883211229 0.8696424226936588 314
1772883211346 0.8698710990508681 315
1772883211491 0.8701148996951483 316
1772883211595 0.8703771910094102 317
1772883211693 0.8705355995922391 318
1772883211802 0.8707915996590703 319
1772883211906 0.8709873395903903 320
1772883212026 0.8712019665117807 321
1772883212112 0.871321717298406 322
1772883212232 0.8715092878035828 323
1772883212323 0.8716608678803439 324
1772883212425 0.8717500707375695 325
1772883212528 0.8718771339638092 326
1772883212622 0.8720328833056383 327
1772883212746 0.8722836825619121 328
1772883212883 0.872500090919836 329
1772883212984 0.8726710300083462 330
1772883213097 0.8729235103965469 331
1772883213197 0.8731174491866548 332
1772883213291 0.873193140312002 333
1772883213398 0.8734077082306826 334
1772883213499 0.8735677264742313 335
1772883213594 0.8736814789117836 336
1772883213709 0.8738552467905899 337
1772883213828 0.8740100308258211 338
1772883213927 0.874120751080717 339
1772883214025 0.8742512782113274 340
1772883214133 0.8745141027764952 341
1772883214240 0.8747922379882361 342
1772883214336 0.8749164216595839 343
1772883214446 0.8751784187395777 344
1772883214544 0.8753429949981243 345
1772883214648 0.875495582017358 346
1772883214734 0.8755928706950004 347
1772883214848 0.8758823088220803 348
1772883214955 0.8761377151880594 349
1772883215053 0.8762542337394443 350
1772883215159 0.8765094687749132 351
1772883215268 0.8767384873478397 352
1772883215361 0.8769799891129536 353
1772883215451 0.8770737526569978 354
1772883215549 0.8773001440507744 355
1772883215635 0.8775188148843059 356
1772883215741 0.8777853142050378 357
1772883215837 0.877965029223018 358
1772883215931 0.8781227925611182 359
1772883216026 0.8782731241182741 360
1772883216119 0.8784320093984682 361
1772883216208 0.8785577795747554 362
1772883216304 0.8787925792999871 363
1772883216399 0.87891389454903 364
1772883216497 0.8791868289502135 365
1772883216612 0.8794230361683895 366
1772883216710 0.8796537649292943 367
1772883216813 0.8798007406794967 368
1772883216912 0.8799120074330767 369
1772883217019 0.8800844094548134 370
1772883217109 0.880150210835385 371
1772883217212 0.8803014763052442 372
1772883217321 0.8804999282460253 373
1772883217413 0.8806504606350463 374
1772883217515 0.8808135512498896 375
1772883217633 0.8809702342817705 376
1772883217765 0.8811644791066885 377
1772883217881 0.8813591764712583 378
1772883217980 0.8815534043746444 379
1772883218078 0.8816417149550411 380
1772883218179 0.8817194103913087 381
1772883218286 0.8818647107985295 382
1772883218381 0.8819612511436896 383
1772883218494 0.8821661815820107 384
1772883218598 0.8822634977571422 385
1772883218703 0.8823265077529093 386
1772883218821 0.8824726896383498 387
1772883218941 0.8826043040887093 388
1772883219076 0.8828061056021951 389
1772883219189 0.8829147773498011 390
1772883219321 0.8831007247238281 391
1772883219431 0.8832264601664446 392
1772883219544 0.8833829145349934 393
1772883219650 0.8835325429579693 394
1772883219763 0.8836942143906523 395
1772883219876 0.8838418708985352 396
1772883219986 0.8839516184993258 397
1772883220108 0.8842488121429732 398
1772883220230 0.8844727880994001 399
1772883220359 0.8846113016364274 400
1772883220472 0.884793456694774 401
1772883220578 0.8849723451181872 402
1772883220693 0.8851281929834093 403
1772883220818 0.8852622906685719 404
1772883220946 0.8854803063493725 405
1772883221079 0.8856755952996028 406
1772883221231 0.8858591753290549 407
1772883221367 0.8859866426681939 408
1772883221495 0.8861662828751911 409
1772883221607 0.8862730825670072 410
1772883221717 0.8864716030845228 411
1772883221827 0.8866334164576869 412
1772883221934 0.8867418124511187 413
1772883222047 0.886913536943625 414
1772883222162 0.887089890922336 415
1772883222275 0.88727595017886 416
1772883222370 0.8873857123633392 417
1772883222473 0.8875213900965407 418
1772883222569 0.887716189658257 419
1772883222669 0.8878361865863756 420
1772883222769 0.8879848629505317 421
1772883222864 0.8880942326000018 422
1772883222959 0.8883076292592291 423
1772883223063 0.888465660447367 424
1772883223157 0.888575701948448 425
1772883223257 0.8887127093578124 426
1772883223358 0.8888458729076197 427
1772883223458 0.8889889353309237 428
1772883223577 0.8891310677379297 429
1772883223720 0.8892444767351803 430
1772883223823 0.8893646998774618 431
1772883223915 0.889406157630562 432
1772883224016 0.8895112701788545 433
1772883224137 0.8896642084312004 434
1772883224257 0.889816312852798 435
1772883224395 0.8900104624940992 436
1772883224527 0.8901434146360839 437
1772883224636 0.8902452407334385 438
1772883224751 0.8903478259618843 439
1772883224895 0.890545598703547 440
1772883225003 0.8906061225700386 441
1772883225143 0.8908042572320969 442
1772883225286 0.890989413969812 443
1772883225423 0.8911212212365741 444
1772883225532 0.8913509801265203 445
1772883225683 0.8915353294177176 446
1772883225789 0.8916893048931722 447
1772883225882 0.891805271824883 448
1772883225988 0.8920014639618774 449
1772883226087 0.8921088512316228 450
1772883226210 0.8922192614439775 451
1772883226305 0.8923928402914606 452
1772883226408 0.8925809923629697 453
1772883226507 0.8927175976633003 454
1772883226607 0.8929325511034605 455
1772883226694 0.8930415321143267 456
1772883226782 0.8931234426819199 457
1772883226877 0.8932286401718493 458
1772883226978 0.8933823603770896 459
1772883227086 0.8935441596118685 460
1772883227199 0.893646536549616 461
1772883227306 0.8937645773709146 462
1772883227415 0.8939191630234498 463
1772883227522 0.8941345163461263 464
1772883227617 0.8942325006991153 465
1772883227719 0.8943677680851688 466
1772883227829 0.8945588588256055 467
1772883227917 0.8946826560848669 468
1772883228001 0.8947657431442291 469
1772883228089 0.8949555488501759 470
1772883228189 0.8951061576087421 471
1772883228276 0.8952214553606627 472
1772883228376 0.8954216798319079 473
1772883228490 0.8956072443562761 474
1772883228618 0.8958562898961573 475
1772883228731 0.8960083923138893 476
1772883228828 0.8961492808769764 477
1772883228927 0.8962537476239107 478
1772883229034 0.8963794346397749 479
1772883229148 0.8965116710677568 480
1772883229241 0.896591402876795 481
1772883229343 0.8967258371000552 482
1772883229468 0.8969001145173576 483
1772883229582 0.8970602565552712 484
1772883229694 0.8972118406397636 485
1772883229808 0.897378563038386 486
1772883229896 0.8974426575707555 487
1772883229999 0.8975413050919379 488
1772883230100 0.8976819037624657 489
1772883230209 0.8978077366152164 490
1772883230366 0.8979918424367412 491
1772883230520 0.8981365367859385 492
1772883230637 0.8982660819110708 493
1772883230756 0.8983973308786068 494
1772883230863 0.8985676083574858 495
1772883230956 0.8987031927996103 496
1772883231039 0.8988509306867024 497
1772883231134 0.8990297727985547 498
1772883231239 0.8991357500148609 499
1772883231352 0.8992192755868157 500
1772883231464 0.8993985560999346 501
1772883231580 0.8995297066554037 502
1772883231701 0.8997151076420724 503
1772883231822 0.8999343299839521 504
1772883231925 0.899997872451344 505
1772883232012 0.9000478852633927 506
1772883232126 0.9002795258944792 507
1772883232227 0.9004461751520066 508
1772883232333 0.9006237265517498 509
1772883232430 0.9007525420471456 510
1772883232524 0.9009247973413886 511
1772883232616 0.9010717121963415 512
1772883232718 0.9013182129382149 513
1772883232811 0.9014761168808859 514
1772883232901 0.9015282497827576 515
1772883232998 0.9016643489956939 516
1772883233104 0.9018352788441572 517
1772883233191 0.901866514433441 518
1772883233283 0.9019734125373242 519
1772883233394 0.9021663538476582 520
1772883233486 0.9023604093072753 521
1772883233577 0.9024442765383178 522
1772883233688 0.902572475399733 523
1772883233793 0.9026317420632015 524
1772883233899 0.9027164496932186 525
1772883234002 0.9028407131852135 526
1772883234107 0.9029025092837202 527
1772883234215 0.9030458895423762 528
1772883234338 0.9032506614526618 529
1772883234443 0.9034030219237549 530
1772883234558 0.9035327435003873 531
1772883234655 0.9037102238742268 532
1772883234767 0.9039729683960958 533
1772883234869 0.9041461574917163 534
1772883234964 0.9042557432246955 535
1772883235067 0.904360446984402 536
1772883235163 0.9046058559534916 537
1772883235255 0.9046787894257722 538
1772883235354 0.9048299248670181 539
1772883235461 0.9049483128023719 540
1772883235576 0.9050947165602665 541
1772883235687 0.9052390940760446 542
1772883235797 0.9053852794125871 543
1772883235902 0.9056015106510557 544
1772883236003 0.9057443967341853 545
1772883236102 0.9059128121766026 546
1772883236203 0.9060285569018817 547
1772883236294 0.9061236225132735 548
1772883236378 0.9061647587572679 549
1772883236473 0.9062995168274771 550
1772883236606 0.9064855894431051 551
1772883236694 0.9065935239908157 552
1772883236785 0.9066813825881899 553
1772883236881 0.90680387410635 554
1772883236976 0.9069469445451164 555
1772883237069 0.9070865971684212 556
1772883237164 0.9072159500337801 557
1772883237256 0.907325023779094 558
1772883237361 0.9074165368707243 559
1772883237466 0.9075425587547983 560
1772883237576 0.9077088947413343 561
1772883237686 0.9078670879086094 562
1772883237803 0.9080482148725686 563
1772883237916 0.9082460953776712 564
1772883238026 0.9083424826497634 565
1772883238133 0.908458382451976 566
1772883238238 0.9085908082452586 567
1772883238338 0.9087235992987129 568
1772883238431 0.9088612059752227 569
1772883238522 0.9089646160170217 570
1772883238642 0.9090976340639201 571
1772883238744 0.9092503413150907 572
1772883238836 0.9093378866414734 573
1772883238953 0.9095480340326028 574
1772883239043 0.9096376436745486 575
1772883239127 0.9097176834109366 576
1772883239215 0.9097980419846095 577
1772883239311 0.9099251196832118 578
1772883239394 0.9100114736001592 579
1772883239478 0.9100754975519286 580
1772883239577 0.910173238546571 581
1772883239667 0.9102495853812784 582
1772883239758 0.9103122188729612 583
1772883239870 0.9104782965834843 584
1772883239973 0.9106061069176216 585
1772883240063 0.9107319488990934 586
1772883240163 0.9108630475767082 587
1772883240256 0.9109734970870941 588
1772883240341 0.9110467391546796 589
1772883240442 0.9112043929481262 590
1772883240552 0.9113425689451229 591
1772883240655 0.9115290503493367 592
1772883240768 0.9116938745305906 593
1772883240863 0.9118130771486437 594
1772883240969 0.9119257417098175 595
1772883241086 0.9120822488468276 596
1772883241171 0.9121391477204178 597
1772883241256 0.9122133901622498 598
1772883241355 0.9123567589543414 599
1772883241455 0.9124832216888511 600
1772883241568 0.9125875261226705 601
1772883241678 0.9127102172481112 602
1772883241777 0.9127619994734999 603
1772883241880 0.912918609141634 604
1772883241978 0.9130881184720264 605
1772883242083 0.9132043727358016 606
1772883242170 0.9132358373223952 607
1772883242287 0.9134074457020215 608
1772883242376 0.9135064283140655 609
1772883242472 0.9136202904075973 610
1772883242567 0.9137570821787561 611
1772883242659 0.9138815197844079 612
1772883242772 0.9140604202310147 613
1772883242897 0.914229577437688 614
1772883243002 0.9143740960033403 615
1772883243095 0.9144854028342327 616
1772883243197 0.9146387585585825 617
1772883243306 0.9148620693429503 618
1772883243416 0.91487130972394 619
1772883243538 0.9150439864979178 620
1772883243657 0.9151906996303986 621
1772883243768 0.9153194565683881 622
1772883243879 0.9154255580243625 623
1772883243997 0.9155109420703513 624
1772883244094 0.9155969654607978 625
1772883244196 0.9157543433887444 626
1772883244281 0.915852451647424 627
1772883244387 0.9159556963703096 628
1772883244514 0.9161289586070251 629
1772883244608 0.9162282466972499 630
1772883244710 0.9164101332376038 631
1772883244808 0.9164901178676873 632
1772883244917 0.9166902327942787 633
1772883245021 0.9168350764314647 634
1772883245110 0.9168628605848749 635
1772883245209 0.9169435132814899 636
1772883245314 0.9171069680432462 637
1772883245417 0.9171744211657157 638
1772883245516 0.9173487433360169 639
1772883245621 0.9174782715396173 640
1772883245713 0.917516534908272 641
1772883245816 0.9176320973931058 642
1772883245914 0.9177330660586279 643
1772883246005 0.917850376693561 644
1772883246103 0.9179506017022874 645
1772883246201 0.918042778964044 646
1772883246289 0.9181074336881792 647
1772883246374 0.9181721774730085 648
1772883246467 0.9182496985729676 649
1772883246575 0.9183633429131024 650
1772883246682 0.918502789694878 651
1772883246799 0.9186012035430642 652
1772883246899 0.9186805585140405 653
1772883247055 0.9188184970529616 654
1772883247172 0.9189497843165961 655
1772883247266 0.919025724589235 656
1772883247357 0.919065339119945 657
1772883247453 0.9191861716600259 658
1772883247544 0.9192955604575452 659
1772883247631 0.9193421472160181 660
1772883247727 0.9194704765513502 661
1772883247828 0.9196190099730922 662
1772883247933 0.9198405122687408 663
1772883248038 0.9199494475246753 664
1772883248151 0.920124295709701 665
1772883248240 0.9201544403054823 666
1772883248332 0.9203252003819974 667
1772883248418 0.9203720645645324 668
1772883248509 0.9204289733461247 669
1772883248602 0.9204671672474382 670
1772883248697 0.9205706794863836 671
1772883248821 0.920678616817241 672
1772883248916 0.92081283339843 673
1772883249007 0.9209361005239097 674
1772883249106 0.9210455975301723 675
1772883249204 0.921094833510317 676
1772883249304 0.9212222332746544 677
1772883249397 0.9212875668639303 678
1772883249501 0.9214220329263888 679
1772883249585 0.9215160683282017 680
1772883249687 0.9216354122187808 681
1772883249783 0.9217011875490995 682
1772883249867 0.9217619632347035 683
1772883249946 0.9217959938825456 684
1772883250044 0.9218854908627134 685
1772883250134 0.9220141311311937 686
1772883250228 0.9221252357943105 687
1772883250322 0.9222835553164455 688
1772883250407 0.9223742852305971 689
1772883250506 0.9224811833344803 690
1772883250607 0.9226586829676948 691
1772883250703 0.9228027635773841 692
1772883250804 0.922884626497506 693
1772883250896 0.9230019275584144 694
1772883250991 0.9230778742879536 695
1772883251091 0.9231854445774255 696
1772883251227 0.9233515307487145 697
1772883251312 0.9234170624980348 698
1772883251415 0.9235748032369839 699
1772883251507 0.9236591208924868 700
1772883251595 0.9237577808821664 701
1772883251691 0.9238221725432765 702
1772883251776 0.9239121218404444 703
1772883251866 0.9240122729287948 704
1772883251966 0.9241209761816214 705
1772883252052 0.924176995024228 706
1772883252151 0.9243204068994304 707
1772883252234 0.9243891117699554 708
1772883252338 0.9245206102187608 709
1772883252430 0.9246145326248181 710
1772883252531 0.9247023757478966 711
1772883252623 0.9247568407040432 712
1772883252715 0.9248648792301141 713
1772883252806 0.9249978604281502 714
1772883252891 0.9250821039406253 715
1772883252989 0.9251499005033964 716
1772883253084 0.9252837444769066 717
1772883253169 0.9253591992574368 718
1772883253267 0.9255263829904548 719
1772883253357 0.9255748576129907 720
1772883253457 0.9257191960533894 721
1772883253555 0.925832812784709 722
1772883253993 0.902572475399733 723
1772883278812 0.7307155744670596 0
1772883278937 0.7427356154209963 1
1772883279074 0.746973810794483 2
1772883280573 0.7500844917691598 3
1772883280718 0.7518062410501517 4
1772883280869 0.75341046149751 5
1772883281007 0.754631029737958 6
1772883281148 0.7558275351147725 7
1772883281272 0.7573584800967851 8
1772883281394 0.7584621407019408 9
1772883281552 0.7594358416044333 10
1772883281684 0.7606281793860679 11
1772883281819 0.761794423386266 12
1772883281954 0.7628337644694739 13
1772883282081 0.7640344208539142 14
1772883282225 0.764762829790804 15
1772883282363 0.7656797105270947 16
1772883282507 0.7664024875996677 17
1772883282632 0.7674930528316899 18
1772883282757 0.7689341909023192 19
1772883282877 0.7699468373783832 20
1772883282997 0.770609702542759 21
1772883283129 0.7713058298725127 22
1772883283262 0.7721033387754316 23
1772883283388 0.7729422626823175 24
1772883283517 0.7737145133044364 25
1772883283642 0.7745742677283894 26
1772883283764 0.7753798418564395 27
1772883283879 0.7760772446466585 28
1772883283997 0.7772086819463914 29
1772883284223 0.7781063379299294 30
1772883284352 0.7790797213310475 31
1772883284488 0.7798892341682938 32
1772883284643 0.780657796341767 33
1772883284758 0.7812095441518769 34
1772883284868 0.7819411082865066 35
1772883284984 0.7826955995382684 36
1772883285100 0.7834108183637113 37
1772883285217 0.7841871972829791 38
1772883285335 0.7848971019681313 39
1772883285459 0.7855717160192718 40
1772883285578 0.7861597080807756 41
1772883285686 0.7867547072150388 42
1772883285801 0.7875559204862026 43
1772883285912 0.7882816036092238 44
1772883286029 0.7889419990092265 45
1772883286159 0.7896011202846743 46
1772883286291 0.7902069889426739 47
1772883286423 0.7910464050212206 48
1772883286560 0.791684253593255 49
1772883286713 0.7924238670334168 50
1772883286858 0.793124894927863 51
1772883287031 0.7938834556967154 52
1772883287163 0.7945155616351948 53
1772883287293 0.7951597889567918 54
1772883287426 0.7957872727565737 55
1772883287565 0.7964746920656366 56
1772883287697 0.7970154000234327 57
1772883287836 0.7976584186800851 58
1772883287961 0.7982242711436445 59
1772883288088 0.7987752660569117 60
1772883288203 0.7994027302633409 61
1772883288343 0.8000665474865364 62
1772883288484 0.8006113827395486 63
1772883288606 0.8010902766753734 64
1772883288747 0.801536133101421 65
1772883288869 0.8020726018815042 66
1772883288993 0.8025892356204284 67
1772883289112 0.8030396906954156 68
1772883289232 0.8035881499393962 69
1772883289348 0.803968618115167 70
1772883289480 0.8045214441163048 71
1772883289601 0.8050742412840429 72
1772883289728 0.8056324554571733 73
1772883289853 0.8061894283468798 74
1772883289963 0.8066347624319566 75
1772883290070 0.8071182565752831 76
1772883290177 0.807541324484904 77
1772883290281 0.8080098603280282 78
1772883290394 0.8085243445871005 79
1772883290500 0.808917914704231 80
1772883290628 0.8094171267241543 81
1772883290744 0.8097163987104243 82
1772883290876 0.810291215912125 83
1772883291006 0.8107732588114414 84
1772883291140 0.8112696306858301 85
1772883291265 0.8116497115589074 86
1772883291369 0.8120124889410553 87
1772883291502 0.8124352196446232 88
1772883291613 0.8128892024137033 89
1772883291730 0.8132378706893673 90
1772883291844 0.8136417572633238 91
1772883291965 0.8140338965090778 92
1772883292070 0.8142946989511861 93
1772883292184 0.8146768692994727 94
1772883292316 0.8151196200677915 95
1772883292434 0.8154211860348896 96
1772883292554 0.8158311143750074 97
1772883292777 0.816086928193662 98
1772883292905 0.8164393888963322 99
1772883293026 0.8168321660393075 100
1772883293147 0.8171847724675384 101
1772883293269 0.8175363836425127 102
1772883293397 0.8179917851484497 103
1772883293521 0.8183883372402702 104
1772883293642 0.818738579775028 105
1772883293773 0.8191476112739564 106
1772883293889 0.8195039083773503 107
1772883294008 0.819845782991943 108
1772883294118 0.8201949462224143 109
1772883294245 0.8205755601237458 110
1772883294364 0.820862011823101 111
1772883294486 0.821238297820003 112
1772883294597 0.8215505143328559 113
1772883294733 0.8219574962112356 114
1772883294850 0.822281517273787 115
1772883294985 0.8226981487670457 116
1772883295097 0.8229137588071731 117
1772883295224 0.82331970869476 118
1772883295344 0.8235674421479655 119
1772883295462 0.8239159124862367 120
1772883295587 0.8242315550526654 121
1772883295721 0.8245138434985495 122
1772883295858 0.8249359331877717 123
1772883295978 0.8252770100411969 124
1772883296095 0.8256649096639345 125
1772883296220 0.8260073853268864 126
1772883296356 0.8264218949491084 127
1772883296477 0.8267173848616779 128
1772883296596 0.8270085889509958 129
1772883296710 0.8273258647792283 130
1772883296825 0.8276552172375797 131
1772883296942 0.827880240659095 132
1772883297096 0.828271180034648 133
1772883297213 0.8285384941494048 134
1772883297337 0.8289840070238251 135
1772883297469 0.829393728520481 136
1772883297576 0.8297040736454991 137
1772883297712 0.8301037448654784 138
1772883297830 0.8302654923337289 139
1772883297940 0.830502653169287 140
1772883298052 0.8308545316376694 141
1772883298185 0.831234281761594 142
1772883298287 0.8314733776633829 143
1772883298407 0.8317309548837806 144
1772883298533 0.8320104902409585 145
1772883298653 0.8323673197046514 146
1772883298781 0.832727050654432 147
1772883298897 0.832968512787537 148
1772883299008 0.8333021295832476 149
1772883299124 0.833674714329029 150
1772883299225 0.8338970929819073 151
1772883299339 0.834244293982636 152
1772883299456 0.8345005138067298 153
1772883299575 0.8347535917921878 154
1772883299679 0.8349933479676975 155
1772883299773 0.8352023933440633 156
1772883299884 0.835590640971463 157
1772883299993 0.8358377949735275 158
1772883300117 0.8361261787333153 159
1772883300225 0.8364484460794741 160
1772883300326 0.8366239638895935 161
1772883300429 0.8368596892894145 162
1772883300546 0.8371040623713059 163
1772883300652 0.8374260976030308 164
1772883300753 0.8378034738141543 165
1772883300865 0.838025344264447 166
1772883300972 0.838211051953881 167
1772883301094 0.8384523609025922 168
1772883301228 0.8387200358244861 169
1772883301352 0.8390155874115862 170
1772883301473 0.8392962139849185 171
1772883301600 0.8396204551387101 172
1772883301717 0.8398316165971675 173
1772883301846 0.8401194667720718 174
1772883301991 0.8404585041356023 175
1772883302095 0.8407157653018619 176
1772883302197 0.8409679404345335 177
1772883302308 0.841309127277916 178
1772883302423 0.841687053884129 179
1772883302533 0.8419499293252183 180
1772883302650 0.8422431215832059 181
1772883302765 0.8426135786690054 182
1772883302871 0.8428454242510142 183
1772883302976 0.843077979424103 184
1772883303084 0.8432977435889804 185
1772883303197 0.8436527494236359 186
1772883303290 0.843781299852141 187
1772883303401 0.8440622616276607 188
1772883303504 0.8442693977653968 189
1772883303597 0.8444955407911627 190
1772883303691 0.8446273131016024 191
1772883303803 0.8449732830608871 192
1772883303901 0.8451948062857987 193
1772883304010 0.8454798366878021 194
1772883304114 0.8457521042470386 195
1772883304221 0.8460692864502165 196
1772883304331 0.846380990307449 197
1772883304452 0.8467127871478757 198
1772883304550 0.8468567098974846 199
1772883304651 0.8470410116525364 200
1772883304760 0.8473433859567593 201
1772883304867 0.8476297681887731 202
1772883304988 0.8479938469703135 203
1772883305102 0.8482264766204077 204
1772883305219 0.8484375514673401 205
1772883305337 0.8486839427758857 206
1772883305462 0.8489615612129491 207
1772883305582 0.8491750101953343 208
1772883305700 0.8493896559307963 209
1772883305811 0.8495989131602881 210
1772883305918 0.849797738599355 211
1772883306020 0.8499722816401776 212
1772883306128 0.8501674929962781 213
1772883306234 0.850352736679496 214
1772883306384 0.8505751469489207 215
1772883306599 0.8507227275325618 216
1772883306726 0.85092173020241 217
1772883306845 0.8512280660376319 218
1772883306964 0.8515749539900208 219
1772883307062 0.8517257419832339 220
1772883307171 0.8519007778636724 221
1772883307272 0.8520987031217737 222
1772883307378 0.852355115984922 223
1772883307504 0.8526269713044707 224
1772883307620 0.8528949345603617 225
1772883307739 0.8531599664948325 226
1772883307863 0.8534229305513124 227
1772883307974 0.853741982249785 228
1772883308095 0.8540398153492161 229
1772883308207 0.8542931695341516 230
1772883308312 0.854484446411439 231
1772883308433 0.8546820511623674 232
1772883308575 0.8549275043278265 233
1772883308708 0.8551173361953521 234
1772883308833 0.8553613189687518 235
1772883308947 0.8555538206532346 236
1772883309051 0.8556371940427284 237
1772883309201 0.8558963595492793 238
1772883309338 0.8561643341604088 239
1772883309457 0.8563134901164027 240
1772883309606 0.856620409187845 241
1772883309720 0.8568354413353935 242
1772883309828 0.8570721151202807 243
1772883309946 0.8572194251820635 244
1772883310047 0.8573877144922728 245
1772883310175 0.8576509166747834 246
1772883310291 0.8578788803237883 247
1772883310388 0.8581188893203434 248
1772883310497 0.8583319073602951 249
1772883310600 0.8585776686757557 250
1772883310702 0.858685518504481 251
1772883310807 0.858940794730521 252
1772883310912 0.8591021761593187 253
1772883311013 0.8592682334972082 254
1772883311108 0.8593280630242633 255
1772883311212 0.8596226111199927 256
1772883311316 0.8598432461871325 257
1772883311427 0.8600895057971766 258
1772883311545 0.8604246013343866 259
1772883311636 0.8605680492791701 260
1772883311743 0.8607768816891511 261
1772883311851 0.8610045168155207 262
1772883311946 0.8612152220605727 263
1772883312044 0.8613736147238025 264
1772883312149 0.8616066185401379 265
1772883312245 0.8618175339684279 266
1772883312355 0.8619669832680827 267
1772883312464 0.862249128660227 268
1772883312578 0.8625152777497793 269
1772883312686 0.8627320323311516 270
1772883312788 0.8629650819024185 271
1772883312897 0.8631710637022334 272
1772883312984 0.8632995128241989 273
1772883313079 0.8633722098403366 274
1772883313175 0.8634716347500525 275
1772883313285 0.863701182232176 276
1772883313392 0.8639144778075156 277
1772883313513 0.864144496309385 278
1772883313615 0.8643239026207342 279
1772883313714 0.8644355847311265 280
1772883313817 0.8645921941766089 281
1772883313902 0.8647506210168802 282
1772883314019 0.8650611197715956 283
1772883314127 0.865347103902307 284
1772883314221 0.865548567207807 285
1772883314328 0.8658657697836186 286
1772883314433 0.8660350550150395 287
1772883314539 0.866348110256979 288
1772883314646 0.8665003712027465 289
1772883314745 0.8667126643999741 290
1772883314846 0.8668956637537006 291
1772883314955 0.8671245846938412 292
1772883315056 0.8673483970012427 293
1772883315153 0.8675090976723601 294
1772883315243 0.8675736196960611 295
1772883315348 0.8678155295818056 296
1772883315448 0.8679723077973034 297
1772883315548 0.8681233343618507 298
1772883315635 0.8682216943283171 299
1772883315736 0.8684194945674691 300
1772883315841 0.8686984655024982 301
1772883315952 0.8689491138008955 302
1772883316049 0.8691441265516483 303
1772883316148 0.8692847973613382 304
1772883316241 0.8694101666531762 305
1772883316337 0.8695686635174181 306
1772883316440 0.8697779499142874 307
1772883316537 0.8698983283561542 308
1772883316637 0.8701127381921028 309
1772883316741 0.8702768528936022 310
1772883316837 0.8704111480708538 311
1772883316933 0.8705750935570346 312
1772883317031 0.8707660121876799 313
1772883317137 0.8710314499049382 314
1772883317236 0.8712536543328337 315
1772883317323 0.8713408575548252 316
1772883317428 0.8715796810422161 317
1772883317540 0.8718755285334723 318
1772883317635 0.8719757303864183 319
1772883317730 0.8721111118814862 320
1772883317823 0.8722159023640436 321
1772883317946 0.872434840713635 322
1772883318039 0.8725713358013566 323
1772883318143 0.8727548539336263 324
1772883318237 0.8729351010892537 325
1772883318353 0.8732040624928737 326
1772883318464 0.873406968692944 327
1772883318563 0.8735925575976772 328
1772883318664 0.8737411053804562 329
1772883318758 0.8738318931840591 330
1772883318857 0.8739678054808637 331
1772883318938 0.8740073996389399 332
1772883319043 0.8742465480865383 333
1772883319153 0.8745367530261945 334
1772883319258 0.874718651589742 335
1772883319367 0.8749757448765932 336
1772883319465 0.8750885845533568 337
1772883319569 0.8753386746638538 338
1772883319670 0.8754442368573256 339
1772883319777 0.8756990920489343 340
1772883319889 0.875993967776692 341
1772883319980 0.8761963412824857 342
1772883320081 0.876305603836471 343
1772883320179 0.8764859177876191 344
1772883320275 0.8766599167789265 345
1772883320388 0.8768368398554729 346
1772883320491 0.8769868368783965 347
1772883320598 0.8772177907402056 348
1772883320700 0.8774331133369427 349
1772883320793 0.8776110052825148 350
1772883320887 0.8778161594858298 351
1772883320991 0.8779581552959962 352
1772883321102 0.8781838982165939 353
1772883321196 0.8783262152018884 354
1772883321286 0.8784702069735352 355
1772883321387 0.8786429876145475 356
1772883321480 0.878870550490429 357
1772883321572 0.8789747307959059 358
1772883321669 0.879138052857228 359
1772883321761 0.879281243193954 360
1772883321865 0.8794931704630546 361
1772883321966 0.8796571635967066 362
1772883322084 0.8798542987751256 363
1772883322173 0.8799666312512363 364
1772883322273 0.8800968342009203 365
1772883322356 0.8801767604962493 366
1772883322455 0.8803578879055118 367
1772883322548 0.880431882981266 368
1772883322637 0.8805515376936675 369
1772883322739 0.880682617223233 370
1772883322842 0.8808118203552999 371
1772883322929 0.880913851180925 372
1772883323026 0.8810894598329523 373
1772883323134 0.881286798626383 374
1772883323224 0.8813739066647578 375
1772883323320 0.8815094425688039 376
1772883323418 0.8816462954578641 377
1772883323504 0.8817567493099588 378
1772883323611 0.8819135173948026 379
1772883323711 0.8820162528018439 380
1772883323828 0.8821990945181419 381
1772883323942 0.8823372451328408 382
1772883324122 0.8825246742541658 383
1772883324238 0.8827115769154628 384
1772883324344 0.8828909998143664 385
1772883324462 0.8831338088791437 386
1772883324562 0.8832884990666684 387
1772883324671 0.883459415110724 388
1772883324803 0.8836439445271751 389
1772883324929 0.8838668485268227 390
1772883325050 0.8840118470182905 391
1772883325186 0.8842169210669808 392
1772883325301 0.8843124376594623 393
1772883325423 0.8844740234825531 394
1772883325544 0.8845516229559229 395
1772883325658 0.884645295769385 396
1772883325808 0.8848527863686837 397
1772883325927 0.8850130333868904 398
1772883326049 0.8852044279356198 399
1772883326159 0.8853171695342941 400
1772883326285 0.8855141326029217 401
1772883326384 0.8856841463508203 402
1772883326510 0.8858933294372842 403
1772883326613 0.885950770133872 404
1772883326755 0.8861330898431768 405
1772883326862 0.8862930124578055 406
1772883326978 0.8865018782655467 407
1772883327098 0.8866675761322096 408
1772883327199 0.8868206412960447 409
1772883327309 0.8869239639470377 410
1772883327423 0.8870037290425102 411
1772883327524 0.8871365126371313 412
1772883327629 0.8873137165888416 413
1772883327729 0.8874293650172452 414
1772883327840 0.8876120399673937 415
1772883327944 0.8877669973370006 416
1772883328068 0.8879753049568417 417
1772883328169 0.8881027924459628 418
1772883328281 0.888302687281314 419
1772883328378 0.8883960755458584 420
1772883328500 0.8885576391037756 421
1772883328735 0.8887309000045809 422
1772883328900 0.8889278475989127 423
1772883329020 0.8890458618133291 424
1772883329123 0.8891617965718642 425
1772883329233 0.8893070172697637 426
1772883329335 0.8894830353783321 427
1772883329450 0.8896967702455453 428
1772883329561 0.8897969028538016 429
1772883329661 0.8899501862163374 430
1772883329753 0.8900082581305946 431
1772883329850 0.8901005250096745 432
1772883329951 0.8902158085118841 433
1772883330045 0.8904206572370184 434
1772883330149 0.8906310360746263 435
1772883330251 0.8907957776520864 436
1772883330371 0.8909344079699489 437
1772883330484 0.8910598176730767 438
1772883330588 0.891204101786452 439
1772883330706 0.8914216701599166 440
1772883330806 0.8915073926365429 441
1772883330900 0.8916245555420494 442
1772883330995 0.8917582034707068 443
1772883331100 0.8919170422166882 444
1772883331206 0.8920847392732818 445
1772883331311 0.8922316790652289 446
1772883331414 0.8924189623496672 447
1772883331521 0.8925967339519765 448
1772883331617 0.8927088504559041 449
1772883331721 0.8928255337695731 450
1772883331811 0.8929341488523125 451
1772883331916 0.8930362296632521 452
1772883332041 0.8932187223729552 453
1772883332137 0.8933299872339956 454
1772883332242 0.8934055770528032 455
1772883332342 0.8936029185180548 456
1772883332450 0.8936749783049263 457
1772883332550 0.8936931331047653 458
1772883332657 0.8938294174526195 459
1772883332761 0.8939673188087008 460
1772883332868 0.8941209979346959 461
1772883332960 0.8942696495845094 462
1772883333065 0.8943740188099838 463
1772883333176 0.8945130348719775 464
1772883333288 0.8946628123602902 465
1772883333387 0.8947415922218344 466
1772883333501 0.8949818857673071 467
1772883333611 0.8951271407535738 468
1772883333714 0.895306383193246 469
1772883333812 0.8953858045144394 470
1772883333928 0.8955832155583582 471
1772883334089 0.8957850627154498 472
1772883334194 0.8958330849096597 473
1772883334323 0.895981361725277 474
1772883334432 0.8960945430611283 475
1772883334537 0.8962186935573676 476
1772883334652 0.8964412220548639 477
1772883334767 0.8966315183739092 478
1772883334865 0.896736973694548 479
1772883334974 0.8968732907722073 480
1772883335075 0.8969839489072692 481
1772883335174 0.8970528185400782 482
1772883335282 0.8971912716271594 483
1772883335399 0.8973500804264825 484
1772883335506 0.8974534703182994 485
1772883335612 0.8976077172062192 486
1772883335725 0.8977652731442282 487
1772883335820 0.8978327615569978 488
1772883335924 0.8979352031750744 489
1772883336024 0.8980737032416717 490
1772883336114 0.898148299365785 491
1772883336224 0.8982888341352647 492
1772883336325 0.8984836764461143 493
1772883336436 0.8987059638117811 494
1772883336548 0.8988682994145902 495
1772883336665 0.8990211846758234 496
1772883336762 0.899160950072232 497
1772883336863 0.8992934742775817 498
1772883336966 0.8993667333780249 499
1772883337054 0.89944634161535 500
1772883337172 0.899593108295573 501
1772883337282 0.8997859490786486 502
1772883337376 0.8998860860286139 503
1772883337473 0.9000682324035428 504
1772883337571 0.900287130564496 505
1772883337674 0.9004274468012977 506
1772883337776 0.9006028108703938 507
1772883337867 0.9006999704100297 508
1772883337969 0.900776044051058 509
1772883338084 0.9009627874050384 510
1772883338188 0.9011683329187781 511
1772883338285 0.9012803199507217 512
1772883338406 0.9015242153333152 513
1772883338526 0.9016682561996696 514
1772883338625 0.901800337439392 515
1772883338741 0.9020164208371084 516
1772883338854 0.9022103021830686 517
1772883338980 0.9023983635239957 518
1772883339102 0.9025379918782614 519
1772883339215 0.9027200260367158 520
1772883339334 0.902839759233854 521
1772883339454 0.9029575924324095 522
1772883339553 0.9030282922624822 523
1772883339661 0.9031599304252514 524
1772883339783 0.903337205514191 525
1772883339891 0.9034960895698007 526
1772883340000 0.9036536727826471 527
1772883340111 0.9037419337117067 528
1772883340238 0.9039244968906841 529
1772883340360 0.904169311156989 530
1772883340468 0.9043344489432118 531
1772883340585 0.9044964470059903 532
1772883340699 0.9046632683733091 533
1772883340813 0.904775695810385 534
1772883340916 0.904884156484146 535
1772883341044 0.9050669084717947 536
1772883341141 0.9051793087453589 537
1772883341249 0.9053743886256099 538
1772883341357 0.905562875454003 539
1772883341454 0.9057082084797029 540
1772883341551 0.9058737032879832 541
1772883341650 0.9059378657291318 542
1772883341752 0.9060286740166944 543
1772883341866 0.9061392075781103 544
1772883341978 0.9062954401855309 545
1772883342071 0.9064325541337506 546
1772883342166 0.9065221231417547 547
1772883342269 0.9066611261786219 548
1772883342384 0.9067845559511943 549
1772883342489 0.9069641329250987 550
1772883342592 0.9070601726378322 551
1772883342701 0.9071861504368626 552
1772883342797 0.9072552207902108 553
1772883342896 0.9073405059788292 554
1772883343002 0.9074490558246101 555
1772883343099 0.9076157422649774 556
1772883343199 0.9077045660576237 557
1772883343298 0.9078356276637246 558
1772883343405 0.9079391235377676 559
1772883343496 0.9079913562989425 560
1772883343613 0.9081023875983126 561
1772883343719 0.9082456609841357 562
1772883343813 0.9083172770260989 563
1772883343907 0.9083860653910245 564
1772883344015 0.908513859471585 565
1772883344117 0.9086444600772681 566
1772883344203 0.9087407158735106 567
1772883344292 0.9088807359835044 568
1772883344397 0.9090464939661358 569
1772883344496 0.9092395885721896 570
1772883344608 0.9093037482301914 571
1772883344737 0.9093410131171396 572
1772883344835 0.9094728124797651 573
1772883345032 0.9096254980223917 574
1772883345160 0.9097933029537509 575
1772883345271 0.9099135093971523 576
1772883345388 0.9100569692538036 577
1772883345508 0.9102183176188188 578
1772883345643 0.910345601492928 579
1772883345750 0.910432791689793 580
1772883345871 0.910558481266152 581
1772883346029 0.9107181739928639 582
1772883346152 0.9108099340052687 583
1772883346282 0.9110389394417427 584
1772883346391 0.9111314445581794 585
1772883346494 0.911212259901887 586
1772883346615 0.9113367123138794 587
1772883346734 0.9114824739441696 588
1772883346832 0.9115771332161446 589
1772883346924 0.911631783307209 590
1772883347030 0.9117663511215104 591
1772883347147 0.9119363172219376 592
1772883347238 0.9120317970768829 593
1772883347326 0.9121115317803936 594
1772883347440 0.9122866517118621 595
1772883347523 0.9123411600850969 596
1772883347632 0.912528542004254 597
1772883347729 0.9126318588663018 598
1772883347831 0.9126887909150005 599
1772883347923 0.9127143400902925 600
1772883348026 0.9128764823200696 601
1772883348117 0.9129462481261129 602
1772883348205 0.9130210375119324 603
1772883348304 0.9131989923566197 604
1772883348397 0.913306669073621 605
1772883348502 0.9133692824153218 606
1772883348604 0.9134613722862722 607
1772883348688 0.9135450772041998 608
1772883348773 0.9135959588033195 609
1772883348871 0.9137406458050096 610
1772883348985 0.9138972987789062 611
1772883349092 0.9140256323446211 612
1772883349192 0.9141114657018116 613
1772883349284 0.9141593199052873 614
1772883349382 0.9142540377346687 615
1772883349499 0.9144317766071729 616
1772883349611 0.914585481783421 617
1772883349715 0.9147838879692705 618
1772883349811 0.9149076521647491 619
1772883349927 0.9150342689742595 620
1772883350028 0.9152142922535672 621
1772883350140 0.9152850194698032 622
1772883350235 0.9153245073116759 623
1772883350332 0.9153756894906382 624
1772883350427 0.9154769154302403 625
1772883350532 0.9156249985388479 626
1772883350633 0.9157394916273974 627
1772883350729 0.9158373354871415 628
1772883350841 0.9160157919661883 629
1772883350947 0.9161425637413065 630
1772883351109 0.9162622027567606 631
1772883351221 0.9163813050702071 632
1772883351336 0.9164655999039071 633
1772883351437 0.9165025009779199 634
1772883351561 0.9166105364981924 635
1772883351699 0.9167447133360468 636
1772883351822 0.916849075102688 637
1772883351951 0.9169177837582925 638
1772883352055 0.9170057116003563 639
1772883352159 0.9170905351206016 640
1772883352271 0.917177424737624 641
1772883352395 0.9172951951483902 642
1772883352523 0.9174226659386311 643
1772883352632 0.9175413501121187 644
1772883352749 0.9176655018329426 645
1772883352859 0.9177447314509919 646
1772883352968 0.9178240806330231 647
1772883353077 0.91790836800789 648
1772883353187 0.9179873841029252 649
1772883353277 0.9180825335426954 650
1772883353384 0.918240874328071 651
1772883353473 0.9182884094716102 652
1772883353567 0.9183763905274387 653
1772883353671 0.9185303175761409 654
1772883353771 0.9186539288098774 655
1772883353891 0.9187807730581354 656
1772883353988 0.9188802795697123 657
1772883354095 0.919045975989139 658
1772883354198 0.9190756281906077 659
1772883354319 0.9192501585402814 660
1772883354416 0.9193082723130648 661
1772883354533 0.919407945034162 662
1772883354647 0.9194901449376853 663
1772883354788 0.9196490633929879 664
1772883354921 0.9197898944006014 665
1772883355050 0.9199190114777727 666
1772883355200 0.9200772318085595 667
1772883355305 0.9201849237772046 668
1772883355433 0.9203341325016596 669
1772883355605 0.9205028091145623 670
1772883355733 0.9206056118737534 671
1772883355849 0.9206569815254767 672
1772883355959 0.9207184208245776 673
1772883356062 0.9207950651220034 674
1772883356179 0.9209349842594352 675
1772883356270 0.9210027531020653 676
1772883356375 0.9210816835875083 677
1772883356479 0.9211804781701618 678
1772883356585 0.9213270945604636 679
1772883356690 0.9214010068097721 680
1772883356787 0.9214842636410825 681
1772883356887 0.9215908809811275 682
1772883357001 0.9217101981534984 683
1772883357102 0.9218300724005108 684
1772883357215 0.921933651323651 685
1772883357317 0.9220393316338683 686
1772883357431 0.9221688038405572 687
1772883357530 0.9222937991888058 688
1772883357631 0.9223926501023483 689
1772883357735 0.9224856186683719 690
1772883357853 0.9226011799286211 691
1772883357956 0.9226756976793237 692
1772883358057 0.9227609893248423 693
1772883358146 0.9228283450371777 694
1772883358246 0.9229487169108184 695
1772883358354 0.9230876789797663 696
1772883358470 0.9231745619172367 697
1772883358564 0.9232403572862115 698
1772883358673 0.9233450895453401 699
1772883358781 0.9233905829724672 700
1772883358942 0.923512348979948 701
1772883359064 0.9236357943381418 702
1772883359186 0.923762281786994 703
1772883359287 0.9238453694029857 704
1772883359431 0.9238721003023624 705
1772883359575 0.9239742515825763 706
1772883359713 0.9240790289286813 707
1772883359831 0.9241529135691747 708
1772883359952 0.9241995188077416 709
1772883360101 0.9243088137575546 710
1772883360257 0.9243662778325746 711
1772883360389 0.9244152780245316 712
1772883360576 0.9245308239218111 713
1772883360679 0.9246575341337244 714
1772883360784 0.9247163809873462 715
1772883360894 0.9248553656554452 716
1772883361013 0.9249363072426868 717
1772883361133 0.925042876489957 718
1772883361233 0.9251120809909759 719
1772883361341 0.9252274351851113 720
1772883361468 0.9253157551168809 721
1772883361587 0.9254661052654566 722
1772883361684 0.925564538373018 723
1772883361798 0.9256800539896615 724
1772883361896 0.9258043602307896 725
1772883361996 0.9259014615469966 726
1772883362095 0.9259852445043574 727
1772883362206 0.9261104597211945 728
1772883362315 0.9262147071561697 729
1772883362418 0.9262659529022024 730
1772883362548 0.9264069731637908 731
1772883362647 0.9264677750109738 732
1772883362749 0.9265546475951384 733
1772883362856 0.9266684368815528 734
1772883362958 0.9267333739280883 735
1772883363068 0.9268730149735028 736
1772883363182 0.9270376885308578 737
1772883363268 0.9271131595649647 738
1772883363377 0.9271939536454317 739
1772883363469 0.9272800723308209 740
1772883363563 0.9273214793193253 741
1772883363670 0.9274311288420266 742
1772883363778 0.9274764219939178 743
1772883363887 0.9276274398750475 744
1772883363981 0.9277261127785277 745
1772883364090 0.9278273410559732 746
1772883364187 0.9278788852666568 747
1772883364301 0.9279796734729476 748
1772883364402 0.9280588340689591 749
1772883364497 0.9281585646795075 750
1772883364595 0.9282812621505226 751
1772883364692 0.9284116396591671 752
1772883364797 0.9284827120969186 753
1772883364895 0.9286022645008477 754
1772883364993 0.9286927044111143 755
1772883365090 0.9287493471238831 756
1772883365194 0.9288118886603992 757
1772883365312 0.9289562326670913 758
1772883365417 0.9290576211424602 759
1772883365521 0.9291236138921982 760
1772883365616 0.9291879823975279 761
1772883365715 0.9292478017939291 762
1772883365774 0.9082456609841357 763
1772883398407 0.7292865635684932 0
1772883399253 0.7402025973598483 1
1772883399472 0.7439726457514663 2
1772883399649 0.7467172027770888 3
1772883399894 0.7485539359823804 4
1772883400022 0.7504647578884809 5
1772883400156 0.7523593625101421 6
1772883400288 0.7536430367092551 7
1772883400415 0.7547818251900043 8
1772883400547 0.7559172163392512 9
1772883400688 0.7573082801459529 10
1772883400826 0.7586191801992499 11
1772883401107 0.7597910570656976 12
1772883401252 0.7611127010671525 13
1772883401393 0.7620891224398718 14
1772883401548 0.7630426868307559 15
1772883401713 0.7640630223618444 16
1772883401879 0.764988330243662 17
1772883402025 0.7661138521320932 18
1772883402165 0.7674076390616945 19
1772883402314 0.7683294229231726 20
1772883402462 0.7690805549168791 21
1772883402592 0.7698611720119269 22
1772883402724 0.7705969799999561 23
1772883402871 0.771278388380123 24
1772883403010 0.7722918302795112 25
1772883403135 0.7732395981551202 26
1772883403253 0.7737921200139877 27
1772883403397 0.7744979381491915 28
1772883403529 0.775443429299482 29
1772883403667 0.7762495522640593 30
1772883403789 0.7773351991192503 31
1772883403913 0.778006852904245 32
1772883404045 0.7789470595269256 33
1772883404172 0.7799572441427531 34
1772883404313 0.7806878847179851 35
1772883404456 0.7813242535465872 36
1772883404585 0.7821851832377247 37
1772883404741 0.7827888134665042 38
1772883404880 0.7833774843931487 39
1772883405020 0.7841561147667632 40
1772883405170 0.7850107306113188 41
1772883405299 0.7856881890383768 42
1772883405421 0.7863732251945917 43
1772883405543 0.7871011435183829 44
1772883405669 0.7877349575296491 45
1772883405803 0.7885010848950716 46
1772883405933 0.7893229111525573 47
1772883406052 0.7899889301787626 48
1772883406169 0.790709247172313 49
1772883406289 0.7913038771499992 50
1772883406424 0.7920115279316357 51
1772883406550 0.7926597735604244 52
1772883406670 0.7934639138112995 53
1772883406783 0.7940330854556018 54
1772883406896 0.7946920184790075 55
1772883406994 0.7952577784307708 56
1772883407122 0.7957698965698528 57
1772883407233 0.7964237696099236 58
1772883407374 0.7970424708006832 59
1772883407520 0.797608751757507 60
1772883407657 0.7982195676257376 61
1772883407800 0.7987750054430557 62
1772883407936 0.7993927875274524 63
1772883408088 0.8000077763345047 64
1772883408225 0.8005470899358089 65
1772883408363 0.8013090591687502 66
1772883408504 0.8018099251570887 67
1772883408639 0.802355639884455 68
1772883408759 0.8028525618199557 69
1772883408894 0.8034284869366909 70
1772883409024 0.803951611085023 71
1772883409158 0.8044647586544028 72
1772883409297 0.8049065181771964 73
1772883409427 0.8053800465401797 74
1772883409591 0.805820792106971 75
1772883409735 0.806311666710017 76
1772883409880 0.8068473418479899 77
1772883410026 0.807388597195077 78
1772883410165 0.8079365756226354 79
1772883410300 0.808452641376983 80
1772883410414 0.8087979911398592 81
1772883410523 0.8092141924699655 82
1772883410646 0.80958345625379 83
1772883410766 0.8100639997049953 84
1772883410871 0.8104384974744858 85
1772883410982 0.8108376198579378 86
1772883411083 0.8112221057842708 87
1772883411197 0.811575556173904 88
1772883411305 0.8119657002374585 89
1772883411410 0.8123736967397956 90
1772883411522 0.8128105927694107 91
1772883411637 0.8133249282971239 92
1772883411749 0.813675575056107 93
1772883411862 0.8140375616906173 94
1772883411959 0.8143520749674449 95
1772883412060 0.8146798654125478 96
1772883412166 0.8149642957681248 97
1772883412284 0.8152614117063166 98
1772883412401 0.8156128872863841 99
1772883412525 0.8159334842992253 100
1772883412645 0.8163953281217954 101
1772883412787 0.8168310818366828 102
1772883412909 0.817215027832558 103
1772883413036 0.8176219455872379 104
1772883413151 0.8178923791641313 105
1772883413272 0.8183256994068785 106
1772883413379 0.8187411198973493 107
1772883413505 0.8190321616735523 108
1772883413618 0.819370670795841 109
1772883413739 0.8198805213383256 110
1772883413886 0.8203388941316693 111
1772883413993 0.8206760928371704 112
1772883414101 0.8208699387815046 113
1772883414211 0.8211682070537522 114
1772883414330 0.8215673145195378 115
1772883414444 0.8219073804227592 116
1772883414551 0.8222630004422264 117
1772883414662 0.822591409302524 118
1772883414775 0.8229121303323816 119
1772883414880 0.823330877017125 120
1772883414982 0.8235780669774448 121
1772883415111 0.8239737959258001 122
1772883415230 0.824276525025563 123
1772883415334 0.8245989796218312 124
1772883415439 0.8248042480454862 125
1772883415575 0.8250896378073904 126
1772883415694 0.8254214765063433 127
1772883415810 0.8257907154644993 128
1772883415915 0.8260116127040573 129
1772883416038 0.8263344674054937 130
1772883416139 0.8265426062553195 131
1772883416250 0.8268664435188634 132
1772883416367 0.8272826937210256 133
1772883416473 0.8275827826165121 134
1772883416614 0.827946240311037 135
1772883416730 0.8283478960259324 136
1772883416833 0.8285437794562958 137
1772883416944 0.8288405667605264 138
1772883417048 0.8290608216498283 139
1772883417144 0.8293397876865192 140
1772883417255 0.8297416100562384 141
1772883417364 0.8300371391555132 142
1772883417486 0.8303002541698695 143
1772883417598 0.8305906617226048 144
1772883417705 0.8309629711595156 145
1772883417803 0.8311665733689101 146
1772883417925 0.8314454748365978 147
1772883418029 0.8317299488319149 148
1772883418130 0.8319781144521384 149
1772883418247 0.8322290027691063 150
1772883418359 0.8325600084165918 151
1772883418455 0.8328282621216715 152
1772883418570 0.8331230868621818 153
1772883418675 0.8333972236940616 154
1772883418800 0.8336466142328064 155
1772883418910 0.8338906835064052 156
1772883419029 0.8342190705468328 157
1772883419133 0.8344783026262524 158
1772883419251 0.8348470923845327 159
1772883419358 0.8351373764768807 160
1772883419464 0.8354185145925747 161
1772883419563 0.8356405870993171 162
1772883419700 0.8359505890066855 163
1772883419811 0.836250543309198 164
1772883419916 0.8365135702647931 165
1772883420016 0.8367608116576637 166
1772883420133 0.8370735223460428 167
1772883420244 0.837433719528557 168
1772883420333 0.8376145118469581 169
1772883420454 0.8379043392805972 170
1772883420559 0.8380931732230456 171
1772883420677 0.8384219761769145 172
1772883420777 0.8386408535199305 173
1772883420903 0.8389097267534633 174
1772883421038 0.8391764272400379 175
1772883421145 0.8394704356279612 176
1772883421253 0.8397978994429686 177
1772883421356 0.8400337077805609 178
1772883421453 0.8401325595847103 179
1772883421551 0.8403265377841753 180
1772883421660 0.8405597368660825 181
1772883421770 0.8408262300638917 182
1772883421898 0.841111078893405 183
1772883422007 0.8413076947366515 184
1772883422124 0.8416417606209119 185
1772883422235 0.8419674001389267 186
1772883422352 0.8422229213932012 187
1772883422474 0.8425816193502562 188
1772883422589 0.8429058847730869 189
1772883422683 0.8430142668507854 190
1772883422771 0.8431553062604231 191
1772883422856 0.8432246716273206 192
1772883422958 0.8435245571304469 193
1772883423059 0.8437929664690895 194
1772883423148 0.8439856798953725 195
1772883423245 0.8442307424183622 196
1772883423350 0.8444047591104826 197
1772883423454 0.8446724478367841 198
1772883423563 0.8449347320261904 199
1772883423668 0.8451581486814584 200
1772883423760 0.8453336350976831 201
1772883423862 0.8455855013010721 202
1772883423961 0.8458283318517419 203
1772883424070 0.8461971683668865 204
1772883424169 0.846461179665803 205
1772883424257 0.8466737158873996 206
1772883424357 0.8469576437180102 207
1772883424448 0.8471990940505733 208
1772883424557 0.8475745366427022 209
1772883424657 0.8478815417690403 210
1772883424749 0.8480398468188124 211
1772883424852 0.8482321244043237 212
1772883424955 0.8485138720291429 213
1772883425066 0.8488141380440848 214
1772883425153 0.8490113332271463 215
1772883425286 0.8492433803089753 216
1772883425397 0.8494952278096185 217
1772883425499 0.8498021643592221 218
1772883425612 0.8501617698447499 219
1772883425724 0.8505262831311515 220
1772883425827 0.8507865831596193 221
1772883425916 0.8509788792252246 222
1772883426027 0.8512709359593628 223
1772883426131 0.8515372639495843 224
1772883426243 0.8518844894420039 225
1772883426351 0.852109141369099 226
1772883426451 0.8522746939555046 227
1772883426556 0.8524249623908935 228
1772883426652 0.852624288462387 229
1772883426757 0.852947401662488 230
1772883426850 0.8531624973771069 231
1772883426957 0.8533732768765125 232
1772883427061 0.8536817303523881 233
1772883427171 0.8540022488804926 234
1772883427280 0.8541954950010522 235
1772883427375 0.8543544084466907 236
1772883427474 0.8546235930586754 237
1772883427568 0.8547694032270439 238
1772883427677 0.8551190300184279 239
1772883427769 0.8553910183723885 240
1772883427864 0.8554941364064367 241
1772883427961 0.8556761990643132 242
1772883428053 0.855756165770932 243
1772883428162 0.8560708436987179 244
1772883428265 0.8563077539397479 245
1772883428367 0.8565145595509831 246
1772883428467 0.8567182448094749 247
1772883428598 0.8569297429173559 248
1772883428706 0.857236114710833 249
1772883428804 0.8574225765216943 250
1772883428918 0.8576704219687226 251
1772883429040 0.8578891336588474 252
1772883429135 0.8580635676003198 253
1772883429240 0.8582257378842154 254
1772883429339 0.8584646485397607 255
1772883429445 0.8586327920130833 256
1772883429547 0.8588541219762886 257
1772883429647 0.8590330485844745 258
1772883429741 0.859295386432949 259
1772883429847 0.8595910994425571 260
1772883429944 0.8598204909571401 261
1772883430041 0.860058127822108 262
1772883430128 0.8602247398967957 263
1772883430217 0.8603470929255764 264
1772883430319 0.8606148152722899 265
1772883430424 0.8607463533531042 266
1772883430515 0.8608547401064891 267
1772883430626 0.8611015972024647 268
1772883430731 0.8613128751077795 269
1772883430833 0.8615349876918343 270
1772883430931 0.8617462234046455 271
1772883431026 0.8619227862306841 272
1772883431118 0.8621206371231059 273
1772883431228 0.8624697230934251 274
1772883431326 0.8626519663218588 275
1772883431421 0.8628399259109429 276
1772883431521 0.863026836031073 277
1772883431632 0.8631646447640325 278
1772883431744 0.8634671071270166 279
1772883431842 0.863707839853037 280
1772883431938 0.8639164466054844 281
1772883432044 0.8641026234221245 282
1772883432146 0.8643381355215831 283
1772883432255 0.8645609216271369 284
1772883432373 0.8647696500587576 285
1772883432497 0.8650867326252839 286
1772883432589 0.8652300759237519 287
1772883432694 0.86546036628339 288
1772883432807 0.8656878608051888 289
1772883432911 0.8659306493860065 290
1772883433012 0.8661429694127681 291
1772883433112 0.8664142483983002 292
1772883433215 0.8666542700860042 293
1772883433327 0.86692184581655 294
1772883433432 0.8671497868664038 295
1772883433527 0.8673958451992793 296
1772883433633 0.8675858817950755 297
1772883433731 0.867802284586706 298
1772883433831 0.8679638340062381 299
1772883433918 0.8681219308766377 300
1772883434020 0.8683857050514562 301
1772883434125 0.8685156640861642 302
1772883434223 0.8686109165023619 303
1772883435896 0.8688655679676328 304
1772883435976 0.868905585943287 305
1772883436064 0.8690471846540836 306
1772883436159 0.86924069918131 307
1772883436250 0.8693967356325518 308
1772883436337 0.8695579225750588 309
1772883436441 0.8697536218724372 310
1772883436551 0.869975974920366 311
1772883436643 0.8701948429120091 312
1772883436741 0.8703697545527793 313
1772883436847 0.8705038177269229 314
1772883436950 0.8706867273520001 315
1772883437055 0.8709381092878651 316
1772883437154 0.8711441951773661 317
1772883437256 0.8713932563028688 318
1772883437357 0.8715987763229847 319
1772883437457 0.8717250974509908 320
1772883437560 0.8718650030066668 321
1772883437651 0.8720430938915643 322
1772883437745 0.8722297922698943 323
1772883437831 0.8724338116173147 324
1772883437924 0.8726771047269645 325
1772883438027 0.8728997202812891 326
1772883438118 0.8730865376669715 327
1772883438201 0.8731999124871808 328
1772883438300 0.8733544374671179 329
1772883438399 0.8736352193400356 330
1772883438503 0.87375365225104 331
1772883438599 0.8739746828589874 332
1772883438707 0.8742226883926133 333
1772883438789 0.8743598952979325 334
1772883438887 0.874495342697914 335
1772883438999 0.8746468183510112 336
1772883439089 0.8748472387557834 337
1772883439184 0.875081868709067 338
1772883439284 0.8752766382127991 339
1772883439374 0.8754266607293464 340
1772883439484 0.8755355697123763 341
1772883439589 0.8757381692096813 342
1772883439688 0.875986204355988 343
1772883439787 0.8761626361514804 344
1772883439887 0.8762883888496065 345
1772883439992 0.8764366154572574 346
1772883440103 0.8766642703996315 347
1772883440218 0.8767929220233501 348
1772883440323 0.8769412389162797 349
1772883440447 0.877061177286992 350
1772883440570 0.8773120259719509 351
1772883440694 0.8775247587950297 352
1772883440801 0.877624148859749 353
1772883440911 0.877749270006228 354
1772883441011 0.8778375562062597 355
1772883441108 0.8779968375838908 356
1772883441226 0.8782360838869269 357
1772883441334 0.878359942598067 358
1772883441452 0.8786848212037767 359
1772883441562 0.8788937898766196 360
1772883441672 0.8791070685304273 361
1772883441772 0.8791770572108577 362
1772883441898 0.8794056578664771 363
1772883441996 0.8795569899092052 364
1772883442098 0.8796928517753918 365
1772883442198 0.8798754192960779 366
1772883442312 0.880066212796448 367
1772883442425 0.8802148796979055 368
1772883442542 0.8804586033046852 369
1772883442636 0.880530852011554 370
1772883442741 0.8807736241161433 371
1772883442866 0.8809831112335518 372
1772883442963 0.8811155085274123 373
1772883443084 0.881265585370983 374
1772883443195 0.8813874534642845 375
1772883443314 0.8816548664364118 376
1772883443447 0.8819296568624603 377
1772883443569 0.8821359819912508 378
1772883443676 0.8823084043856211 379
1772883443764 0.8823722772681881 380
1772883443852 0.8825076635502682 381
1772883443974 0.8827462101702263 382
1772883444109 0.8828971206218937 383
1772883444248 0.8830957922086116 384
1772883444350 0.8831666739451519 385
1772883444461 0.8833036569741513 386
1772883444554 0.8834274524521987 387
1772883444653 0.8836292568601571 388
1772883444773 0.8838485701552706 389
1772883444907 0.8840844010920141 390
1772883445020 0.8841832026881973 391
1772883445139 0.88429699175196 392
1772883445258 0.8844774768109664 393
1772883445385 0.8845815066038705 394
1772883445503 0.8846975177319508 395
1772883445644 0.884862059034175 396
1772883445753 0.8849980935667823 397
1772883445869 0.8850650490626235 398
1772883445979 0.8852609981752488 399
1772883446078 0.8854047654026207 400
1772883446184 0.8855462800623872 401
1772883446296 0.8857258317653196 402
1772883446398 0.8858774344412319 403
1772883446499 0.8859914435962348 404
1772883446597 0.8860785822492231 405
1772883446704 0.8862734998163591 406
1772883446807 0.8864886400613251 407
1772883446899 0.8866046241372195 408
1772883446995 0.8867796229461441 409
1772883447081 0.8869055562148274 410
1772883447187 0.8870999681398726 411
1772883447297 0.8872011251687628 412
1772883447419 0.8873695449528888 413
1772883447542 0.8875513691507569 414
1772883447671 0.8876311708724399 415
1772883447787 0.8878495877716674 416
1772883447904 0.8880564051834446 417
1772883448003 0.8882339274158104 418
1772883448101 0.8883594328591844 419
1772883448204 0.8886035677037192 420
1772883448298 0.8888062737398794 421
1772883448393 0.8889554121063862 422
1772883448492 0.889082579422312 423
1772883448613 0.8892512508028989 424
1772883448715 0.8894017112754093 425
1772883448817 0.8895044739572882 426
1772883448914 0.8896131159808875 427
1772883449019 0.8897667009251986 428
1772883449104 0.8898245484065067 429
1772883449216 0.8900752747443371 430
1772883449321 0.8902706087815438 431
1772883449432 0.8904155017360891 432
1772883449522 0.8904746352538199 433
1772883449638 0.8906902739046951 434
1772883449737 0.8907843378059302 435
1772883449847 0.8909629138489589 436
1772883449945 0.8910311127434155 437
1772883450044 0.8911167144314754 438
1772883450140 0.8912079307283428 439
1772883450239 0.8913445292377954 440
1772883450347 0.8915272106448441 441
1772883450442 0.8916077289711369 442
1772883450563 0.8917468562476725 443
1772883450662 0.8919454377717634 444
1772883450764 0.8921247393254713 445
1772883450887 0.8923720323735445 446
1772883450981 0.8924572380754934 447
1772883451095 0.8925840864428084 448
1772883451191 0.8927370721199741 449
1772883451310 0.892866854703182 450
1772883451408 0.89294996046529 451
1772883451521 0.8931002143169902 452
1772883451622 0.8932709693838412 453
1772883451715 0.8934118495974882 454
1772883451877 0.8935808218918952 455
1772883451979 0.8937812260430907 456
1772883452082 0.8939539978893595 457
1772883452184 0.8941388772030125 458
1772883452293 0.8942866113050252 459
1772883452384 0.894383324316606 460
1772883452493 0.8945928644251274 461
1772883452607 0.8946871878269599 462
1772883452713 0.8948649812491392 463
1772883452822 0.8951645026053526 464
1772883452909 0.8952810926279445 465
1772883453005 0.8953940134612657 466
1772883453102 0.8955550257334864 467
1772883453205 0.89569324303238 468
1772883453315 0.8957936058625307 469
1772883453416 0.8959311760241558 470
1772883453529 0.8960427963486914 471
1772883453630 0.8961822275448456 472
1772883453723 0.8963000459370607 473
1772883453836 0.8965247425058287 474
1772883453926 0.8966036225606537 475
1772883454018 0.8966844662924577 476
1772883454122 0.8968092480063663 477
1772883454237 0.8969007196847739 478
1772883454331 0.8970321179402985 479
1772883454425 0.8971290798765194 480
1772883454534 0.8972438890192069 481
1772883454628 0.8974947709906004 482
1772883454730 0.8976944495197907 483
1772883454853 0.8978362835734714 484
1772883454979 0.89807354649485 485
1772883455081 0.8981655113468512 486
1772883455176 0.898285309669622 487
1772883455277 0.8984367726315703 488
1772883455372 0.8985381114556024 489
1772883455455 0.898604392984641 490
1772883455560 0.8987001241020695 491
1772883455681 0.8987924366247552 492
1772883455777 0.8988519549960103 493
1772883455863 0.8989631506123611 494
1772883455967 0.8991784887947196 495
1772883456077 0.8993177151512773 496
1772883456173 0.8994141178976651 497
1772883456271 0.8995489370857757 498
1772883456375 0.8996378452634297 499
1772883456537 0.8998142501180622 500
1772883456642 0.8999428612191651 501
1772883456744 0.9001015729423316 502
1772883456845 0.9002061603665065 503
1772883456954 0.9003936618496453 504
1772883457061 0.9005684246477306 505
1772883457167 0.9006628275362325 506
1772883457284 0.9007341383226666 507
1772883457387 0.9007732223856174 508
1772883457522 0.900885163996607 509
1772883457636 0.9009881354144876 510
1772883457744 0.90109436812366 511
1772883457836 0.9011961357749341 512
1772883457971 0.9014323565748659 513
1772883458092 0.901574126393521 514
1772883458209 0.9016532796420251 515
1772883458309 0.9016677796136304 516
1772883458456 0.9018400904594813 517
1772883458564 0.9019287307870979 518
1772883458662 0.9020776835733832 519
1772883458768 0.9022005795384204 520
1772883458890 0.9023870397907194 521
1772883458971 0.9024382513597108 522
1772883459076 0.9026143416074414 523
1772883459173 0.9027941123996813 524
1772883459274 0.902933349666174 525
1772883459381 0.9031021694441425 526
1772883459488 0.9032300158478607 527
1772883459593 0.9034112980000794 528
1772883459683 0.9035153974829765 529
1772883459788 0.903594348563705 530
1772883459877 0.9037059470683707 531
1772883459975 0.9037622811858345 532
1772883460075 0.9039071921751701 533
1772883460165 0.9039809828566313 534
1772883460277 0.904192122161241 535
1772883460398 0.9044105629955301 536
1772883460494 0.9044881911909738 537
1772883460594 0.9046310702605739 538
1772883460700 0.9047939171830929 539
1772883460813 0.9049673333834835 540
1772883460910 0.9050951713264357 541
1772883461013 0.9052010578121599 542
1772883461097 0.9053211848802176 543
1772883461207 0.905535470365172 544
1772883461297 0.9056267395418265 545
1772883461450 0.9057702192144823 546
1772883461559 0.9059335443929286 547
1772883461646 0.9060302797810088 548
1772883461746 0.9062020443508274 549
1772883461844 0.9062901396269961 550
1772883461939 0.9064004109046679 551
1772883462032 0.9064649190126356 552
1772883462130 0.9065890908834414 553
1772883462241 0.9068158462014793 554
1772883462343 0.9069335171982457 555
1772883462447 0.9071067425860991 556
1772883462547 0.9072250690695741 557
1772883462640 0.9073063997407229 558
1772883462735 0.9074249679126565 559
1772883462832 0.9075445383513762 560
1772883462922 0.9075847982381408 561
1772883463017 0.9077161574182858 562
1772883463125 0.9078405371344865 563
1772883463233 0.9080052428650172 564
1772883463343 0.9082433151254533 565
1772883463457 0.9083596730336112 566
1772883463578 0.9084202966480801 567
1772883463704 0.9085383510511346 568
1772883463807 0.908639117771533 569
1772883463926 0.9087338860315324 570
1772883464048 0.9088627688790781 571
1772883464146 0.9089360599300454 572
1772883464238 0.9090065844218765 573
1772883464330 0.9090685860279347 574
1772883464431 0.9092150686045437 575
1772883464532 0.9093175386107165 576
1772883464655 0.9094661635423218 577
1772883464754 0.9095693061793868 578
1772883464874 0.9096752570114623 579
1772883464978 0.9098019676686792 580
1772883465105 0.9099676906949881 581
1772883465233 0.910131926185054 582
1772883465338 0.9102947566313446 583
1772883465456 0.9104761309613817 584
1772883465600 0.9106182423277986 585
1772883465706 0.9107150707843041 586
1772883465889 0.9107803454821961 587
1772883466029 0.9108333380424175 588
1772883466138 0.910981462452922 589
1772883466261 0.9110628891982947 590
1772883466363 0.9111703846767834 591
1772883466477 0.9112358204632058 592
1772883466579 0.9113378528473931 593
1772883466687 0.9114936960369286 594
1772883466795 0.9116094926400621 595
1772883466909 0.9117037008196216 596
1772883467023 0.9118303893229908 597
1772883467122 0.9119463928809121 598
1772883467245 0.9120030475055487 599
1772883467395 0.9121397464309339 600
1772883467540 0.9122758524347482 601
1772883467683 0.912381676132683 602
1772883467808 0.9125821599931997 603
1772883467928 0.9127333585562125 604
1772883468037 0.9128317768574334 605
1772883468169 0.9129934162282665 606
1772883468270 0.9130891349885236 607
1772883468393 0.9132385879619322 608
1772883468522 0.9133653335754716 609
1772883468642 0.9134052663868371 610
1772883468743 0.9135120268919479 611
1772883468865 0.9136994019089011 612
1772883468977 0.9138144118834539 613
1772883469085 0.91390486904923 614
1772883469202 0.9140603062333263 615
1772883469306 0.9141440848489782 616
1772883469419 0.9143110253349754 617
1772883469546 0.9145044867597629 618
1772883469636 0.9145789845831351 619
1772883469727 0.9146777409810161 620
1772883469825 0.914880517152473 621
1772883469923 0.9149927287286915 622
1772883470026 0.9151386602422557 623
1772883470150 0.9153330209574019 624
1772883470256 0.9153963178399298 625
1772883470352 0.9154732746290659 626
1772883470466 0.9155756586916689 627
1772883470586 0.9157064818377614 628
1772883470677 0.9157578734206806 629
1772883470774 0.9158319716955139 630
1772883470872 0.9159164141473144 631
1772883470975 0.9160480468551162 632
1772883471077 0.9161963043000324 633
1772883471169 0.9162481259347782 634
1772883471270 0.916404449161455 635
1772883471377 0.9165214312737526 636
1772883471485 0.9166805213935432 637
1772883471586 0.916766647983069 638
1772883471676 0.9168813108435665 639
1772883471774 0.9170058036668488 640
1772883471870 0.9170984198865013 641
1772883471968 0.917177759383182 642
1772883472084 0.9173695455763137 643
1772883472214 0.9175177211967173 644
1772883472331 0.9176188161057733 645
1772883472449 0.9178292604029915 646
1772883472558 0.9179677129334434 647
1772883472677 0.9181151721718889 648
1772883472785 0.9182325922401497 649
1772883472888 0.9182994944109004 650
1772883473000 0.9184724421520399 651
1772883473102 0.9185808054156668 652
1772883473191 0.9186283858688341 653
1772883473298 0.9186680985889594 654
1772883473400 0.9187640347686359 655
1772883473501 0.9188738304622014 656
1772883473626 0.9189699828367128 657
1772883473722 0.9190511447378464 658
1772883473840 0.9192579530209024 659
1772883473984 0.919414423643028 660
1772883474092 0.919478447038168 661
1772883474229 0.9195939948279872 662
1772883474333 0.9196319571714959 663
1772883474470 0.9197541159366377 664
1772883474583 0.9198808078911088 665
1772883474671 0.91991955519331 666
1772883474758 0.9199817815662951 667
1772883474855 0.9200711929368707 668
1772883474948 0.9201417995871921 669
1772883475601 0.920271231493917 670
1772883475705 0.920323214439845 671
1772883475829 0.9204858865807518 672
1772883475939 0.920656271600419 673
1772883476046 0.9208180594799594 674
1772883476171 0.9209186673383446 675
1772883476306 0.921042335014296 676
1772883476508 0.9211349271875612 677
1772883476682 0.9211777582565642 678
1772883476874 0.9213088458015922 679
1772883477053 0.9214744802125105 680
1772883477222 0.9215707971266545 681
1772883477405 0.9216835003179044 682
1772883477537 0.9217503850104938 683
1772883477688 0.9219439138987572 684
1772883477843 0.9220672419194865 685
1772883477976 0.9221176822228669 686
1772883478134 0.9222263960516509 687
1772883478290 0.9223165892637948 688
1772883478429 0.9223996060765346 689
1772883478600 0.922478051069869 690
1772883478783 0.9226366848649281 691
1772883478933 0.9226864735780054 692
1772883479081 0.9228206114518062 693
1772883479225 0.9229652844264369 694
1772883479335 0.9230191923079418 695
1772883479469 0.9231358995566723 696
1772883479616 0.9232466230400185 697
1772883479782 0.9233667489948176 698
1772883479932 0.9234745475023179 699
1772883480054 0.9235928359123462 700
1772883480172 0.9236691912078197 701
1772883480302 0.9237763021667617 702
1772883480425 0.9238463369361012 703
1772883480556 0.9239613619396461 704
1772883480696 0.9240947178605526 705
1772883480850 0.9242494965521422 706
1772883480972 0.9243177443186547 707
1772883481095 0.9244221911382587 708
1772883481221 0.9245026173980592 709
1772883481350 0.9245699372634651 710
1772883481486 0.9246160241687924 711
1772883481612 0.9247243695089545 712
1772883481751 0.9248101482051441 713
1772883481889 0.9249676413553636 714
1772883482020 0.9250476173020294 715
1772883482154 0.9251805804652751 716
1772883482288 0.9253569237567028 717
1772883482421 0.9254498781843412 718
1772883482565 0.9255869111986551 719
1772883482708 0.9257226427022507 720
1772883482837 0.9257810056223259 721
1772883482981 0.9258879237648652 722
1772883483126 0.9260092033896304 723
1772883483242 0.9260707142712642 724
1772883483416 0.9262038565578308 725
1772883483637 0.9262563704168214 726
1772883483875 0.926368767907239 727
1772883484002 0.926415830583796 728
1772883484180 0.9265067672300837 729
1772883484580 0.9266148733309564 730
1772883484788 0.9267030055673131 731
1772883484970 0.9268592884940259 732
1772883485095 0.9269743329795976 733
1772883485231 0.9270823234128938 734
1772883485386 0.9271997627405297 735
1772883485555 0.9272782202023613 736
1772883485675 0.9273015493172013 737
1772883485829 0.927474362465367 738
1772883486002 0.9275874821266876 739
1772883486129 0.9276735362430736 740
1772883486275 0.9277714782922328 741
1772883486415 0.9279579068166597 742
1772883486565 0.9280841291986212 743
1772883486707 0.9281868534730756 744
1772883486865 0.9282949528943962 745
1772883487021 0.928339785602499 746
1772883487204 0.9284119830994686 747
1772883487379 0.9285683684459796 748
1772883487512 0.9287025790155718 749
1772883487660 0.9288097132416201 750
1772883487815 0.9289173148136607 751
1772883487928 0.9289809539119057 752
1772883488043 0.9290558375907351 753
1772883488186 0.929152443729483 754
1772883488307 0.9292831556610337 755
1772883488430 0.9293668060292861 756
1772883488549 0.9295028619364599 757
1772883488675 0.9296224775734819 758
1772883488815 0.9297067436851081 759
1772883489053 0.9298070769025779 760
1772883489205 0.9298893033016576 761
1772883489366 0.9300014445199278 762
1772883489493 0.9300706214121315 763
1772883489624 0.9301909495347062 764
1772883489765 0.9303458906507365 765
1772883489902 0.9304497684838312 766
1772883490033 0.930528955798051 767
1772883490173 0.9306223399435383 768
1772883490310 0.9307463158808171 769
1772883490449 0.9308844264182037 770
1772883490602 0.9310117222041807 771
1772883490726 0.9311094469452464 772
1772883490883 0.9312462989436996 773
1772883491010 0.9313149249955104 774
1772883491155 0.931440587185706 775
1772883491378 0.9315391084633545 776
1772883491523 0.9316087234228472 777
1772883491660 0.9316964395231108 778
1772883491791 0.931751003893257 779
1772883491923 0.9318555876436784 780
1772883492069 0.9319563536961214 781
1772883492179 0.932013641542293 782
1772883492307 0.9320983072024581 783
1772883492439 0.9321869446356021 784
1772883492545 0.9322616183538451 785
1772883492668 0.9323820384315865 786
1772883492802 0.9325003189374781 787
1772883492927 0.9325920348648393 788
1772883493063 0.9327468318138711 789
1772883493204 0.9328488448273573 790
1772883493341 0.9329778035991448 791
1772883493482 0.9330250777948502 792
1772883493600 0.9331158402161553 793
1772883493705 0.9332013700990306 794
1772883493815 0.9332715206472725 795
1772883493931 0.93332883042464 796
1772883494050 0.9334155626268856 797
1772883494173 0.9335390024187861 798
1772883494301 0.9336193141242686 799
1772883494408 0.9336922940194359 800
1772883494536 0.9337775577221618 801
1772883494663 0.9338468058629207 802
1772883494765 0.9339340183249591 803
1772883494894 0.9340370318240178 804
1772883495028 0.9340877130365757 805
1772883495151 0.9341930165087311 806
1772883495273 0.9342607888024631 807
1772883495385 0.9343168768897594 808
1772883495494 0.9343480355528688 809
1772883495602 0.9344161161079282 810
1772883495718 0.9344804315108189 811
1772883495837 0.9346288243279902 812
1772883495940 0.9346623264006129 813
1772883496057 0.9347170105573928 814
1772883496168 0.9347489095375218 815
1772883496270 0.934873338459756 816
1772883496368 0.9349056559138214 817
1772883496478 0.9349754445416676 818
1772883496575 0.9350273879669125 819
1772883496698 0.9351224849721991 820
1772883496808 0.9351986972139326 821
1772883496902 0.9352538378067696 822
1772883496989 0.9352814818009125 823
1772883497110 0.935342583448657 824
1772883497217 0.9354106975128025 825
1772883497336 0.935502862194736 826
1772883497448 0.9356008354151382 827
1772883497565 0.9356500834184764 828
1772883497690 0.9357637280925889 829
1772883497795 0.9357975965386419 830
1772883497895 0.935854166666945 831
1772883498015 0.9358837221262348 832
1772883498128 0.9360033148301281 833
1772883498257 0.9361144390865976 834
1772883498384 0.936222799344426 835
1772883498485 0.9362786442960275 836
1772883498585 0.9363371834449511 837
1772883498748 0.936432131273575 838
1772883498929 0.9365778175362528 839
1772883499047 0.9366491145182794 840
1772883499147 0.9366995817625198 841
1772883499250 0.9367788382101032 842
1772883499342 0.9368738067453385 843
1772883499437 0.9369042677292355 844
1772883499558 0.9370186619604146 845
1772883499675 0.9371463954797031 846
1772883499784 0.9372422872403585 847
1772883499871 0.9373171881746973 848
1772883499961 0.937397189503661 849
1772883500058 0.9374901206641931 850
1772883500157 0.9375700860349016 851
1772883500258 0.9377257671339739 852
1772883500368 0.9378197694720042 853
1772883500474 0.9378856786160157 854
1772883500575 0.9379809038687017 855
1772883500687 0.9380817374959465 856
1772883500791 0.9382075131272012 857
1772883500883 0.9382693505276046 858
1772883500981 0.9383392907812825 859
1772883501076 0.9383893411101487 860
1772883501193 0.9384678662581079 861
1772883501294 0.938559492234168 862
1772883501416 0.9386089199174565 863
1772883501517 0.9387038085207189 864
1772883501642 0.9387963300020582 865
1772883501743 0.9388939775942976 866
1772883501842 0.9389736038664133 867
1772883501942 0.9390508379682856 868
1772883502032 0.9391356231924325 869
1772883502135 0.9392013745876896 870
1772883502247 0.9392734059864648 871
1772883502356 0.9393573267652496 872
1772883502472 0.9394240797593377 873
1772883502591 0.9395969379944797 874
1772883502717 0.9396911534102206 875
1772883502841 0.9397762853031192 876
1772883502943 0.939859735173484 877
1772883503059 0.9399900761672438 878
1772883503165 0.9400446544531236 879
1772883503256 0.9400901064670278 880
1772883503344 0.9401302029274188 881
1772883503460 0.9402440464295307 882
1772883503567 0.940332240451744 883
1772883503676 0.940418000222536 884
1772883503782 0.940499709958264 885
1772883503891 0.9405873661652109 886
1772883503989 0.940679365528231 887
1772883504084 0.9407531104547605 888
1772883504391 0.9223165892637948 889
1772883531161 0.7306932460604436 0
1772883531594 0.7421827060367837 1
1772883531823 0.7467716682898646 2
1772883532130 0.7489276591464841 3
1772883532300 0.7515140479418259 4
1772883532455 0.7536180567431242 5
1772883532603 0.7550680049202649 6
1772883532758 0.7567411010120292 7
1772883532946 0.7578182565979936 8
1772883533068 0.7587749762979435 9
1772883533207 0.7595379135093037 10
1772883533337 0.761373271172175 11
1772883533470 0.76258562768265 12
1772883533613 0.7636442187895827 13
1772883533766 0.7646301335869888 14
1772883533912 0.765839926040081 15
1772883534034 0.766901768641629 16
1772883534174 0.7677914721731398 17
1772883534292 0.7686507514582899 18
1772883534437 0.7701842344474323 19
1772883534581 0.7710425234889899 20
1772883534698 0.7717245201150413 21
1772883534824 0.7724440122952385 22
1772883534939 0.7731291836010566 23
1772883535105 0.7737437873319329 24
1772883535235 0.7746488548351075 25
1772883535382 0.7756296133523034 26
1772883535519 0.7764720503695937 27
1772883535668 0.777144435231561 28
1772883535786 0.7778828146244803 29
1772883535900 0.7784924995332217 30
1772883536026 0.7791199606225266 31
1772883536153 0.780076367051485 32
1772883536272 0.780755657011717 33
1772883536388 0.7813635726184446 34
1772883536520 0.7821384517556238 35
1772883536651 0.7829376499172579 36
1772883536804 0.7836869121930178 37
1772883536944 0.7843241937824085 38
1772883537104 0.7850816549856664 39
1772883537275 0.7854066502608853 40
1772883537431 0.7861213139042263 41
1772883537555 0.7869156161768545 42
1772883537675 0.7876375667661862 43
1772883537819 0.7884446849840201 44
1772883537958 0.7890142547296249 45
1772883538076 0.7896937871575966 46
1772883538188 0.7905373417752718 47
1772883538304 0.7912060178159596 48
1772883538420 0.791890091448723 49
1772883538553 0.7925328556144421 50
1772883538659 0.7931706712340196 51
1772883538766 0.793875541206809 52
1772883538881 0.7945276518470696 53
1772883538994 0.7951867100007505 54
1772883539105 0.7958779505702194 55
1772883539207 0.796520285352067 56
1772883539325 0.7971082362229998 57
1772883539464 0.7977008709071607 58
1772883539570 0.7982813279886408 59
1772883539685 0.7988259330197587 60
1772883539787 0.7993557179060761 61
1772883539908 0.799991292201961 62
1772883540024 0.8005759490517969 63
1772883540130 0.8011778530616731 64
1772883540259 0.8015674977173856 65
1772883540374 0.8021006085753238 66
1772883540486 0.8025964889460071 67
1772883540602 0.8031518316910341 68
1772883540779 0.8036828431657609 69
1772883540911 0.8041938497160547 70
1772883541043 0.8046889935547978 71
1772883541167 0.8050961055731167 72
1772883541307 0.8056238342706593 73
1772883541559 0.8060639922595213 74
1772883541690 0.8065025730948169 75
1772883541821 0.806855923402495 76
1772883541967 0.8071972202358347 77
1772883542176 0.8076511075986464 78
1772883542315 0.8081454115950442 79
1772883542458 0.8085453700357619 80
1772883542604 0.8090360302251868 81
1772883542741 0.809577506776773 82
1772883542875 0.8100404138727046 83
1772883543018 0.8104805359033115 84
1772883543172 0.8109090080158499 85
1772883543297 0.8112839137946452 86
1772883543415 0.8116528086445445 87
1772883543565 0.8121412357483908 88
1772883543715 0.8125276395967711 89
1772883543835 0.8128392941366442 90
1772883543969 0.8132515929384613 91
1772883544095 0.813715222427948 92
1772883544246 0.814095194201675 93
1772883544392 0.8144883848089227 94
1772883544521 0.8147948445498353 95
1772883544642 0.8152104414918063 96
1772883544775 0.8155821723681831 97
1772883545040 0.8159190539062873 98
1772883545290 0.8163487333478601 99
1772883545459 0.816679047439056 100
1772883545618 0.817028060379606 101
1772883545760 0.8173789917988327 102
1772883545909 0.8177791829106137 103
1772883546049 0.8181832743241666 104
1772883546181 0.8183930147079239 105
1772883546321 0.8187258683648119 106
1772883546452 0.819082095555561 107
1772883546592 0.8194386123048918 108
1772883546712 0.8197942101705112 109
1772883546840 0.820067268032082 110
1772883546960 0.8203492085846298 111
1772883547098 0.8207549458398096 112
1772883547238 0.8209800200259205 113
1772883547379 0.8213453950858634 114
1772883547521 0.8216309772188667 115
1772883547650 0.8219675177658384 116
1772883547789 0.8223152993309667 117
1772883547917 0.8226395312447113 118
1772883548089 0.8230659718828175 119
1772883548225 0.8234490711341435 120
1772883548360 0.823792604170186 121
1772883548514 0.8242301338666395 122
1772883548647 0.8245903966200897 123
1772883548802 0.8249750223717124 124
1772883548929 0.8253190809771759 125
1772883549080 0.8257235024719263 126
1772883549215 0.8260748420117836 127
1772883549365 0.8264794518699021 128
1772883549500 0.8267845919539799 129
1772883549636 0.8271409885826996 130
1772883549767 0.8274753402404622 131
1772883549891 0.8278905539987969 132
1772883550106 0.8282270315353275 133
1772883550233 0.8283976218398944 134
1772883550362 0.8287982672725412 135
1772883550490 0.8291292789316237 136
1772883550608 0.8294671501566909 137
1772883550734 0.8298646392783391 138
1772883550834 0.8301091595330276 139
1772883550964 0.8305070247134565 140
1772883551151 0.8307820283285413 141
1772883551274 0.8310808732687831 142
1772883551382 0.8312654397567482 143
1772883551516 0.8316386156428865 144
1772883551617 0.8319560759380817 145
1772883551754 0.8322941241712786 146
1772883551859 0.832580913744642 147
1772883552002 0.8328370403889847 148
1772883552130 0.833126183057212 149
1772883552249 0.8334580155219163 150
1772883552437 0.8337929223617808 151
1772883552600 0.8341359687924559 152
1772883552739 0.8343984103966391 153
1772883552877 0.8347026498544479 154
1772883552984 0.8348910317025479 155
1772883553091 0.8351971599150266 156
1772883553195 0.8354597801972273 157
1772883553308 0.8357556158879416 158
1772883553420 0.8360328775255993 159
1772883553531 0.83623184267863 160
1772883553637 0.8364669565654602 161
1772883553739 0.8367597207754869 162
1772883553847 0.8370861949035312 163
1772883553967 0.8374045112946483 164
1772883554081 0.8376783600151826 165
1772883554223 0.8381211655558282 166
1772883554332 0.8383679362629305 167
1772883554515 0.8385560330054835 168
1772883554671 0.8387981830211246 169
1772883554809 0.8389785312606398 170
1772883554939 0.839131175946673 171
1772883555067 0.8394295890538743 172
1772883555197 0.8396994153481598 173
1772883555313 0.8399482984636002 174
1772883555430 0.8402663491198713 175
1772883555585 0.8403502507506069 176
1772883555899 0.8405986683012688 177
1772883556009 0.8409309166794146 178
1772883556138 0.8411738742528994 179
1772883556256 0.8413204114905092 180
1772883556376 0.8416752848473823 181
1772883556484 0.8418884616380211 182
1772883556649 0.8421844614230642 183
1772883556868 0.8423986309064646 184
1772883556993 0.842602178566184 185
1772883557146 0.8429769049990066 186
1772883557264 0.8432706944089482 187
1772883557377 0.8435506189613593 188
1772883557510 0.8437581160175582 189
1772883557654 0.8440999899641957 190
1772883557783 0.8444172040065716 191
1772883557915 0.844668531726739 192
1772883558041 0.8449502915974036 193
1772883558157 0.8452846129745303 194
1772883558290 0.8455121374429874 195
1772883558517 0.8457172426629206 196
1772883558648 0.8458648243598205 197
1772883558772 0.8460813928043421 198
1772883558868 0.846320618178115 199
1772883558992 0.8464898636662012 200
1772883559119 0.8467181866751068 201
1772883559236 0.8469092431271762 202
1772883559406 0.8470698992679465 203
1772883559551 0.8473515109638813 204
1772883559681 0.847636918760576 205
1772883559811 0.8478326310830808 206
1772883559944 0.8480372568225023 207
1772883560061 0.8482620346591536 208
1772883560171 0.8486050617191278 209
1772883560286 0.8487796418314643 210
1772883560432 0.8491485719716635 211
1772883560536 0.8494342827973699 212
1772883560646 0.8495659408874694 213
1772883560749 0.8498416106765462 214
1772883560868 0.8501408524935059 215
1772883560964 0.850416920606537 216
1772883561159 0.8507380795923578 217
1772883561324 0.8510822407289454 218
1772883561421 0.8512439574712565 219
1772883561536 0.8515457429729654 220
1772883561626 0.8517051465863991 221
1772883561731 0.8519602892213979 222
1772883561865 0.8522740907919538 223
1772883561974 0.8525058607836984 224
1772883562100 0.8528368835753676 225
1772883562203 0.8531094361288252 226
1772883562304 0.8532847398593011 227
1772883562413 0.8534515596680577 228
1772883562537 0.8537190130514751 229
1772883562643 0.8540330638806487 230
1772883562744 0.8542313763301176 231
1772883562851 0.8544947542961732 232
1772883562975 0.8547681968999424 233
1772883563077 0.8549352215482955 234
1772883563225 0.8552131833143347 235
1772883563432 0.855457456425597 236
1772883563549 0.8556493480443254 237
1772883563669 0.8558904233200404 238
1772883563777 0.8561645052682674 239
1772883563913 0.8563518738283203 240
1772883563997 0.8564692786449373 241
1772883564120 0.8567485394725256 242
1772883564238 0.8569061085469869 243
1772883564351 0.8571745478322879 244
1772883564485 0.8574638372280087 245
1772883564584 0.8576556361122892 246
1772883564676 0.8578807981345098 247
1772883564774 0.8581085449207245 248
1772883564857 0.8581715443405342 249
1772883564956 0.8583771287070017 250
1772883565042 0.8584562033594433 251
1772883565141 0.8586041251568687 252
1772883565243 0.8588594449113228 253
1772883565455 0.85908292624692 254
1772883565574 0.8593329210624743 255
1772883565689 0.8595320927249894 256
1772883565802 0.8597384886570318 257
1772883565921 0.8600024487460493 258
1772883566043 0.8602616504335071 259
1772883566160 0.8604557805927815 260
1772883566264 0.8606625730675643 261
1772883566397 0.860938157915004 262
1772883566528 0.8612122023464135 263
1772883566636 0.8614328759323034 264
1772883566748 0.8616564914155711 265
1772883566861 0.8619253903653794 266
1772883566999 0.8621626628607826 267
1772883567141 0.862380326306538 268
1772883567262 0.862564577519646 269
1772883567392 0.8628270313696746 270
1772883567507 0.863036362964846 271
1772883567629 0.8632447892580619 272
1772883567755 0.8634584252679047 273
1772883567875 0.863732257178233 274
1772883567979 0.8638620465523187 275
1772883568080 0.8640283833181358 276
1772883568259 0.864267664800146 277
1772883568413 0.8645629642341559 278
1772883568512 0.8647058021131849 279
1772883568649 0.8650274072930831 280
1772883568749 0.8652027182597405 281
1772883568868 0.8653913627255622 282
1772883568973 0.8655852509737262 283
1772883569096 0.8657544618394675 284
1772883569243 0.8660072366845879 285
1772883569336 0.8661687920043909 286
1772883569442 0.8663860859595918 287
1772883569541 0.8665883735218157 288
1772883569638 0.8666838140787296 289
1772883569730 0.8667592745368792 290
1772883569855 0.8669174238417624 291
1772883569968 0.8671028001140886 292
1772883570076 0.8673736127555611 293
1772883570182 0.867591949500164 294
1772883570292 0.86778772483311 295
1772883570441 0.8679286272006046 296
1772883570594 0.8681091289584912 297
1772883570689 0.8682991658882651 298
1772883570817 0.8685167243537274 299
1772883570905 0.8686387803650933 300
1772883571022 0.8688724872042827 301
1772883571110 0.8689480391722954 302
1772883571207 0.8691054022939015 303
1772883571335 0.869353351830616 304
1772883571444 0.869479778940848 305
1772883571546 0.8697056752684914 306
1772883571660 0.8699997896386406 307
1772883571758 0.8701288542813281 308
1772883571861 0.8702772734827301 309
1772883571980 0.8705118926374045 310
1772883572157 0.8706907412061571 311
1772883572284 0.8709151170451005 312
1772883572391 0.8710978109206463 313
1772883572485 0.8712365510058143 314
1772883572590 0.8714190764453225 315
1772883572704 0.8715434854402264 316
1772883572804 0.8716862406041357 317
1772883572915 0.8719075405093569 318
1772883573010 0.87213703789484 319
1772883573111 0.8722777713809934 320
1772883573202 0.8724172895226502 321
1772883573300 0.8726377437965809 322
1772883573390 0.8727832907905984 323
1772883573472 0.8728415940400085 324
1772883573566 0.8729165476314827 325
1772883573658 0.8730673509876655 326
1772883573766 0.8733152244888124 327
1772883573861 0.8735139161141865 328
1772883573964 0.8737273575264126 329
1772883574081 0.8739000245037141 330
1772883574201 0.8741539925394837 331
1772883574300 0.8742844603334067 332
1772883574396 0.8744157522727276 333
1772883574530 0.8746098321127098 334
1772883574667 0.8747877862894419 335
1772883574769 0.8749400727288331 336
1772883574872 0.8751340792050685 337
1772883574965 0.8752703228076552 338
1772883575065 0.8754261934946801 339
1772883575171 0.8755233039396083 340
1772883575279 0.875662934743043 341
1772883575380 0.8758701995734821 342
1772883575480 0.8760165394303288 343
1772883575577 0.8761878468961348 344
1772883575663 0.8763140234118388 345
1772883575786 0.8765429357798876 346
1772883575903 0.876802411217654 347
1772883576023 0.8770182584932051 348
1772883576125 0.8772476300804578 349
1772883576223 0.8773867158324448 350
1772883576321 0.8775330881964447 351
1772883576435 0.8776866770371611 352
1772883576537 0.877841149248637 353
1772883576654 0.8779855040539382 354
1772883576754 0.878183787113378 355
1772883576860 0.8783363261511627 356
1772883576979 0.8785390878502568 357
1772883577148 0.878665440928787 358
1772883577267 0.8789683904537676 359
1772883577373 0.8791175108968097 360
1772883577505 0.8793373488707373 361
1772883577627 0.8795160313412954 362
1772883577733 0.8796842314794847 363
1772883577821 0.8797599896230042 364
1772883577918 0.8798844206604298 365
1772883578010 0.8800027559386483 366
1772883578114 0.8801583888336201 367
1772883578217 0.8803727862010714 368
1772883578333 0.8806057247804484 369
1772883578442 0.8808005791144915 370
1772883578537 0.8809148119231626 371
1772883578638 0.881036372979721 372
1772883578749 0.8811819433521707 373
1772883578846 0.8813219686944802 374
1772883578960 0.8814900214372208 375
1772883579059 0.8816551783714929 376
1772883579245 0.8819028376816705 377
1772883579345 0.8821148851827083 378
1772883579442 0.8822722172443974 379
1772883579534 0.8824054762004733 380
1772883579637 0.8825808353712312 381
1772883579727 0.882704023455345 382
1772883579829 0.8828925603803786 383
1772883579925 0.8829459787620436 384
1772883580037 0.8831114177960643 385
1772883580130 0.8832875952119492 386
1772883580234 0.8835179272074618 387
1772883580318 0.883616358756461 388
1772883580436 0.8838524597697593 389
1772883580537 0.8840456796174141 390
1772883580636 0.8841731063226115 391
1772883580723 0.8842971903573078 392
1772883580813 0.8843951513318646 393
1772883580921 0.8846020229593393 394
1772883581030 0.8848539951449542 395
1772883581145 0.8851373563268986 396
1772883581234 0.8851955445766876 397
1772883581342 0.8853687587206284 398
1772883581452 0.8855882366667001 399
1772883581554 0.885776154397258 400
1772883581647 0.8859130632832295 401
1772883581770 0.8861034691469286 402
1772883581865 0.8862885869205901 403
1772883581966 0.8864578377523179 404
1772883582054 0.8865904716136471 405
1772883582144 0.8867099301698699 406
1772883582236 0.8868470357686494 407
1772883582330 0.886988807813822 408
1772883582430 0.8871206257678674 409
1772883582620 0.8873278967212292 410
1772883582721 0.8875029867060393 411
1772883582825 0.8877183462629645 412
1772883582918 0.8878895729061907 413
1772883583030 0.888102447447099 414
1772883583135 0.8882561726620033 415
1772883583246 0.8884086009305497 416
1772883583344 0.8885313542871505 417
1772883583458 0.8887306946083551 418
1772883583552 0.8889077274522068 419
1772883583653 0.8891614719456342 420
1772883583756 0.8893237308449206 421
1772883583854 0.8894849116645048 422
1772883583969 0.8897080159393883 423
1772883584068 0.8899008957978435 424
1772883584165 0.8900110581988169 425
1772883584259 0.8900545889508978 426
1772883584355 0.8901612974668284 427
1772883584458 0.8903049512531412 428
1772883584559 0.8903984999382609 429
1772883584668 0.8905191765108013 430
1772883584776 0.8906519962863294 431
1772883584887 0.890751675464327 432
1772883584983 0.8908906944207933 433
1772883585076 0.8910615906488444 434
1772883585164 0.8911730709254386 435
1772883585277 0.891305684414134 436
1772883585388 0.8913964624210605 437
1772883585500 0.891547369532952 438
1772883585608 0.8917200013312793 439
1772883585722 0.8919146639621783 440
1772883585815 0.8920020802618804 441
1772883585904 0.8921165675614848 442
1772883585988 0.8922132644308148 443
1772883586086 0.8924118964968497 444
1772883586220 0.8925529683023149 445
1772883586339 0.8926964320553716 446
1772883586454 0.8928583214641033 447
1772883586561 0.8930199812075701 448
1772883586653 0.8931435268703707 449
1772883586772 0.8933464299533166 450
1772883586898 0.8935652937145767 451
1772883586998 0.8937379813984895 452
1772883587099 0.8939384962075975 453
1772883587199 0.8940652745509419 454
1772883587282 0.8941356250404419 455
1772883587382 0.894374179230559 456
1772883587473 0.8944189315613853 457
1772883587559 0.8945415814962551 458
1772883587658 0.8947380861249598 459
1772883587751 0.8948727673803203 460
1772883587846 0.8950390940154834 461
1772883587949 0.8951904906272147 462
1772883588055 0.8953431953178905 463
1772883588163 0.8954710173412438 464
1772883588276 0.8957415639138928 465
1772883588377 0.89587185837344 466
1772883588467 0.8959264089391786 467
1772883588551 0.8959975381531227 468
1772883588655 0.8961619258256496 469
1772883588810 0.8962041128745084 470
1772883588941 0.8964447686743543 471
1772883589044 0.8966296925183544 472
1772883589137 0.8967130730327038 473
1772883589232 0.8967660000219891 474
1772883589337 0.896853207140386 475
1772883589454 0.8970552461119474 476
1772883589554 0.8972377717741074 477
1772883589672 0.8973178891046251 478
1772883589794 0.8974825690075544 479
1772883589917 0.8975870924193554 480
1772883590032 0.897869572234406 481
1772883590136 0.898064136564564 482
1772883590225 0.8982110460758752 483
1772883590311 0.8982863600291828 484
1772883590402 0.8983677167505848 485
1772883590497 0.8984072000280968 486
1772883590602 0.8985491647783461 487
1772883590706 0.8987014025683332 488
1772883590801 0.8987796468411283 489
1772883590902 0.8989050799226884 490
1772883591002 0.8990468103319863 491
1772883591104 0.8991627064604454 492
1772883591224 0.8993362786283764 493
1772883591353 0.8994095705699506 494
1772883591451 0.8994524293590948 495
1772883591558 0.899571592345139 496
1772883591666 0.8996944224052624 497
1772883591766 0.899843473380963 498
1772883591882 0.8999973051347226 499
1772883591987 0.9001121073752065 500
1772883592089 0.9002540527547548 501
1772883592185 0.9004054213123674 502
1772883592284 0.9005238037927539 503
1772883592387 0.9006350334748201 504
1772883592492 0.9007584163792022 505
1772883592599 0.9008626727202468 506
1772883592707 0.9010208883753471 507
1772883592818 0.9012179947203662 508
1772883592917 0.9013598147469877 509
1772883593022 0.9015060865837292 510
1772883593142 0.9016068169005688 511
1772883593250 0.9017337987475992 512
1772883593340 0.9018362329068426 513
1772883593442 0.9019821560709668 514
1772883593563 0.9021317130227356 515
1772883593686 0.9023381844337163 516
1772883593803 0.9024256758783791 517
1772883593908 0.9025288169568818 518
1772883594012 0.9026506017784343 519
1772883594105 0.9027748152851146 520
1772883594194 0.9028654315355555 521
1772883594309 0.9030153329295588 522
1772883594420 0.9032702211849502 523
1772883594538 0.9034672435902651 524
1772883594634 0.9035487455919242 525
1772883594740 0.9037253348021935 526
1772883594841 0.9038304012615768 527
1772883594936 0.9039591470669796 528
1772883595034 0.9040828435763306 529
1772883595138 0.9042610407774319 530
1772883595237 0.9043843972975832 531
1772883595342 0.9045298060248731 532
1772883595452 0.90469542485017 533
1772883595565 0.9048385725490885 534
1772883595667 0.9049432335596619 535
1772883595766 0.9050469916061231 536
1772883595881 0.9051140346040963 537
1772883595996 0.9052643051546767 538
1772883596110 0.9054419050924981 539
1772883596210 0.9055547301855731 540
1772883596308 0.905675182547816 541
1772883596406 0.9058128830720321 542
1772883596511 0.9059236587672103 543
1772883596625 0.9060913807607981 544
1772883596722 0.906275342637976 545
1772883596817 0.9063885177395788 546
1772883596922 0.9065311552320462 547
1772883597030 0.9066114245223732 548
1772883597131 0.9068207322938089 549
1772883597226 0.9069133672162072 550
1772883597321 0.9070560315382086 551
1772883597422 0.9071536369379443 552
1772883597521 0.9073164987781296 553
1772883597609 0.9073951578511074 554
1772883597718 0.90758678184245 555
1772883597845 0.9077884209314949 556
1772883597944 0.9078812827360115 557
1772883598061 0.908068108471134 558
1772883598169 0.9081332620464819 559
1772883598281 0.9082745882315546 560
1772883598399 0.9083743944323671 561
1772883598502 0.9084730908256055 562
1772883598593 0.9085956991246006 563
1772883598686 0.9086583663480213 564
1772883598777 0.9087247435059803 565
1772883598880 0.9088347470449406 566
1772883598983 0.9089384723615966 567
1772883599113 0.9090382958179186 568
1772883599222 0.909105387465296 569
1772883599331 0.9092070174064718 570
1772883599459 0.9093494002966799 571
1772883599575 0.9094425670227478 572
1772883599696 0.9095337887745826 573
1772883599795 0.9096336983971262 574
1772883599899 0.9097915640436988 575
1772883599991 0.9098915441355165 576
1772883600089 0.9099746073711431 577
1772883600183 0.9100897107480989 578
1772883600289 0.9102172757200238 579
1772883600422 0.9103349057488709 580
1772883600537 0.9104238961963411 581
1772883600637 0.9105509693305829 582
1772883600756 0.9106700233286027 583
1772883600861 0.9107443785435385 584
1772883600974 0.9108721620481416 585
1772883601076 0.9109856211420326 586
1772883601172 0.9110953239898245 587
1772883601273 0.9112381195650239 588
1772883601372 0.9112790076636593 589
1772883601497 0.9113896637948556 590
1772883601612 0.9115114222321774 591
1772883601718 0.9116225274519236 592
1772883601823 0.9116853624434268 593
1772883601926 0.9117754704912819 594
1772883602019 0.9118285235014495 595
1772883602139 0.9119872934480447 596
1772883602244 0.9120434416513096 597
1772883602337 0.9121268037968907 598
1772883602430 0.9121605000218266 599
1772883602524 0.9122413128050393 600
1772883602631 0.9124075231046708 601
1772883602723 0.9124724702818602 602
1772883602828 0.9125909169972722 603
1772883602928 0.9127476326476324 604
1772883603032 0.9129260620744933 605
1772883603123 0.9130011366771856 606
1772883603282 0.9131415091335504 607
1772883603386 0.9132452877752971 608
1772883603516 0.9133663141337135 609
1772883603624 0.9134754394229042 610
1772883603727 0.9135134164614274 611
1772883603852 0.9136340125453655 612
1772883603987 0.9137642153837235 613
1772883604111 0.9138424322703552 614
1772883604212 0.9138844335163411 615
1772883604313 0.9139790731949634 616
1772883604408 0.9140776030447036 617
1772883604508 0.9141746843222546 618
1772883604692 0.9142791789006559 619
1772883604777 0.9143290846172201 620
1772883604869 0.9144224274608106 621
1772883604954 0.9144665577026887 622
1772883605042 0.9145153950249013 623
1772883605131 0.9146834369690326 624
1772883605219 0.9147476072029921 625
1772883605313 0.9148079769944827 626
1772883605410 0.9149351645717164 627
1772883605499 0.914975797845441 628
1772883605616 0.9151062099764302 629
1772883605707 0.9152003466847827 630
1772883605809 0.9153607830682903 631
1772883605909 0.9155163446033808 632
1772883606027 0.9156601255238344 633
1772883606133 0.915753326983573 634
1772883606228 0.9158261025957732 635
1772883606309 0.9158693967803856 636
1772883606398 0.9159150325932973 637
1772883606490 0.9159880378707624 638
1772883606591 0.9161397874968199 639
1772883606695 0.9162596156549232 640
1772883606797 0.9164022845412851 641
1772883606888 0.9164883207342064 642
1772883606972 0.9165511709773534 643
1772883607070 0.9166756269517735 644
1772883607169 0.9167920271637611 645
1772883607264 0.9169373869076691 646
1772883607369 0.9171502588880824 647
1772883607454 0.9172389451932823 648
1772883607540 0.9173078432141877 649
1772883607643 0.917448830745971 650
1772883607769 0.91757085057643 651
1772883607867 0.9176498376154139 652
1772883607977 0.9177776635351724 653
1772883608077 0.9179234443135119 654
1772883608177 0.9180469543520348 655
1772883608264 0.9181450236466607 656
1772883608360 0.9182572404551951 657
1772883608467 0.9183339948539039 658
1772883608563 0.9184737628108075 659
1772883608647 0.9185504608786274 660
1772883608741 0.9186716452084498 661
1772883608835 0.9187739779498278 662
1772883608929 0.9189262659477813 663
1772883609031 0.9190129629710526 664
1772883609134 0.9191663099006587 665
1772883609221 0.9192593281180192 666
1772883609318 0.919379752871447 667
1772883609418 0.9194882590774879 668
1772883609516 0.9196230654631236 669
1772883609613 0.9196975214279696 670
1772883609709 0.9198062955953737 671
1772883609836 0.9199331988463416 672
1772883609932 0.9200387277533789 673
1772883610038 0.9201672491258326 674
1772883610137 0.9203063997808003 675
1772883610252 0.9204285371713754 676
1772883610342 0.9205505689137022 677
1772883610430 0.9206031497908652 678
1772883610516 0.9206709791947673 679
1772883610610 0.920790538723552 680
1772883610711 0.9209807927387677 681
1772883610824 0.9210838360731587 682
1772883610925 0.9212217513449734 683
1772883611030 0.9213808922293596 684
1772883611120 0.9214720311547488 685
1772883611206 0.9215536673040785 686
1772883611305 0.9216678297548012 687
1772883611388 0.9217304931931424 688
1772883611487 0.9218401375948537 689
1772883611577 0.9219726252853188 690
1772883611677 0.9220504747965873 691
1772883611763 0.9221025434634333 692
1772883611860 0.922187528183535 693
1772883611962 0.922293132124207 694
1772883612072 0.9224032916307079 695
1772883612183 0.9225976737204206 696
1772883612285 0.9227084299335718 697
1772883612398 0.922918195588301 698
1772883612494 0.9230605406277141 699
1772883612589 0.9231228649674625 700
1772883612685 0.9232703925599908 701
1772883612773 0.9233531548817971 702
1772883612878 0.9235074058887741 703
1772883612974 0.9236321346115698 704
1772883613073 0.9237533888540372 705
1772883613161 0.9238026694758547 706
1772883613256 0.9238963552031174 707
1772883613355 0.924096461668943 708
1772883613453 0.924172069745193 709
1772883613582 0.9243081331112 710
1772883613674 0.9244000977405493 711
1772883613767 0.9244992888659432 712
1772883613849 0.924568902155548 713
1772883613938 0.9247020131595458 714
1772883614031 0.9248350172907107 715
1772883614133 0.9249738594616993 716
1772883614221 0.9250610034583292 717
1772883614316 0.9251604836970013 718
1772883614414 0.9252390873296971 719
1772883614516 0.9253848893712773 720
1772883614605 0.9254434861870002 721
1772883614700 0.9255193283815498 722
1772883614789 0.925574893571246 723
1772883614875 0.9256408638331588 724
1772883614985 0.9257964773574295 725
1772883615074 0.925866519808254 726
1772883615166 0.9260102126699462 727
1772883615264 0.9261239253641638 728
1772883615362 0.9262015173787005 729
1772883615457 0.9262552692926649 730
1772883615544 0.9263071316726782 731
1772883615656 0.9264244556667153 732
1772883615752 0.926509204042 733
1772883615842 0.9266113274907469 734
1772883615929 0.9267158138310341 735
1772883616023 0.9267717108831416 736
1772883616104 0.9267931463449733 737
1772883616200 0.9268713354001381 738
1772883616297 0.9269957929331203 739
1772883616380 0.9270425151751741 740
1772883616475 0.9271023704185047 741
1772883616571 0.9272203598072525 742
1772883616676 0.9273714374703731 743
1772883616769 0.9274923119803061 744
1772883616858 0.9275906392169674 745
1772883616954 0.9276944350028976 746
1772883617039 0.9277685318304947 747
1772883617140 0.927902629626983 748
1772883617232 0.9280044438124697 749
1772883617326 0.9280487912511156 750
1772883617422 0.9281342385301972 751
1772883617521 0.9282392788280015 752
1772883617613 0.9283239419276716 753
1772883617710 0.9284223659065118 754
1772883617806 0.9286086363482066 755
1772883617900 0.9287180896034033 756
1772883617989 0.9288308044838693 757
1772883618073 0.9288840556540812 758
1772883618156 0.9289118457077624 759
1772883618240 0.9289589503541714 760
1772883618324 0.9289976266304691 761
1772883618421 0.9291452637676512 762
1772883618524 0.9292011745128403 763
1772883618631 0.9292989166207414 764
1772883618717 0.929367851379183 765
1772883618816 0.9294112866136696 766
1772883618919 0.9295235934848308 767
1772883619010 0.9296390381868966 768
1772883619102 0.9297043704402622 769
1772883619196 0.9298137052447357 770
1772883619290 0.9299272958144764 771
1772883619379 0.9300278984405459 772
1772883619462 0.9300606629792957 773
1772883619557 0.9301561712223372 774
1772883619659 0.9303325401187145 775
1772883619758 0.9304569856285029 776
1772883619872 0.9305396239332928 777
1772883619966 0.9306576692076262 778
1772883620063 0.9307235450652033 779
1772883620154 0.9308172892385466 780
1772883620258 0.9309465620606066 781
1772883620352 0.9310978866445015 782
1772883620445 0.9311425805292474 783
1772883620540 0.9313049593264932 784
1772883620639 0.931434447564107 785
1772883620728 0.9315197681543512 786
1772883620824 0.9316087324402424 787
1772883620959 0.9317064511697114 788
1772883621077 0.931819767655166 789
1772883621182 0.9318877245271865 790
1772883621271 0.9319559960061088 791
1772883621391 0.9320059751977455 792
1772883621487 0.9321092997412782 793
1772883621586 0.9322394285479344 794
1772883621682 0.9323363222413983 795
1772883621783 0.9323825194706604 796
1772883621869 0.9324394890361766 797
1772883621963 0.9325106774754822 798
1772883622062 0.932602065770815 799
1772883622145 0.9326873854704523 800
1772883622240 0.9328046589225454 801
1772883622325 0.9328540776997646 802
1772883622429 0.9329966236823687 803
1772883622531 0.9331712295109806 804
1772883622630 0.9332957119809571 805
1772883623226 0.9130011366771856 806
